cr714__answersid,cr714_basescore,cr714_explanation,cr714_howcalculated,importsequencenumber,cr714_name,cr714_response,statuscode,statecode,timezoneruleversionnumber,utcconversiontimezonecode,versionnumber,owningbusinessunit,cr714_parentid,cr714_questionid
c1e6309e-dead-f111-aaac-70a8a53eb3d2,0,Demo validation justification,,,,No impact,1,0,,,27062006,04d25798-3a42-ee11-bdf5-000d3a8fd327,ac3e0298-dead-f111-aaac-7ced8d1ca135,cba1c26b-9289-f011-b4cc-7c1e527d2157
f9320f9f-dead-f111-aaac-7ced8d1ca135,0,Demo validation justification,,,,No impact,1,0,,,27062004,04d25798-3a42-ee11-bdf5-000d3a8fd327,ac3e0298-dead-f111-aaac-7ced8d1ca135,09e36ed6-9189-f011-b4cc-002248271486
a357b4a1-dead-f111-aaac-0022481fc755,0,Demo validation justification,,,,No impact,1,0,,,27062002,04d25798-3a42-ee11-bdf5-000d3a8fd327,ac3e0298-dead-f111-aaac-7ced8d1ca135,c91de0e9-9189-f011-b4cc-7c1e527d2157
2d725da2-dead-f111-aaac-000d3a8cdfc7,0,Demo validation justification,,,,No impact,1,0,,,27062000,04d25798-3a42-ee11-bdf5-000d3a8fd327,ac3e0298-dead-f111-aaac-7ced8d1ca135,31d4e7e3-9189-f011-b4cc-7c1e527d2157
c7009d9f-dead-f111-aaac-7c1e5215f4b4,0,Demo validation justification,,,,No impact,1,0,,,27061998,04d25798-3a42-ee11-bdf5-000d3a8fd327,ac3e0298-dead-f111-aaac-7ced8d1ca135,124ef45c-9289-f011-b4cc-002248271486
54c3a7a1-dead-f111-aaac-7c1e52fd84c7,0,Demo validation justification,,,,No impact,1,0,,,27061994,04d25798-3a42-ee11-bdf5-000d3a8fd327,ac3e0298-dead-f111-aaac-7ced8d1ca135,23511df6-9189-f011-b4cc-7c1e527d2157
5fc3a7a1-dead-f111-aaac-7c1e52fd84c7,0,Demo validation justification,,,,No impact,1,0,,,27061991,04d25798-3a42-ee11-bdf5-000d3a8fd327,ac3e0298-dead-f111-aaac-7ced8d1ca135,a633db83-9289-f011-b4cc-7c1e527d2157
bee6309e-dead-f111-aaac-70a8a53eb3d2,0,Demo validation justification,,,,No impact,1,0,,,27061988,04d25798-3a42-ee11-bdf5-000d3a8fd327,ac3e0298-dead-f111-aaac-7ced8d1ca135,40a9de76-9289-f011-b4cc-7c1e527cd923
03019d9f-dead-f111-aaac-7c1e5215f4b4,0,Demo validation justification,,,,No impact,1,0,,,27061986,04d25798-3a42-ee11-bdf5-000d3a8fd327,ac3e0298-dead-f111-aaac-7ced8d1ca135,c29afc0a-9289-f011-b4cc-7c1e527d2157
10c3a7a1-dead-f111-aaac-7c1e52fd84c7,0,Demo validation justification,,,,No impact,1,0,,,27061983,04d25798-3a42-ee11-bdf5-000d3a8fd327,ac3e0298-dead-f111-aaac-7ced8d1ca135,6e1c0e50-9289-f011-b4cc-002248271486
2c725da2-dead-f111-aaac-000d3a8cdfc7,0,Demo validation justification,,,,No impact,1,0,,,27061865,04d25798-3a42-ee11-bdf5-000d3a8fd327,ac3e0298-dead-f111-aaac-7ced8d1ca135,740adf46-9289-f011-b4cc-7c1e527cd923
f7320f9f-dead-f111-aaac-7ced8d1ca135,0,Demo validation justification,,,,No impact,1,0,,,27061862,04d25798-3a42-ee11-bdf5-000d3a8fd327,ac3e0298-dead-f111-aaac-7ced8d1ca135,fc7f63d0-9189-f011-b4cc-002248271486
11019d9f-dead-f111-aaac-7c1e5215f4b4,0,Demo validation justification,,,,No impact,1,0,,,27061860,04d25798-3a42-ee11-bdf5-000d3a8fd327,ac3e0298-dead-f111-aaac-7ced8d1ca135,300edd89-9289-f011-b4cc-7c1e527d2157
31c3a7a1-dead-f111-aaac-7c1e52fd84c7,0,Demo validation justification,,,,No impact,1,0,,,27061858,04d25798-3a42-ee11-bdf5-000d3a8fd327,ac3e0298-dead-f111-aaac-7ced8d1ca135,3182c040-9289-f011-b4cc-7c1e527cd923
8761e80f-0fad-f111-aaac-7c1e52fd84c7,15,Engineering will not hit benchmark targets if this is not completed.,N/A,,,Critical Impact,1,0,,,27054474,04d25798-3a42-ee11-bdf5-000d3a8fd327,9d6f22fc-0ead-f111-aaac-7c1e5215f4b4,124ef45c-9289-f011-b4cc-002248271486
5dc8f412-0fad-f111-aaac-7c1e527cdbd8,15,B - financial benefit will be in the form of FTE hours.,Optimizing processes and removing work will require less resources to support the site.,,,Critical Impact,1,0,,,27054472,04d25798-3a42-ee11-bdf5-000d3a8fd327,9d6f22fc-0ead-f111-aaac-7c1e5215f4b4,740adf46-9289-f011-b4cc-7c1e527cd923
e3ba0b16-0fad-f111-aaac-0022481fc755,5,The design and implementation phase of this project will be a variety of complex and simple changes across the Site Engineering Team.  This lands in an area that will be medium complex where the team will run into known technical issues as highlighted by the levers and the team coaches and leaders have experience in the Transformation processes and the SMEs have experience in their technical scopes.,,,,Moderate Impact,1,0,,,27054470,04d25798-3a42-ee11-bdf5-000d3a8fd327,9d6f22fc-0ead-f111-aaac-7c1e5215f4b4,cba1c26b-9289-f011-b4cc-7c1e527d2157
ba951214-0fad-f111-aaac-7c1e5215f4b4,5,"Resources will be utilized across Site Engineering to support the Transformation efforts.  As the first section of work is the diagnostic, it is assumed that there will be 12 weeks of support for this phase.",a change leader at 80% of time (384hrs) and 40 hours per week across the four workstreams being evaluated (480hrs),,,Moderate Impact,1,0,,,27054468,04d25798-3a42-ee11-bdf5-000d3a8fd327,9d6f22fc-0ead-f111-aaac-7c1e5215f4b4,a633db83-9289-f011-b4cc-7c1e527d2157
862fe315-0fad-f111-aaac-7c1e52fd84c7,1,Option C - This will not impact production.,This is an assessment on process improvement and not changing production systems.,,,Low Impact,1,0,,,27054465,04d25798-3a42-ee11-bdf5-000d3a8fd327,9d6f22fc-0ead-f111-aaac-7c1e5215f4b4,40a9de76-9289-f011-b4cc-7c1e527cd923
952fe315-0fad-f111-aaac-7c1e52fd84c7,1,The project will conduct the Transformation steps from diagnostic through Implementation with internal resources.,N/A,,,Low Impact,1,0,,,27054458,04d25798-3a42-ee11-bdf5-000d3a8fd327,9d6f22fc-0ead-f111-aaac-7c1e5215f4b4,300edd89-9289-f011-b4cc-7c1e527d2157
5fc8f412-0fad-f111-aaac-7c1e527cdbd8,0,,,,,No Impact,1,0,,,27052779,04d25798-3a42-ee11-bdf5-000d3a8fd327,9d6f22fc-0ead-f111-aaac-7c1e5215f4b4,c29afc0a-9289-f011-b4cc-7c1e527d2157
56685515-0fad-f111-aaac-000d3a8cdfc7,0,,,,,No Impact,1,0,,,27052778,04d25798-3a42-ee11-bdf5-000d3a8fd327,9d6f22fc-0ead-f111-aaac-7c1e5215f4b4,23511df6-9189-f011-b4cc-7c1e527d2157
4f4c6514-0fad-f111-aaac-000d3a99ae1b,0,,,,,No Impact,1,0,,,27052777,04d25798-3a42-ee11-bdf5-000d3a8fd327,9d6f22fc-0ead-f111-aaac-7c1e5215f4b4,c91de0e9-9189-f011-b4cc-7c1e527d2157
9e951214-0fad-f111-aaac-7c1e5215f4b4,0,,,,,No Impact,1,0,,,27052776,04d25798-3a42-ee11-bdf5-000d3a8fd327,9d6f22fc-0ead-f111-aaac-7c1e5215f4b4,31d4e7e3-9189-f011-b4cc-7c1e527d2157
5cc8f412-0fad-f111-aaac-7c1e527cdbd8,0,,,,,No Impact,1,0,,,27052772,04d25798-3a42-ee11-bdf5-000d3a8fd327,9d6f22fc-0ead-f111-aaac-7c1e5215f4b4,3182c040-9289-f011-b4cc-7c1e527cd923
114c6514-0fad-f111-aaac-000d3a99ae1b,0,,,,,No Impact,1,0,,,27052768,04d25798-3a42-ee11-bdf5-000d3a8fd327,9d6f22fc-0ead-f111-aaac-7c1e5215f4b4,6e1c0e50-9289-f011-b4cc-002248271486
55685515-0fad-f111-aaac-000d3a8cdfc7,0,,,,,No Impact,1,0,,,27052766,04d25798-3a42-ee11-bdf5-000d3a8fd327,9d6f22fc-0ead-f111-aaac-7c1e5215f4b4,09e36ed6-9189-f011-b4cc-002248271486
59ebe70f-0fad-f111-aaac-0022481fc755,0,,,,,No Impact,1,0,,,27052764,04d25798-3a42-ee11-bdf5-000d3a8fd327,9d6f22fc-0ead-f111-aaac-7c1e5215f4b4,fc7f63d0-9189-f011-b4cc-002248271486
f6e4e2e7-77ac-f111-aaac-7c1e52fd84c7,5,Solution does not exist nd need to be built from scratch,,,,Moderate Impact,1,0,,,26990660,04d25798-3a42-ee11-bdf5-000d3a8fd327,b6bf7fc9-5eac-f111-aaac-7c1e527cdbd8,cba1c26b-9289-f011-b4cc-7c1e527d2157
f0e4e2e7-77ac-f111-aaac-7c1e52fd84c7,0,NA,,,,No Impact,1,0,,,26990658,04d25798-3a42-ee11-bdf5-000d3a8fd327,b6bf7fc9-5eac-f111-aaac-7c1e527cdbd8,c91de0e9-9189-f011-b4cc-7c1e527d2157
eee4e2e7-77ac-f111-aaac-7c1e52fd84c7,0,NA,,,,No Impact,1,0,,,26990656,04d25798-3a42-ee11-bdf5-000d3a8fd327,b6bf7fc9-5eac-f111-aaac-7c1e527cdbd8,09e36ed6-9189-f011-b4cc-002248271486
7098e1e7-77ac-f111-aaac-70a8a53eb3d2,0,NA,,,,No Impact,1,0,,,26990654,04d25798-3a42-ee11-bdf5-000d3a8fd327,b6bf7fc9-5eac-f111-aaac-7c1e527cdbd8,31d4e7e3-9189-f011-b4cc-7c1e527d2157
d78ad6e7-77ac-f111-aaac-7c1e5215f4b4,10,Part of MBO Transformation,,,,High Impact,1,0,,,26990652,04d25798-3a42-ee11-bdf5-000d3a8fd327,b6bf7fc9-5eac-f111-aaac-7c1e527cdbd8,124ef45c-9289-f011-b4cc-002248271486
f1e4e2e7-77ac-f111-aaac-7c1e52fd84c7,0,NA,,,,No Impact,1,0,,,26990650,04d25798-3a42-ee11-bdf5-000d3a8fd327,b6bf7fc9-5eac-f111-aaac-7c1e527cdbd8,23511df6-9189-f011-b4cc-7c1e527d2157
f7e4e2e7-77ac-f111-aaac-7c1e52fd84c7,5,"Local resources, but necessary to build utomation solutions",,,,Moderate Impact,1,0,,,26990648,04d25798-3a42-ee11-bdf5-000d3a8fd327,b6bf7fc9-5eac-f111-aaac-7c1e527cdbd8,a633db83-9289-f011-b4cc-7c1e527d2157
98ea31ec-77ac-f111-aaac-000d3a99ae1b,1,NA,,,,Low Impact,1,0,,,26990646,04d25798-3a42-ee11-bdf5-000d3a8fd327,b6bf7fc9-5eac-f111-aaac-7c1e527cdbd8,40a9de76-9289-f011-b4cc-7c1e527cd923
c01535ec-77ac-f111-aaac-7c1e527cdbd8,1,SIngle source of failure for EM trending and Assay Control,,,,Low Impact,1,0,,,26990644,04d25798-3a42-ee11-bdf5-000d3a8fd327,b6bf7fc9-5eac-f111-aaac-7c1e527cdbd8,c29afc0a-9289-f011-b4cc-7c1e527d2157
bdb08ce9-77ac-f111-aaac-0022481fc755,0,NA,,,,No Impact,1,0,,,26990642,04d25798-3a42-ee11-bdf5-000d3a8fd327,b6bf7fc9-5eac-f111-aaac-7c1e527cdbd8,6e1c0e50-9289-f011-b4cc-002248271486
c3b08ce9-77ac-f111-aaac-0022481fc755,10,0.56 OY,,,,High Impact,1,0,,,26990640,04d25798-3a42-ee11-bdf5-000d3a8fd327,b6bf7fc9-5eac-f111-aaac-7c1e527cdbd8,740adf46-9289-f011-b4cc-7c1e527cd923
ce8ad6e7-77ac-f111-aaac-7c1e5215f4b4,0,NA,,,,No Impact,1,0,,,26990638,04d25798-3a42-ee11-bdf5-000d3a8fd327,b6bf7fc9-5eac-f111-aaac-7c1e527cdbd8,fc7f63d0-9189-f011-b4cc-002248271486
7f98e1e7-77ac-f111-aaac-70a8a53eb3d2,1,Only local resources,,,,Low Impact,1,0,,,26990636,04d25798-3a42-ee11-bdf5-000d3a8fd327,b6bf7fc9-5eac-f111-aaac-7c1e527cdbd8,300edd89-9289-f011-b4cc-7c1e527d2157
de8ad6e7-77ac-f111-aaac-7c1e5215f4b4,5,Part of GLIMS implementation and Digital enabler,,,,Moderate Impact,1,0,,,26990634,04d25798-3a42-ee11-bdf5-000d3a8fd327,b6bf7fc9-5eac-f111-aaac-7c1e527cdbd8,3182c040-9289-f011-b4cc-7c1e527cd923
089aad3e-77ac-f111-aaac-70a8a53eb3d2,1,Low complexity and local resources can implement,,,,Low Impact,1,0,,,26990607,04d25798-3a42-ee11-bdf5-000d3a8fd327,09d20795-5fac-f111-aaac-000d3a8cdfc7,cba1c26b-9289-f011-b4cc-7c1e527d2157
a6e0b439-77ac-f111-aaac-7c1e5215f4b4,0,NA,,,,No Impact,1,0,,,26990605,04d25798-3a42-ee11-bdf5-000d3a8fd327,09d20795-5fac-f111-aaac-000d3a8cdfc7,c91de0e9-9189-f011-b4cc-7c1e527d2157
48ce883b-77ac-f111-aaac-0022481fc755,0,NA,,,,No Impact,1,0,,,26990603,04d25798-3a42-ee11-bdf5-000d3a8fd327,09d20795-5fac-f111-aaac-000d3a8cdfc7,31d4e7e3-9189-f011-b4cc-7c1e527d2157
4c45ec3d-77ac-f111-aaac-000d3a8cdfc7,0,NA,,,,No Impact,1,0,,,26990601,04d25798-3a42-ee11-bdf5-000d3a8fd327,09d20795-5fac-f111-aaac-000d3a8cdfc7,09e36ed6-9189-f011-b4cc-002248271486
6ea5b238-77ac-f111-aaac-70a8a53eb3d2,10,Part of MBO Transformation,,,,High Impact,1,0,,,26990599,04d25798-3a42-ee11-bdf5-000d3a8fd327,09d20795-5fac-f111-aaac-000d3a8cdfc7,124ef45c-9289-f011-b4cc-002248271486
b7adeb3d-77ac-f111-aaac-7c1e527cdbd8,0,NA,,,,No Impact,1,0,,,26990597,04d25798-3a42-ee11-bdf5-000d3a8fd327,09d20795-5fac-f111-aaac-000d3a8cdfc7,23511df6-9189-f011-b4cc-7c1e527d2157
8345ec3d-77ac-f111-aaac-000d3a8cdfc7,1,local resources for implementation,,,,Low Impact,1,0,,,26990595,04d25798-3a42-ee11-bdf5-000d3a8fd327,09d20795-5fac-f111-aaac-000d3a8cdfc7,a633db83-9289-f011-b4cc-7c1e527d2157
7adc283a-77ac-f111-aaac-000d3a99ae1b,1,NA,,,,Low Impact,1,0,,,26990593,04d25798-3a42-ee11-bdf5-000d3a8fd327,09d20795-5fac-f111-aaac-000d3a8cdfc7,40a9de76-9289-f011-b4cc-7c1e527cd923
8045ec3d-77ac-f111-aaac-000d3a8cdfc7,1,No standards in place,,,,Low Impact,1,0,,,26990590,04d25798-3a42-ee11-bdf5-000d3a8fd327,09d20795-5fac-f111-aaac-000d3a8cdfc7,c29afc0a-9289-f011-b4cc-7c1e527d2157
2ece883b-77ac-f111-aaac-0022481fc755,0,NA,,,,No Impact,1,0,,,26990588,04d25798-3a42-ee11-bdf5-000d3a8fd327,09d20795-5fac-f111-aaac-000d3a8cdfc7,6e1c0e50-9289-f011-b4cc-002248271486
3cce883b-77ac-f111-aaac-0022481fc755,5,Reduction of  0.07 OY in contractors,,,,Moderate Impact,1,0,,,26990586,04d25798-3a42-ee11-bdf5-000d3a8fd327,09d20795-5fac-f111-aaac-000d3a8cdfc7,740adf46-9289-f011-b4cc-7c1e527cd923
6ddc283a-77ac-f111-aaac-000d3a99ae1b,0,NA,,,,No Impact,1,0,,,26990584,04d25798-3a42-ee11-bdf5-000d3a8fd327,09d20795-5fac-f111-aaac-000d3a8cdfc7,fc7f63d0-9189-f011-b4cc-002248271486
7ddc283a-77ac-f111-aaac-000d3a99ae1b,1,Only local resources,,,,Low Impact,1,0,,,26990582,04d25798-3a42-ee11-bdf5-000d3a8fd327,09d20795-5fac-f111-aaac-000d3a8cdfc7,300edd89-9289-f011-b4cc-7c1e527d2157
9ec3ce3d-77ac-f111-aaac-7c1e52fd84c7,1,Necessary to standarize QC processes for future automation,,,,Low Impact,1,0,,,26990580,04d25798-3a42-ee11-bdf5-000d3a8fd327,09d20795-5fac-f111-aaac-000d3a8cdfc7,3182c040-9289-f011-b4cc-7c1e527cd923
f2733b75-75ac-f111-aaac-000d3a8cdfc7,1,Local resources have capability to implement,,,,Low Impact,1,0,,,26990553,04d25798-3a42-ee11-bdf5-000d3a8fd327,257ef099-74ac-f111-aaac-7c1e52fd84c7,cba1c26b-9289-f011-b4cc-7c1e527d2157
efcdf06e-75ac-f111-aaac-7c1e527cdbd8,0,NA,,,,No Impact,1,0,,,26990551,04d25798-3a42-ee11-bdf5-000d3a8fd327,257ef099-74ac-f111-aaac-7c1e52fd84c7,09e36ed6-9189-f011-b4cc-002248271486
e2be1f72-75ac-f111-aaac-7c1e5215f4b4,0,NA,,,,No Impact,1,0,,,26990549,04d25798-3a42-ee11-bdf5-000d3a8fd327,257ef099-74ac-f111-aaac-7c1e52fd84c7,31d4e7e3-9189-f011-b4cc-7c1e527d2157
0a1ed573-75ac-f111-aaac-0022481fc755,0,NA,,,,No Impact,1,0,,,26990547,04d25798-3a42-ee11-bdf5-000d3a8fd327,257ef099-74ac-f111-aaac-7c1e52fd84c7,c91de0e9-9189-f011-b4cc-7c1e527d2157
cdbe1f72-75ac-f111-aaac-7c1e5215f4b4,10,Part of MBO Transformation,,,,High Impact,1,0,,,26990545,04d25798-3a42-ee11-bdf5-000d3a8fd327,257ef099-74ac-f111-aaac-7c1e52fd84c7,124ef45c-9289-f011-b4cc-002248271486
38170675-75ac-f111-aaac-7c1e527cdbd8,0,NA,,,,No Impact,1,0,,,26990543,04d25798-3a42-ee11-bdf5-000d3a8fd327,257ef099-74ac-f111-aaac-7c1e52fd84c7,23511df6-9189-f011-b4cc-7c1e527d2157
ecbe1f72-75ac-f111-aaac-7c1e5215f4b4,1,Project almost completed,,,,Low Impact,1,0,,,26990541,04d25798-3a42-ee11-bdf5-000d3a8fd327,257ef099-74ac-f111-aaac-7c1e52fd84c7,a633db83-9289-f011-b4cc-7c1e527d2157
809e3b6f-75ac-f111-aaac-000d3a8cdfc7,1,NA,,,,Low Impact,1,0,,,26990539,04d25798-3a42-ee11-bdf5-000d3a8fd327,257ef099-74ac-f111-aaac-7c1e52fd84c7,40a9de76-9289-f011-b4cc-7c1e527cd923
819e3b6f-75ac-f111-aaac-000d3a8cdfc7,0,NA,,,,No Impact,1,0,,,26990537,04d25798-3a42-ee11-bdf5-000d3a8fd327,257ef099-74ac-f111-aaac-7c1e52fd84c7,c29afc0a-9289-f011-b4cc-7c1e527d2157
cabe1f72-75ac-f111-aaac-7c1e5215f4b4,0,NA,,,,No Impact,1,0,,,26990535,04d25798-3a42-ee11-bdf5-000d3a8fd327,257ef099-74ac-f111-aaac-7c1e52fd84c7,6e1c0e50-9289-f011-b4cc-002248271486
d7be1f72-75ac-f111-aaac-7c1e5215f4b4,10,0.78 OY,,,,High Impact,1,0,,,26990533,04d25798-3a42-ee11-bdf5-000d3a8fd327,257ef099-74ac-f111-aaac-7c1e52fd84c7,740adf46-9289-f011-b4cc-7c1e527cd923
c2be1f72-75ac-f111-aaac-7c1e5215f4b4,0,NA,,,,No Impact,1,0,,,26990531,04d25798-3a42-ee11-bdf5-000d3a8fd327,257ef099-74ac-f111-aaac-7c1e52fd84c7,fc7f63d0-9189-f011-b4cc-002248271486
191ed573-75ac-f111-aaac-0022481fc755,1,Only local resources,,,,Low Impact,1,0,,,26990529,04d25798-3a42-ee11-bdf5-000d3a8fd327,257ef099-74ac-f111-aaac-7c1e52fd84c7,300edd89-9289-f011-b4cc-7c1e527d2157
7e9e3b6f-75ac-f111-aaac-000d3a8cdfc7,1,Performance indicators are necessary or day-to-day busines decisions,,,,Low Impact,1,0,,,26990527,04d25798-3a42-ee11-bdf5-000d3a8fd327,257ef099-74ac-f111-aaac-7c1e52fd84c7,3182c040-9289-f011-b4cc-7c1e527cd923
decdf06e-75ac-f111-aaac-7c1e527cdbd8,1,No impact,,,,Low Impact,1,0,,,26990523,04d25798-3a42-ee11-bdf5-000d3a8fd327,8611184e-75ac-f111-aaac-7c1e5215f4b4,40a9de76-9289-f011-b4cc-7c1e527cd923
5f7ed66c-75ac-f111-aaac-7c1e52fd84c7,10,50% of success rate. Complex submission to reduce stability testing,,,,High Impact,1,0,,,26990521,04d25798-3a42-ee11-bdf5-000d3a8fd327,8611184e-75ac-f111-aaac-7c1e5215f4b4,cba1c26b-9289-f011-b4cc-7c1e527d2157
fc35236c-75ac-f111-aaac-7c1e5215f4b4,10,Part of MBO Transformation,,,,High Impact,1,0,,,26990519,04d25798-3a42-ee11-bdf5-000d3a8fd327,8611184e-75ac-f111-aaac-7c1e5215f4b4,124ef45c-9289-f011-b4cc-002248271486
5e7ed66c-75ac-f111-aaac-7c1e52fd84c7,0,NA,,,,No Impact,1,0,,,26990517,04d25798-3a42-ee11-bdf5-000d3a8fd327,8611184e-75ac-f111-aaac-7c1e5215f4b4,23511df6-9189-f011-b4cc-7c1e527d2157
e0cdf06e-75ac-f111-aaac-7c1e527cdbd8,5,Change control and testing insourcing,,,,Moderate Impact,1,0,,,26990515,04d25798-3a42-ee11-bdf5-000d3a8fd327,8611184e-75ac-f111-aaac-7c1e5215f4b4,a633db83-9289-f011-b4cc-7c1e527d2157
dfcdf06e-75ac-f111-aaac-7c1e527cdbd8,1,QC needs to improve capacity,,,,Low Impact,1,0,,,26990513,04d25798-3a42-ee11-bdf5-000d3a8fd327,8611184e-75ac-f111-aaac-7c1e5215f4b4,c29afc0a-9289-f011-b4cc-7c1e527d2157
1c471a6c-75ac-f111-aaac-000d3a99ae1b,0,NA,,,,No Impact,1,0,,,26990511,04d25798-3a42-ee11-bdf5-000d3a8fd327,8611184e-75ac-f111-aaac-7c1e5215f4b4,6e1c0e50-9289-f011-b4cc-002248271486
d9cdf06e-75ac-f111-aaac-7c1e527cdbd8,15,Reduction in contractor cost and FTE,,,,Critical Impact,1,0,,,26990509,04d25798-3a42-ee11-bdf5-000d3a8fd327,8611184e-75ac-f111-aaac-7c1e5215f4b4,740adf46-9289-f011-b4cc-7c1e527cd923
18471a6c-75ac-f111-aaac-000d3a99ae1b,0,NA,,,,No Impact,1,0,,,26990507,04d25798-3a42-ee11-bdf5-000d3a8fd327,8611184e-75ac-f111-aaac-7c1e5215f4b4,fc7f63d0-9189-f011-b4cc-002248271486
e1cdf06e-75ac-f111-aaac-7c1e527cdbd8,1,Internalizing testing and RA submission,,,,Low Impact,1,0,,,26990505,04d25798-3a42-ee11-bdf5-000d3a8fd327,8611184e-75ac-f111-aaac-7c1e5215f4b4,300edd89-9289-f011-b4cc-7c1e527d2157
1e471a6c-75ac-f111-aaac-000d3a99ae1b,0,N/A,,,,No Impact,1,0,,,26990503,04d25798-3a42-ee11-bdf5-000d3a8fd327,8611184e-75ac-f111-aaac-7c1e5215f4b4,3182c040-9289-f011-b4cc-7c1e527cd923
20471a6c-75ac-f111-aaac-000d3a99ae1b,0,,,,,No Impact,1,0,,,26990475,04d25798-3a42-ee11-bdf5-000d3a8fd327,8611184e-75ac-f111-aaac-7c1e5215f4b4,c91de0e9-9189-f011-b4cc-7c1e527d2157
0d36236c-75ac-f111-aaac-7c1e5215f4b4,0,,,,,No Impact,1,0,,,26990474,04d25798-3a42-ee11-bdf5-000d3a8fd327,8611184e-75ac-f111-aaac-7c1e5215f4b4,31d4e7e3-9189-f011-b4cc-7c1e527d2157
f635236c-75ac-f111-aaac-7c1e5215f4b4,0,,,,,No Impact,1,0,,,26990466,04d25798-3a42-ee11-bdf5-000d3a8fd327,8611184e-75ac-f111-aaac-7c1e5215f4b4,09e36ed6-9189-f011-b4cc-002248271486
5c03ff0c-5fac-f111-aaac-0022481fc755,1,A similar project has already been completed for 300SW.  Very well understood technical solution and prior experience makes this a simple solution to implement.,Prior experience,,,Low Impact,1,0,,,26990163,04d25798-3a42-ee11-bdf5-000d3a8fd327,ae571fd7-aaab-f111-aaac-0022481fc755,cba1c26b-9289-f011-b4cc-7c1e527d2157
bbc94609-5fac-f111-aaac-7c1e5215f4b4,0,47 mT CO2 saved per year.,"Total carbon emissions for 400SW is 4,700 mT  per year.  Scaled based on the equivalent energy savings per year",,,No Impact,1,0,,,26990161,04d25798-3a42-ee11-bdf5-000d3a8fd327,ae571fd7-aaab-f111-aaac-0022481fc755,09e36ed6-9189-f011-b4cc-002248271486
2e75e206-5fac-f111-aaac-0022481fc755,5,Helps with value creation goals as well as Sustainbility goals.,,,,Moderate Impact,1,0,,,26990159,04d25798-3a42-ee11-bdf5-000d3a8fd327,ae571fd7-aaab-f111-aaac-0022481fc755,124ef45c-9289-f011-b4cc-002248271486
b946e20c-5fac-f111-aaac-7c1e52fd84c7,1,Software as a service (SaaS).  Will require minimal effort from the Takeda side - just transferring of engineering documents and review of the resulting data.,,,,Low Impact,1,0,,,26990155,04d25798-3a42-ee11-bdf5-000d3a8fd327,ae571fd7-aaab-f111-aaac-0022481fc755,a633db83-9289-f011-b4cc-7c1e527d2157
605a7309-5fac-f111-aaac-000d3a99ae1b,1,No impact to manufacturing operations.  Platform is SaaS and does not require any physical sensors - it uses the existing BMS data for alalysis.,,,,Low Impact,1,0,,,26990153,04d25798-3a42-ee11-bdf5-000d3a8fd327,ae571fd7-aaab-f111-aaac-0022481fc755,40a9de76-9289-f011-b4cc-7c1e527cd923
7370700b-5fac-f111-aaac-7c1e527cdbd8,1,Estimated $40k per year annual savings minimum.,"Rule of thumb is that the Clockworks FDD platform typically saves 1-3% of energy cost per year.  Assuming the low end of 1% on $4MM annual utility spend for 400SW gives an estimated savings of $40,000 for the first year.",,,Low Impact,1,0,,,26990151,04d25798-3a42-ee11-bdf5-000d3a8fd327,ae571fd7-aaab-f111-aaac-0022481fc755,740adf46-9289-f011-b4cc-7c1e527cd923
7270700b-5fac-f111-aaac-7c1e527cdbd8,1,"Clockworks runs in the background, analyzing BMS data to identify equipment operational faults which lead to energy savings opportunites.",,,,Low Impact,1,0,,,26990145,04d25798-3a42-ee11-bdf5-000d3a8fd327,ae571fd7-aaab-f111-aaac-0022481fc755,3182c040-9289-f011-b4cc-7c1e527cd923
5e03ff0c-5fac-f111-aaac-0022481fc755,1,Proposal from vendor,,,,Low Impact,1,0,,,26990141,04d25798-3a42-ee11-bdf5-000d3a8fd327,ae571fd7-aaab-f111-aaac-0022481fc755,300edd89-9289-f011-b4cc-7c1e527d2157
b846e20c-5fac-f111-aaac-7c1e52fd84c7,0,,,,,No Impact,1,0,,,26989965,04d25798-3a42-ee11-bdf5-000d3a8fd327,ae571fd7-aaab-f111-aaac-0022481fc755,c29afc0a-9289-f011-b4cc-7c1e527d2157
625a7309-5fac-f111-aaac-000d3a99ae1b,0,,,,,No Impact,1,0,,,26989964,04d25798-3a42-ee11-bdf5-000d3a8fd327,ae571fd7-aaab-f111-aaac-0022481fc755,23511df6-9189-f011-b4cc-7c1e527d2157
259bc407-5fac-f111-aaac-000d3a8cdfc7,0,,,,,No Impact,1,0,,,26989962,04d25798-3a42-ee11-bdf5-000d3a8fd327,ae571fd7-aaab-f111-aaac-0022481fc755,c91de0e9-9189-f011-b4cc-7c1e527d2157
2f75e206-5fac-f111-aaac-0022481fc755,0,,,,,No Impact,1,0,,,26989961,04d25798-3a42-ee11-bdf5-000d3a8fd327,ae571fd7-aaab-f111-aaac-0022481fc755,31d4e7e3-9189-f011-b4cc-7c1e527d2157
bcc94609-5fac-f111-aaac-7c1e5215f4b4,0,,,,,No Impact,1,0,,,26989955,04d25798-3a42-ee11-bdf5-000d3a8fd327,ae571fd7-aaab-f111-aaac-0022481fc755,6e1c0e50-9289-f011-b4cc-002248271486
7070700b-5fac-f111-aaac-7c1e527cdbd8,0,,,,,No Impact,1,0,,,26989951,04d25798-3a42-ee11-bdf5-000d3a8fd327,ae571fd7-aaab-f111-aaac-0022481fc755,fc7f63d0-9189-f011-b4cc-002248271486
ad9a59da-bdab-f111-aaac-0022481fc755,0,,,,,No Impact,1,0,,,26983734,04d25798-3a42-ee11-bdf5-000d3a8fd327,8ccfa7cc-bdab-f111-aaac-7c1e5215f4b4,300edd89-9289-f011-b4cc-7c1e527d2157
c3334bdb-bdab-f111-aaac-7c1e527cdbd8,0,,,,,No Impact,1,0,,,26983733,04d25798-3a42-ee11-bdf5-000d3a8fd327,8ccfa7cc-bdab-f111-aaac-7c1e5215f4b4,a633db83-9289-f011-b4cc-7c1e527d2157
0e57a2dc-bdab-f111-aaac-000d3a99ae1b,0,,,,,No Impact,1,0,,,26983732,04d25798-3a42-ee11-bdf5-000d3a8fd327,8ccfa7cc-bdab-f111-aaac-7c1e5215f4b4,cba1c26b-9289-f011-b4cc-7c1e527d2157
577a07df-bdab-f111-aaac-7c1e52fd84c7,0,,,,,No Impact,1,0,,,26983731,04d25798-3a42-ee11-bdf5-000d3a8fd327,8ccfa7cc-bdab-f111-aaac-7c1e5215f4b4,c29afc0a-9289-f011-b4cc-7c1e527d2157
9a9a59da-bdab-f111-aaac-0022481fc755,0,,,,,No Impact,1,0,,,26983729,04d25798-3a42-ee11-bdf5-000d3a8fd327,8ccfa7cc-bdab-f111-aaac-7c1e5215f4b4,23511df6-9189-f011-b4cc-7c1e527d2157
2b41d5d8-bdab-f111-aaac-7c1e5215f4b4,0,,,,,No Impact,1,0,,,26983728,04d25798-3a42-ee11-bdf5-000d3a8fd327,8ccfa7cc-bdab-f111-aaac-7c1e5215f4b4,c91de0e9-9189-f011-b4cc-7c1e527d2157
2a41d5d8-bdab-f111-aaac-7c1e5215f4b4,0,,,,,No Impact,1,0,,,26983727,04d25798-3a42-ee11-bdf5-000d3a8fd327,8ccfa7cc-bdab-f111-aaac-7c1e5215f4b4,31d4e7e3-9189-f011-b4cc-7c1e527d2157
0957a2dc-bdab-f111-aaac-000d3a99ae1b,0,,,,,No Impact,1,0,,,26983726,04d25798-3a42-ee11-bdf5-000d3a8fd327,8ccfa7cc-bdab-f111-aaac-7c1e5215f4b4,40a9de76-9289-f011-b4cc-7c1e527cd923
0857a2dc-bdab-f111-aaac-000d3a99ae1b,0,,,,,No Impact,1,0,,,26983724,04d25798-3a42-ee11-bdf5-000d3a8fd327,8ccfa7cc-bdab-f111-aaac-7c1e5215f4b4,740adf46-9289-f011-b4cc-7c1e527cd923
6093fbd8-bdab-f111-aaac-7c1e52fd84c7,0,,,,,No Impact,1,0,,,26983723,04d25798-3a42-ee11-bdf5-000d3a8fd327,8ccfa7cc-bdab-f111-aaac-7c1e5215f4b4,3182c040-9289-f011-b4cc-7c1e527cd923
2441d5d8-bdab-f111-aaac-7c1e5215f4b4,0,,,,,No Impact,1,0,,,26983722,04d25798-3a42-ee11-bdf5-000d3a8fd327,8ccfa7cc-bdab-f111-aaac-7c1e5215f4b4,124ef45c-9289-f011-b4cc-002248271486
5c93fbd8-bdab-f111-aaac-7c1e52fd84c7,0,,,,,No Impact,1,0,,,26983721,04d25798-3a42-ee11-bdf5-000d3a8fd327,8ccfa7cc-bdab-f111-aaac-7c1e5215f4b4,6e1c0e50-9289-f011-b4cc-002248271486
1e41d5d8-bdab-f111-aaac-7c1e5215f4b4,0,,,,,No Impact,1,0,,,26983719,04d25798-3a42-ee11-bdf5-000d3a8fd327,8ccfa7cc-bdab-f111-aaac-7c1e5215f4b4,09e36ed6-9189-f011-b4cc-002248271486
5a93fbd8-bdab-f111-aaac-7c1e52fd84c7,0,,,,,No Impact,1,0,,,26983718,04d25798-3a42-ee11-bdf5-000d3a8fd327,8ccfa7cc-bdab-f111-aaac-7c1e5215f4b4,fc7f63d0-9189-f011-b4cc-002248271486
6bd15a4c-7dab-f111-aaac-7c1e52fd84c7,0,There are no EHS risk register items addressed by this project.,,,,No Impact,1,0,,,26982920,04d25798-3a42-ee11-bdf5-000d3a8fd327,62b3d343-8da8-f111-b8de-000d3a8cdfc7,fc7f63d0-9189-f011-b4cc-002248271486
00abd254-7dab-f111-aaac-0022481fc755,1,"The project is expected to avoid future operating costs by reducing inefficient compliance management activities, improving resource utilization, and enabling functional areas to own and manage their compliance commitments. This will help accommodate future compliance demands using existing resources rather than requiring additional headcount or contractor support.",,,,Low Impact,1,0,,,26982918,04d25798-3a42-ee11-bdf5-000d3a8fd327,62b3d343-8da8-f111-b8de-000d3a8cdfc7,740adf46-9289-f011-b4cc-7c1e527cd923
05234758-7dab-f111-aaac-7c1e5215f4b4,1,"No production impact anticipated. The project consists primarily of governance, process, and organizational change activities utilizing existing resources and systems, including Fabriq. No manufacturing process changes, equipment modifications, or production downtime are required to achieve project objectives.",,,,Low Impact,1,0,,,26982913,04d25798-3a42-ee11-bdf5-000d3a8fd327,62b3d343-8da8-f111-b8de-000d3a8cdfc7,40a9de76-9289-f011-b4cc-7c1e527cd923
e4c21455-7dab-f111-aaac-7c1e527cdbd8,0,"This initiative is focused on governance, process standardization, accountability, and compliance management improvements. The scope does not include changes to manufacturing processes, utilities, facility systems, equipment operation, or water-consuming activities. As a result, no measurable reduction in facility water consumption is anticipated.",,,,No Impact,1,0,,,26982891,04d25798-3a42-ee11-bdf5-000d3a8fd327,62b3d343-8da8-f111-b8de-000d3a8cdfc7,c91de0e9-9189-f011-b4cc-7c1e527d2157
0b234758-7dab-f111-aaac-7c1e5215f4b4,1,"Existing resources and systems will be utilized wherever possible. Project costs are primarily associated with labor required for governance design, implementation, training, and backlog reduction activities.",,,,Low Impact,1,0,,,26982889,04d25798-3a42-ee11-bdf5-000d3a8fd327,62b3d343-8da8-f111-b8de-000d3a8cdfc7,300edd89-9289-f011-b4cc-7c1e527d2157
a6837c55-7dab-f111-aaac-000d3a8cdfc7,5,"300-2,000 hours. Effort is driven by governance framework design, risk tolerance definition, cross-functional alignment, procedure updates, training, organizational change management, implementation activities, and sustainability monitoring. The project leverages existing tools such as Fabriq and does not require significant system development; however, broad stakeholder engagement and process integration are expected to require substantial labor resources.",,,,Moderate Impact,1,0,,,26982821,04d25798-3a42-ee11-bdf5-000d3a8fd327,62b3d343-8da8-f111-b8de-000d3a8cdfc7,a633db83-9289-f011-b4cc-7c1e527d2157
d7072559-7dab-f111-aaac-7c1e52fd84c7,5,"This project addresses the Quality Risk Register item related to ineffective compliance governance, inconsistent ownership, and limited visibility of compliance commitments. The initiative establishes a standardized governance framework, defined risk tolerance, clear accountability, and enhanced monitoring through Fabriq to proactively manage compliance risks. The framework supports Quality Risk Management (QRM), Gap Assessments, Self-Inspections, QINs, RTQs/PMCs, Regulatory Requests, and Inspection Commitments, improving prioritization, escalation, oversight, and sustainable compliance performance across the site.",,,,Moderate Impact,1,0,,,26982817,04d25798-3a42-ee11-bdf5-000d3a8fd327,62b3d343-8da8-f111-b8de-000d3a8cdfc7,23511df6-9189-f011-b4cc-7c1e527d2157
ad7a7256-7dab-f111-aaac-000d3a99ae1b,10,"The initiative establishes a site-wide compliance governance framework, defines risk tolerance, improves accountability, and enables risk-based prioritization of compliance activities. By reducing the compliance backlog, increasing visibility through Fabriq, and embedding ownership within functional areas, the project supports sustainable compliance performance, inspection readiness, and more effective allocation of site resources.",,,,High Impact,1,0,,,26982815,04d25798-3a42-ee11-bdf5-000d3a8fd327,62b3d343-8da8-f111-b8de-000d3a8cdfc7,124ef45c-9289-f011-b4cc-002248271486
a2837c55-7dab-f111-aaac-000d3a8cdfc7,0,"No reduction anticipated. This initiative is focused on compliance governance, accountability, process standardization, and digital visibility. The project does not alter manufacturing operations, material consumption, packaging, production processes, or waste-generating activities. Therefore, no measurable reduction in solid waste generation is expected.",,,,No Impact,1,0,,,26982812,04d25798-3a42-ee11-bdf5-000d3a8fd327,62b3d343-8da8-f111-b8de-000d3a8cdfc7,31d4e7e3-9189-f011-b4cc-7c1e527d2157
71117a50-7dab-f111-aaac-000d3a99ae1b,0,"No reduction anticipated. The initiative is administrative and process-focused in nature and does not impact energy consumption, facility operations, or other carbon-generating activities; therefore, no carbon reduction is expected.",,,,No Impact,1,0,,,26982810,04d25798-3a42-ee11-bdf5-000d3a8fd327,62b3d343-8da8-f111-b8de-000d3a8cdfc7,09e36ed6-9189-f011-b4cc-002248271486
c37a7256-7dab-f111-aaac-000d3a99ae1b,5,"The solution will primarily leverage existing governance structures and digital capabilities, including Fabriq, to improve compliance visibility, accountability, prioritization, and performance monitoring. While limited technical configuration and dashboard enhancements may be required within Fabriq, significant system development or new technology implementation is not anticipated. The primary complexity lies in establishing a site-wide governance framework, defining risk tolerance, standardizing accountability models, and driving cross-functional adoption. As a result, the project complexity is driven more by process transformation and change management than by technical development.",,,,Moderate Impact,1,0,,,26982805,04d25798-3a42-ee11-bdf5-000d3a8fd327,62b3d343-8da8-f111-b8de-000d3a8cdfc7,cba1c26b-9289-f011-b4cc-7c1e527d2157
dd38625a-8bab-f111-aaac-000d3a99ae1b,1,Plan will require endorsement from techical teams,,,,Low Impact,1,0,,,26981645,04d25798-3a42-ee11-bdf5-000d3a8fd327,2337e631-89ab-f111-aaac-70a8a53eb3d2,cba1c26b-9289-f011-b4cc-7c1e527d2157
8f557b5a-8bab-f111-aaac-7c1e5215f4b4,0,N/A,,,,No Impact,1,0,,,26981643,04d25798-3a42-ee11-bdf5-000d3a8fd327,2337e631-89ab-f111-aaac-70a8a53eb3d2,09e36ed6-9189-f011-b4cc-002248271486
065ae15c-8bab-f111-aaac-7c1e527cdbd8,0,N/A,,,,No Impact,1,0,,,26981641,04d25798-3a42-ee11-bdf5-000d3a8fd327,2337e631-89ab-f111-aaac-70a8a53eb3d2,31d4e7e3-9189-f011-b4cc-7c1e527d2157
d538625a-8bab-f111-aaac-000d3a99ae1b,0,N/A,,,,No Impact,1,0,,,26981635,04d25798-3a42-ee11-bdf5-000d3a8fd327,2337e631-89ab-f111-aaac-70a8a53eb3d2,c91de0e9-9189-f011-b4cc-7c1e527d2157
90557b5a-8bab-f111-aaac-7c1e5215f4b4,5,Estimated 0.4 OY in savings,,,,Moderate Impact,1,0,,,26981633,04d25798-3a42-ee11-bdf5-000d3a8fd327,2337e631-89ab-f111-aaac-70a8a53eb3d2,124ef45c-9289-f011-b4cc-002248271486
fcab1458-8bab-f111-aaac-000d3a8cdfc7,0,N/A,,,,No Impact,1,0,,,26981630,04d25798-3a42-ee11-bdf5-000d3a8fd327,2337e631-89ab-f111-aaac-70a8a53eb3d2,23511df6-9189-f011-b4cc-7c1e527d2157
fdab1458-8bab-f111-aaac-000d3a8cdfc7,1,N/A,,,,Low Impact,1,0,,,26981628,04d25798-3a42-ee11-bdf5-000d3a8fd327,2337e631-89ab-f111-aaac-70a8a53eb3d2,a633db83-9289-f011-b4cc-7c1e527d2157
ef105e59-8bab-f111-aaac-0022481fc755,1,N/A,,,,Low Impact,1,0,,,26981626,04d25798-3a42-ee11-bdf5-000d3a8fd327,2337e631-89ab-f111-aaac-70a8a53eb3d2,40a9de76-9289-f011-b4cc-7c1e527cd923
f1105e59-8bab-f111-aaac-0022481fc755,0,No risk to production,,,,No Impact,1,0,,,26981624,04d25798-3a42-ee11-bdf5-000d3a8fd327,2337e631-89ab-f111-aaac-70a8a53eb3d2,c29afc0a-9289-f011-b4cc-7c1e527d2157
d338625a-8bab-f111-aaac-000d3a99ae1b,5,Estimated 0.4 OY in Savings,,,,Moderate Impact,1,0,,,26981622,04d25798-3a42-ee11-bdf5-000d3a8fd327,2337e631-89ab-f111-aaac-70a8a53eb3d2,740adf46-9289-f011-b4cc-7c1e527cd923
efab1458-8bab-f111-aaac-000d3a8cdfc7,0,COGS reduction,,,,No Impact,1,0,,,26981620,04d25798-3a42-ee11-bdf5-000d3a8fd327,2337e631-89ab-f111-aaac-70a8a53eb3d2,6e1c0e50-9289-f011-b4cc-002248271486
ebab1458-8bab-f111-aaac-000d3a8cdfc7,0,N/A,,,,No Impact,1,0,,,26981612,04d25798-3a42-ee11-bdf5-000d3a8fd327,2337e631-89ab-f111-aaac-70a8a53eb3d2,fc7f63d0-9189-f011-b4cc-002248271486
feab1458-8bab-f111-aaac-000d3a8cdfc7,1,No CAPEX / OPEX,,,,Low Impact,1,0,,,26981610,04d25798-3a42-ee11-bdf5-000d3a8fd327,2337e631-89ab-f111-aaac-70a8a53eb3d2,300edd89-9289-f011-b4cc-7c1e527d2157
91557b5a-8bab-f111-aaac-7c1e5215f4b4,0,N/A,,,,No Impact,1,0,,,26981608,04d25798-3a42-ee11-bdf5-000d3a8fd327,2337e631-89ab-f111-aaac-70a8a53eb3d2,3182c040-9289-f011-b4cc-7c1e527cd923
c27a7256-7dab-f111-aaac-000d3a99ae1b,0,,,,,No Impact,1,0,,,26980689,04d25798-3a42-ee11-bdf5-000d3a8fd327,62b3d343-8da8-f111-b8de-000d3a8cdfc7,c29afc0a-9289-f011-b4cc-7c1e527d2157
feaad254-7dab-f111-aaac-0022481fc755,0,,,,,No Impact,1,0,,,26980679,04d25798-3a42-ee11-bdf5-000d3a8fd327,62b3d343-8da8-f111-b8de-000d3a8cdfc7,3182c040-9289-f011-b4cc-7c1e527cd923
d1aad254-7dab-f111-aaac-0022481fc755,0,,,,,No Impact,1,0,,,26980675,04d25798-3a42-ee11-bdf5-000d3a8fd327,62b3d343-8da8-f111-b8de-000d3a8cdfc7,6e1c0e50-9289-f011-b4cc-002248271486
bc1097bd-1ba2-f111-b8dc-7c1e527cdbd8,1,Minimal impact to production schedule.  Any work in production areas can be scheduled around the production operations.,,,,Low Impact,1,0,,,26929226,04d25798-3a42-ee11-bdf5-000d3a8fd327,fb9dd537-19a2-f111-b8dc-7c1e5215f4b4,40a9de76-9289-f011-b4cc-7c1e527cd923
d423b7c2-1ba2-f111-b8dc-000d3a99ae1b,1,We have recently completed a project to replace (6) gas monitor units at MBO.,,,,Low Impact,1,0,,,26929224,04d25798-3a42-ee11-bdf5-000d3a8fd327,fb9dd537-19a2-f111-b8dc-7c1e5215f4b4,cba1c26b-9289-f011-b4cc-7c1e527d2157
e89eb6c2-1ba2-f111-b8db-7ced8d1ca135,5,Recent experience from previous gas monitoring projects.,,,,Moderate Impact,1,0,,,26929221,04d25798-3a42-ee11-bdf5-000d3a8fd327,fb9dd537-19a2-f111-b8dc-7c1e5215f4b4,a633db83-9289-f011-b4cc-7c1e527d2157
50faafbe-1ba2-f111-b8dc-70a8a53eb3d2,10,Safety risk is high for the potential for a sensor failure or sensor power loss to go undetected and leave areas without gas monitoring.,"If the sensor is offline (and not indicating a common trouble alarm), there is a possibility of injury to personnel.",,,High Impact,1,0,,,26929217,04d25798-3a42-ee11-bdf5-000d3a8fd327,fb9dd537-19a2-f111-b8dc-7c1e5215f4b4,fc7f63d0-9189-f011-b4cc-002248271486
8802e7bd-1ba2-f111-b8dc-000d3a8cdfc7,5,The estimated max cost for this project is less than one Oku Yen.,Max cost assuming the replacement of older gas monitoring units.,,,Moderate Impact,1,0,,,26929214,04d25798-3a42-ee11-bdf5-000d3a8fd327,fb9dd537-19a2-f111-b8dc-7c1e5215f4b4,300edd89-9289-f011-b4cc-7c1e527d2157
6dfef0c1-1ba2-f111-b8dc-7c1e5215f4b4,0,,,,,No Impact,1,0,,,26769283,04d25798-3a42-ee11-bdf5-000d3a8fd327,fb9dd537-19a2-f111-b8dc-7c1e5215f4b4,c29afc0a-9289-f011-b4cc-7c1e527d2157
8602e7bd-1ba2-f111-b8dc-000d3a8cdfc7,0,,,,,No Impact,1,0,,,26769282,04d25798-3a42-ee11-bdf5-000d3a8fd327,fb9dd537-19a2-f111-b8dc-7c1e5215f4b4,23511df6-9189-f011-b4cc-7c1e527d2157
7b4bdac1-1ba2-f111-b8db-7c1e52fd84c7,0,,,,,No Impact,1,0,,,26769281,04d25798-3a42-ee11-bdf5-000d3a8fd327,fb9dd537-19a2-f111-b8dc-7c1e5215f4b4,c91de0e9-9189-f011-b4cc-7c1e527d2157
91faafbe-1ba2-f111-b8dc-70a8a53eb3d2,0,,,,,No Impact,1,0,,,26769280,04d25798-3a42-ee11-bdf5-000d3a8fd327,fb9dd537-19a2-f111-b8dc-7c1e5215f4b4,31d4e7e3-9189-f011-b4cc-7c1e527d2157
764bdac1-1ba2-f111-b8db-7c1e52fd84c7,0,,,,,No Impact,1,0,,,26769277,04d25798-3a42-ee11-bdf5-000d3a8fd327,fb9dd537-19a2-f111-b8dc-7c1e5215f4b4,740adf46-9289-f011-b4cc-7c1e527cd923
471dbebf-1ba2-f111-b8dc-0022481fc755,0,,,,,No Impact,1,0,,,26769275,04d25798-3a42-ee11-bdf5-000d3a8fd327,fb9dd537-19a2-f111-b8dc-7c1e5215f4b4,3182c040-9289-f011-b4cc-7c1e527cd923
60faafbe-1ba2-f111-b8dc-70a8a53eb3d2,0,,,,,No Impact,1,0,,,26769274,04d25798-3a42-ee11-bdf5-000d3a8fd327,fb9dd537-19a2-f111-b8dc-7c1e5215f4b4,124ef45c-9289-f011-b4cc-002248271486
1d8057bc-1ba2-f111-b8db-7ced8d1ca135,0,,,,,No Impact,1,0,,,26769272,04d25798-3a42-ee11-bdf5-000d3a8fd327,fb9dd537-19a2-f111-b8dc-7c1e5215f4b4,6e1c0e50-9289-f011-b4cc-002248271486
7002e7bd-1ba2-f111-b8dc-000d3a8cdfc7,0,,,,,No Impact,1,0,,,26769270,04d25798-3a42-ee11-bdf5-000d3a8fd327,fb9dd537-19a2-f111-b8dc-7c1e5215f4b4,09e36ed6-9189-f011-b4cc-002248271486
63177ce8-8c87-f111-ab0f-7ced8d1ca135,1,$55K=0.08OY,Vendor quotation,,,Low Impact,1,0,,,26692970,04d25798-3a42-ee11-bdf5-000d3a8fd327,a796179f-8c87-f111-ab0f-7ced8d1ca135,300edd89-9289-f011-b4cc-7c1e527d2157
22206a50-6296-f111-8076-0022481fc755,1,NA,,,,Low Impact,1,0,,,26692968,04d25798-3a42-ee11-bdf5-000d3a8fd327,05b53ae6-6196-f111-8076-7ced8d1ca135,124ef45c-9289-f011-b4cc-002248271486
0cab1151-6296-f111-8075-000d3a8cdfc7,0,NA,,,,No Impact,1,0,,,26692966,04d25798-3a42-ee11-bdf5-000d3a8fd327,05b53ae6-6196-f111-8076-7ced8d1ca135,c29afc0a-9289-f011-b4cc-7c1e527d2157
377040e4-8c87-f111-ab0f-0022481fc755,1,C) No Impact to production. Project is able to be implemented with partial room availability eliminating the need for shutdown.,,,,Low Impact,1,0,,,26371980,04d25798-3a42-ee11-bdf5-000d3a8fd327,a796179f-8c87-f111-ab0f-7ced8d1ca135,40a9de76-9289-f011-b4cc-7c1e527cd923
f8a152e3-8c87-f111-ab0e-3833c5dd6d6e,0,No Impact to production.,,,,No Impact,1,0,,,26371978,04d25798-3a42-ee11-bdf5-000d3a8fd327,a796179f-8c87-f111-ab0f-7ced8d1ca135,6e1c0e50-9289-f011-b4cc-002248271486
f7a152e3-8c87-f111-ab0e-3833c5dd6d6e,0,A No EHS Risk.,,,,No Impact,1,0,,,26371976,04d25798-3a42-ee11-bdf5-000d3a8fd327,a796179f-8c87-f111-ab0f-7ced8d1ca135,fc7f63d0-9189-f011-b4cc-002248271486
cb10fde3-8c87-f111-ab0f-7c1e527cdbd8,1,C & D,,,,Low Impact,1,0,,,26371971,04d25798-3a42-ee11-bdf5-000d3a8fd327,a796179f-8c87-f111-ab0f-7ced8d1ca135,cba1c26b-9289-f011-b4cc-7c1e527d2157
faa152e3-8c87-f111-ab0e-3833c5dd6d6e,0,will not reduce direct waste.  would reduce waste from painting but it is negligible. f,,,,No Impact,1,0,,,26371969,04d25798-3a42-ee11-bdf5-000d3a8fd327,a796179f-8c87-f111-ab0f-7ced8d1ca135,31d4e7e3-9189-f011-b4cc-7c1e527d2157
387040e4-8c87-f111-ab0f-0022481fc755,0,will not reduce water,,,,No Impact,1,0,,,26371967,04d25798-3a42-ee11-bdf5-000d3a8fd327,a796179f-8c87-f111-ab0f-7ced8d1ca135,c91de0e9-9189-f011-b4cc-7c1e527d2157
c810fde3-8c87-f111-ab0f-7c1e527cdbd8,0,Risk has not been documented as an observation yet but has potential.,,,,No Impact,1,0,,,26371965,04d25798-3a42-ee11-bdf5-000d3a8fd327,a796179f-8c87-f111-ab0f-7ced8d1ca135,23511df6-9189-f011-b4cc-7c1e527d2157
9191b3e5-8c87-f111-ab0f-000d3a8b49d9,0,Rountine shutdowns of the area to maintain GMP state mitigate risk.,,,,No Impact,1,0,,,26371963,04d25798-3a42-ee11-bdf5-000d3a8fd327,a796179f-8c87-f111-ab0f-7ced8d1ca135,c29afc0a-9289-f011-b4cc-7c1e527d2157
acfaafe5-8c87-f111-ab10-7c1e5215f4b4,1,4 work days of vendor execution with 1 FTE to support escorting requirements.,Field walkdown with vendor.,,,Low Impact,1,0,,,26371957,04d25798-3a42-ee11-bdf5-000d3a8fd327,a796179f-8c87-f111-ab0f-7ced8d1ca135,a633db83-9289-f011-b4cc-7c1e527d2157
367040e4-8c87-f111-ab0f-0022481fc755,1,Based off work order actual labor hours ~80 hr of contract labor projected/year in repair work that can be avoided.,Based off actual work order data projected for full year.,,,Low Impact,1,0,,,26371955,04d25798-3a42-ee11-bdf5-000d3a8fd327,a796179f-8c87-f111-ab0f-7ced8d1ca135,740adf46-9289-f011-b4cc-7c1e527cd923
357040e4-8c87-f111-ab0f-0022481fc755,5,Reduced downtime to repair controlled environment deficiences in the single point of entry and exit for the 400 SW MFG facility. Downtime prevents personnel movement into and out of classified areas.,Approximately 4 hours of downtime required per month to perform repairs to walls and fixtures.,,,Moderate Impact,1,0,,,26371675,04d25798-3a42-ee11-bdf5-000d3a8fd327,a796179f-8c87-f111-ab0f-7ced8d1ca135,3182c040-9289-f011-b4cc-7c1e527cd923
c310fde3-8c87-f111-ab0f-7c1e527cdbd8,5,"Contributes to cutting OPEX with the reduction of drywall and paint repairs.
Supports Transformation goals of reduction of EUMEs.",Reduction in OPEX would be normalized at next MRP if maintentance costs from IFM reduce.,,,Moderate Impact,1,0,,,26371605,04d25798-3a42-ee11-bdf5-000d3a8fd327,a796179f-8c87-f111-ab0f-7ced8d1ca135,124ef45c-9289-f011-b4cc-002248271486
ea93306c-cc90-f111-8076-7c1e5215f4b4,1,B and D - it is a simple project with no technical challenges,,,,Low Impact,1,0,,,26371254,04d25798-3a42-ee11-bdf5-000d3a8fd327,87e74f55-cc90-f111-8077-0022481fc755,cba1c26b-9289-f011-b4cc-7c1e527d2157
961ac36e-cc90-f111-8077-7ced8d1ca135,0,zero water usage,,,,No Impact,1,0,,,26371252,04d25798-3a42-ee11-bdf5-000d3a8fd327,87e74f55-cc90-f111-8077-0022481fc755,c91de0e9-9189-f011-b4cc-7c1e527d2157
868f8f6e-cc90-f111-8077-7c1e527cdbd8,0,no waste diverted,,,,No Impact,1,0,,,26371250,04d25798-3a42-ee11-bdf5-000d3a8fd327,87e74f55-cc90-f111-8077-0022481fc755,31d4e7e3-9189-f011-b4cc-7c1e527d2157
fd30526e-cc90-f111-8076-000d3a99ae1b,0,zero impact to sustainability,,,,No Impact,1,0,,,26371248,04d25798-3a42-ee11-bdf5-000d3a8fd327,87e74f55-cc90-f111-8077-0022481fc755,09e36ed6-9189-f011-b4cc-002248271486
c571826e-cc90-f111-8077-0022481fc755,1,contributes to safety metrics for preventing injuries or psifs,,,,Low Impact,1,0,,,26371246,04d25798-3a42-ee11-bdf5-000d3a8fd327,87e74f55-cc90-f111-8077-0022481fc755,124ef45c-9289-f011-b4cc-002248271486
ce71826e-cc90-f111-8077-0022481fc755,0,not a quality system or impact to it.,,,,No Impact,1,0,,,26371244,04d25798-3a42-ee11-bdf5-000d3a8fd327,87e74f55-cc90-f111-8077-0022481fc755,23511df6-9189-f011-b4cc-7c1e527d2157
971ac36e-cc90-f111-8077-7ced8d1ca135,1,Supervision of work performed by IFM and verified by FTE for safety compliance and installation execution 6 hrs,,,,Low Impact,1,0,,,26371242,04d25798-3a42-ee11-bdf5-000d3a8fd327,87e74f55-cc90-f111-8077-0022481fc755,a633db83-9289-f011-b4cc-7c1e527d2157
858f8f6e-cc90-f111-8077-7c1e527cdbd8,0,there is no operationing benefits as this is a safety device on the roof.,,,,No Impact,1,0,,,26371240,04d25798-3a42-ee11-bdf5-000d3a8fd327,87e74f55-cc90-f111-8077-0022481fc755,740adf46-9289-f011-b4cc-7c1e527cd923
cb71826e-cc90-f111-8077-0022481fc755,1,C/ no impact as it is not a production area,,,,Low Impact,1,0,,,26371238,04d25798-3a42-ee11-bdf5-000d3a8fd327,87e74f55-cc90-f111-8077-0022481fc755,40a9de76-9289-f011-b4cc-7c1e527cd923
d171826e-cc90-f111-8077-0022481fc755,0,not a production area,,,,No Impact,1,0,,,26371236,04d25798-3a42-ee11-bdf5-000d3a8fd327,87e74f55-cc90-f111-8077-0022481fc755,c29afc0a-9289-f011-b4cc-7c1e527d2157
c471826e-cc90-f111-8077-0022481fc755,0,not in production area,,,,No Impact,1,0,,,26371234,04d25798-3a42-ee11-bdf5-000d3a8fd327,87e74f55-cc90-f111-8077-0022481fc755,6e1c0e50-9289-f011-b4cc-002248271486
d493306c-cc90-f111-8076-7c1e5215f4b4,10,Current Fall protection is damaged and personnel cannot perform work without a secondary means of tying off.,,,,High Impact,1,0,,,26371229,04d25798-3a42-ee11-bdf5-000d3a8fd327,87e74f55-cc90-f111-8077-0022481fc755,fc7f63d0-9189-f011-b4cc-002248271486
0c31526e-cc90-f111-8076-000d3a99ae1b,1,vendor quotation,"Vendor provided quote $49,5K. Markup of 3K for CBRE Management. No PM costs necessary.",,,Low Impact,1,0,,,26371227,04d25798-3a42-ee11-bdf5-000d3a8fd327,87e74f55-cc90-f111-8077-0022481fc755,300edd89-9289-f011-b4cc-7c1e527d2157
951ac36e-cc90-f111-8077-7ced8d1ca135,1,"No risk to business as this replacement is on the roof of Cell Therapy, which is inactive at this point.",,,,Low Impact,1,0,,,26371029,04d25798-3a42-ee11-bdf5-000d3a8fd327,87e74f55-cc90-f111-8077-0022481fc755,3182c040-9289-f011-b4cc-7c1e527cd923
64b943d4-0323-f111-8341-6045bdd8cc50,1,Expected cost of $250K = 0.37 OY,,,,Low Impact,1,0,,,26148514,04d25798-3a42-ee11-bdf5-000d3a8fd327,57c0e116-0123-f111-8341-7c1e52146c0e,300edd89-9289-f011-b4cc-7c1e527d2157
320e41d8-0323-f111-8341-7c1e5247a2b3,5,"The project leverages established technologies and architectures, including VLAN segmentation, firewall zoning, jump servers, file shares, and standard infrastructure services. However, it requires migration of approximately 100-120 GMP-relevant QC systems, migration of legacy QC data, firewall and network reconfiguration, and updates to numerous controlled documents. These are known technical challenges with defined implementation approaches.","Complexity is reflected by migration of 100-120 QC systems, implementation of dedicated QC network segmentation, deployment of a QC-administered file share, migration of GMP data, updates to approximately 40 SDCS documents and 38+ SOPs, and execution of verification testing across multiple systems and infrastructure components.",,,Moderate Impact,1,0,,,26148184,04d25798-3a42-ee11-bdf5-000d3a8fd327,57c0e116-0123-f111-8341-7c1e52146c0e,cba1c26b-9289-f011-b4cc-7c1e527d2157
4e3768d6-0323-f111-8342-7c1e52146908,0,"This project does not provide measurable water usage reduction benefits. The scope focuses on QC network segmentation, cybersecurity, GMP data integrity, compliance, and operational reliability improvements. The EUR specifically states there is no anticipated impact to sustainability metrics, utilities, or CAPS objectives.","No direct reduction in water consumption is anticipated from implementation.

Project benefits are measured through reduced compliance risk, improved reliability, improved cybersecurity posture, and reduced downtime rather than water conservation metrics.",,,No Impact,1,0,,,26148182,04d25798-3a42-ee11-bdf5-000d3a8fd327,57c0e116-0123-f111-8341-7c1e52146c0e,c91de0e9-9189-f011-b4cc-7c1e527d2157
4c3768d6-0323-f111-8342-7c1e52146908,0,"This project does not provide measurable waste-to-landfill reduction benefits. The scope is focused on QC network infrastructure, cybersecurity, data integrity, compliance, and operational reliability improvements. The EUR states there is no anticipated impact to sustainability metrics or CAPS objectives.","No direct reduction in landfill waste is anticipated.

Project benefits are measured through reduced operational risk, improved reliability, compliance improvements, and reduced downtime rather than waste reduction metrics.",,,No Impact,1,0,,,26148177,04d25798-3a42-ee11-bdf5-000d3a8fd327,57c0e116-0123-f111-8341-7c1e52146c0e,31d4e7e3-9189-f011-b4cc-7c1e527d2157
56b943d4-0323-f111-8341-6045bdd8cc50,0,"This project does not provide measurable carbon reduction benefits. The primary benefits are improved cybersecurity, GMP data integrity, compliance, operational reliability, and business continuity for QC laboratory systems.","No direct CO2 reduction is anticipated. Project benefits are measured through risk reduction, improved system reliability, reduced downtime, and improved compliance posture rather than sustainability metrics.",,,No Impact,1,0,,,26148171,04d25798-3a42-ee11-bdf5-000d3a8fd327,57c0e116-0123-f111-8341-7c1e52146c0e,09e36ed6-9189-f011-b4cc-002248271486
0c62fed3-0323-f111-8341-000d3a538d48,1,"The project supports site strategic objectives by improving GMP data integrity, cybersecurity, compliance, operational reliability, and business continuity for QC laboratory operations.

Establishes a scalable QC network architecture supporting future digitalization, system integrations, and long-term modernization of QC systems.","Migrates approximately 100-120 GMP-relevant QC systems to a standardized, secure, and compliant network architecture.

Benefits are measured through reduced deviations, reduced cybersecurity risk, improved system reliability, faster incident recovery, improved audit readiness, and support for future digital transformation initiatives.",,,Low Impact,1,0,,,26148169,04d25798-3a42-ee11-bdf5-000d3a8fd327,57c0e116-0123-f111-8341-7c1e52146c0e,124ef45c-9289-f011-b4cc-002248271486
5db943d4-0323-f111-8341-6045bdd8cc50,15,"Answered mainly due to ""Data Integrity"" impact

The current QC network and data storage model creates GMP data integrity and compliance risks due to uncontrolled permission changes, permission drift, and misalignment between approved documentation and actual system configuration.

The project implements a QC-controlled network architecture and QC-administered file share to strengthen data integrity, access control, and compliance.","Approximately 100-120 GMP-relevant QC systems and associated data flows will be migrated to a controlled QC MIB environment.

Benefits are measured through reduction of data integrity risks, deviations, investigations, access-related incidents, and documentation-to-configuration gaps.",,,Critical Impact,1,0,,,26148167,04d25798-3a42-ee11-bdf5-000d3a8fd327,57c0e116-0123-f111-8341-7c1e52146c0e,23511df6-9189-f011-b4cc-7c1e527d2157
340e41d8-0323-f111-8341-7c1e5247a2b3,10,"Project requires migration of approximately 100-120 GMP-relevant QC systems, implementation of dedicated QC network infrastructure, deployment of a QC-controlled file share, migration of legacy data, infrastructure testing, and updates to approximately 40 SDCS documents and 38+ SOPs.

Effort spans QCIT, DD&T, QC Laboratory Services, QAV, infrastructure teams, documentation updates, validation, testing, and phased system migrations.","Estimated effort exceeds 2,000 labor hours based on documented resource requirements, including 1,000 contractor hours, 500 QCIT hours, 350 QC Laboratory Services hours, 300 DD&T hours, plus validation, migration, testing, and project management activities.",,,High Impact,1,0,,,26148164,04d25798-3a42-ee11-bdf5-000d3a8fd327,57c0e116-0123-f111-8341-7c1e52146c0e,a633db83-9289-f011-b4cc-7c1e527d2157
5bb943d4-0323-f111-8341-6045bdd8cc50,1,Implementation will require planned outage windows for migration of QC systems to the dedicated QC MIB network and QC-controlled file share. Activities will be executed in a phased approach and coordinated with QC scheduling to minimize operational impact. No reduction in production capacity or annual batches is anticipated.,"Approximately 100-120 GMP-relevant QC systems will be migrated using planned outage windows, typically 2-4 hours per system. Migration activities will be coordinated with QC operations to avoid impacts to production output and annual batch delivery commitments.",,,Low Impact,1,0,,,26148162,04d25798-3a42-ee11-bdf5-000d3a8fd327,57c0e116-0123-f111-8341-7c1e52146c0e,40a9de76-9289-f011-b4cc-7c1e527cd923
60b943d4-0323-f111-8341-6045bdd8cc50,1,"The current QC network and data storage model creates cybersecurity, data integrity, and operational continuity risks due to inadequate segmentation, uncontrolled permissions, and reliance on non-QC governed infrastructure.

The project addresses these risks by implementing a dedicated QC MIB network segment and QC-controlled file share.","Current state supports approximately 100-120 GMP-relevant QC systems with identified risks associated with network outages, access disruptions, and permission drift.

Benefit is measured through reduced downtime, reduced deviations and investigations, improved incident recovery, and reduced risk of delays to QC testing and product disposition activities.",,,Low Impact,1,0,,,26148160,04d25798-3a42-ee11-bdf5-000d3a8fd327,57c0e116-0123-f111-8341-7c1e52146c0e,c29afc0a-9289-f011-b4cc-7c1e527d2157
3846a7d8-0323-f111-8341-7c1e52146c0e,1,"The QC MIB improves reliability, cybersecurity, and availability of QC laboratory systems that support GMP testing and product disposition activities.

The project enables future QC system growth and integrations by establishing a standardized, scalable network and data storage architecture.","Approximately 100-120 GMP-relevant QC systems will be migrated to the new QC MIB architecture.

Benefits are measured through reduced QC system downtime, improved availability of testing systems, faster incident recovery, and avoidance of testing delays that could impact production release activities.",,,Low Impact,1,0,,,26148158,04d25798-3a42-ee11-bdf5-000d3a8fd327,57c0e116-0123-f111-8341-7c1e52146c0e,6e1c0e50-9289-f011-b4cc-002248271486
59b943d4-0323-f111-8341-6045bdd8cc50,1,"This project avoids future costs associated with QC network outages, cybersecurity incidents, compliance deviations, and infrastructure rework by implementing a standardized QC MIB architecture and controlled QC data storage. It also reduces contractor support effort and operational inefficiencies associated with the current network environment.","Benefits are quantified through reduced downtime, fewer compliance deviations and investigations, reduced contractor support effort, lower break/fix activity, and avoidance of future infrastructure remediation costs. Annual savings estimates will be derived from historical incident, deviation, and support effort data.",,,Low Impact,1,0,,,26148155,04d25798-3a42-ee11-bdf5-000d3a8fd327,57c0e116-0123-f111-8341-7c1e52146c0e,740adf46-9289-f011-b4cc-7c1e527cd923
493768d6-0323-f111-8342-7c1e52146908,0,"No EHS Risk Register item is addressed by this project.

Project scope is focused on cybersecurity, data integrity, compliance, and QC network reliability improvements.","No direct EHS risk reduction benefit.

Benefits are measured through reduced compliance, cybersecurity, and operational continuity risks.",,,No Impact,1,0,,,26148152,04d25798-3a42-ee11-bdf5-000d3a8fd327,57c0e116-0123-f111-8341-7c1e52146c0e,fc7f63d0-9189-f011-b4cc-002248271486
4b3768d6-0323-f111-8342-7c1e52146908,10,"The current QC network lacks dedicated segmentation, standardized access controls, and QC governance of GMP data storage, creating risk to data integrity, cybersecurity, and QC operational continuity.

Implementing a dedicated QC MIB network and QC-controlled file share reduces the risk of unauthorized access, permission drift, compliance deviations, and downtime impacting QC testing and product disposition activities.","Approximately 100-120 GMP-relevant QC systems will be migrated to a segmented QC network with controlled access and data storage.

Benefit is measured through reduced deviations, lower cybersecurity and compliance risk, reduced downtime and incident recovery effort, and avoidance of disruptions to QC testing and product release activities.",,,High Impact,1,0,,,26148119,04d25798-3a42-ee11-bdf5-000d3a8fd327,57c0e116-0123-f111-8341-7c1e52146c0e,3182c040-9289-f011-b4cc-7c1e527cd923
cbb2ff51-6296-f111-8076-7c1e527cdbd8,1,no capex cost - minimal additional cost of 0.1 filters to replace 0.2 um filters,,,,Low Impact,1,0,,,26131914,04d25798-3a42-ee11-bdf5-000d3a8fd327,05b53ae6-6196-f111-8076-7ced8d1ca135,300edd89-9289-f011-b4cc-7c1e527d2157
fc1f6a50-6296-f111-8076-0022481fc755,0,na,,,,No Impact,1,0,,,26131702,04d25798-3a42-ee11-bdf5-000d3a8fd327,05b53ae6-6196-f111-8076-7ced8d1ca135,09e36ed6-9189-f011-b4cc-002248271486
4cd3584d-6296-f111-8075-00224821e471,1,0.1 um filters are already used in 400SW,,,,Low Impact,1,0,,,26131639,04d25798-3a42-ee11-bdf5-000d3a8fd327,05b53ae6-6196-f111-8076-7ced8d1ca135,cba1c26b-9289-f011-b4cc-7c1e527d2157
5279c64b-6296-f111-8076-7c1e527cdbd8,0,No impact to production yields,,,,No Impact,1,0,,,26131500,04d25798-3a42-ee11-bdf5-000d3a8fd327,05b53ae6-6196-f111-8076-7ced8d1ca135,6e1c0e50-9289-f011-b4cc-002248271486
b5b2ff51-6296-f111-8076-7c1e527cdbd8,5,Contamination events could impact annual batches delivered in the 400SW site,,,,Moderate Impact,1,0,,,26130072,04d25798-3a42-ee11-bdf5-000d3a8fd327,05b53ae6-6196-f111-8076-7ced8d1ca135,40a9de76-9289-f011-b4cc-7c1e527cd923
0dab1151-6296-f111-8075-000d3a8cdfc7,1,0.1 um filters are already available in house,,,,Low Impact,1,0,,,26130006,04d25798-3a42-ee11-bdf5-000d3a8fd327,05b53ae6-6196-f111-8076-7ced8d1ca135,a633db83-9289-f011-b4cc-7c1e527d2157
2e206a50-6296-f111-8076-0022481fc755,0,,,,,No Impact,1,0,,,26060009,04d25798-3a42-ee11-bdf5-000d3a8fd327,05b53ae6-6196-f111-8076-7ced8d1ca135,23511df6-9189-f011-b4cc-7c1e527d2157
0bab1151-6296-f111-8075-000d3a8cdfc7,0,,,,,No Impact,1,0,,,26060008,04d25798-3a42-ee11-bdf5-000d3a8fd327,05b53ae6-6196-f111-8076-7ced8d1ca135,c91de0e9-9189-f011-b4cc-7c1e527d2157
85c8ea51-6296-f111-8075-000d3a99ae1b,0,,,,,No Impact,1,0,,,26060007,04d25798-3a42-ee11-bdf5-000d3a8fd327,05b53ae6-6196-f111-8076-7ced8d1ca135,31d4e7e3-9189-f011-b4cc-7c1e527d2157
48d3584d-6296-f111-8075-00224821e471,0,,,,,No Impact,1,0,,,26060005,04d25798-3a42-ee11-bdf5-000d3a8fd327,05b53ae6-6196-f111-8076-7ced8d1ca135,740adf46-9289-f011-b4cc-7c1e527cd923
47d3584d-6296-f111-8075-00224821e471,0,,,,,No Impact,1,0,,,26060003,04d25798-3a42-ee11-bdf5-000d3a8fd327,05b53ae6-6196-f111-8076-7ced8d1ca135,3182c040-9289-f011-b4cc-7c1e527cd923
1fee024b-6296-f111-8075-000d3a8cdfc7,0,,,,,No Impact,1,0,,,26059996,04d25798-3a42-ee11-bdf5-000d3a8fd327,05b53ae6-6196-f111-8076-7ced8d1ca135,fc7f63d0-9189-f011-b4cc-002248271486
1265031f-e394-f111-8075-0022481e6c23,1,Belmont Decommissioning,,,,Low Impact,1,0,,,25965532,04d25798-3a42-ee11-bdf5-000d3a8fd327,5597000c-e394-f111-8075-0022481e6c23,cba1c26b-9289-f011-b4cc-7c1e527d2157
51be6c1d-e394-f111-8075-7c1e5215f4b4,1,Belmont Decommissioning,,,,Low Impact,1,0,,,25965530,04d25798-3a42-ee11-bdf5-000d3a8fd327,5597000c-e394-f111-8075-0022481e6c23,c91de0e9-9189-f011-b4cc-7c1e527d2157
26faab1d-e394-f111-8075-000d3a99ae1b,1,Belmont Decommissioning,,,,Low Impact,1,0,,,25965528,04d25798-3a42-ee11-bdf5-000d3a8fd327,5597000c-e394-f111-8075-0022481e6c23,31d4e7e3-9189-f011-b4cc-7c1e527d2157
21faab1d-e394-f111-8075-000d3a99ae1b,1,Belmont Decommissioning,,,,Low Impact,1,0,,,25965526,04d25798-3a42-ee11-bdf5-000d3a8fd327,5597000c-e394-f111-8075-0022481e6c23,09e36ed6-9189-f011-b4cc-002248271486
0d65031f-e394-f111-8075-0022481e6c23,10,Belmont Decommissioning,,,,High Impact,1,0,,,25965524,04d25798-3a42-ee11-bdf5-000d3a8fd327,5597000c-e394-f111-8075-0022481e6c23,124ef45c-9289-f011-b4cc-002248271486
2dfaab1d-e394-f111-8075-000d3a99ae1b,5,Belmont decommissioning,,,,Moderate Impact,1,0,,,25965522,04d25798-3a42-ee11-bdf5-000d3a8fd327,5597000c-e394-f111-8075-0022481e6c23,23511df6-9189-f011-b4cc-7c1e527d2157
30faab1d-e394-f111-8075-000d3a99ae1b,5,"Coordination, ensuring compliance, supply chain and warehouse operations, etc.",,,,Moderate Impact,1,0,,,25965520,04d25798-3a42-ee11-bdf5-000d3a8fd327,5597000c-e394-f111-8075-0022481e6c23,a633db83-9289-f011-b4cc-7c1e527d2157
4ebe6c1d-e394-f111-8075-7c1e5215f4b4,1,C,,,,Low Impact,1,0,,,25965518,04d25798-3a42-ee11-bdf5-000d3a8fd327,5597000c-e394-f111-8075-0022481e6c23,40a9de76-9289-f011-b4cc-7c1e527cd923
b921851c-e394-f111-8076-7c1e527cdbd8,1,minimal risk,,,,Low Impact,1,0,,,25965516,04d25798-3a42-ee11-bdf5-000d3a8fd327,5597000c-e394-f111-8075-0022481e6c23,c29afc0a-9289-f011-b4cc-7c1e527d2157
22faab1d-e394-f111-8075-000d3a99ae1b,1,"Global requirement to have two geographically separate storage sites for cell banks, this will be in line with ICH Q5D geo-segregation per SOP-223841, ‘Global SOP, Mammalian Cell Banking and Safety Testing’ v1.0.",,,,Low Impact,1,0,,,25965514,04d25798-3a42-ee11-bdf5-000d3a8fd327,5597000c-e394-f111-8075-0022481e6c23,6e1c0e50-9289-f011-b4cc-002248271486
1165031f-e394-f111-8075-0022481e6c23,10,Removal of storage location,,,,High Impact,1,0,,,25965512,04d25798-3a42-ee11-bdf5-000d3a8fd327,5597000c-e394-f111-8075-0022481e6c23,740adf46-9289-f011-b4cc-7c1e527cd923
338cae1c-e394-f111-8076-0022481fc755,1,Transfer of Cell Banks,,,,Low Impact,1,0,,,25965510,04d25798-3a42-ee11-bdf5-000d3a8fd327,5597000c-e394-f111-8075-0022481e6c23,fc7f63d0-9189-f011-b4cc-002248271486
1565031f-e394-f111-8075-0022481e6c23,1,Only transfer of cell banks,,,,Low Impact,1,0,,,25965508,04d25798-3a42-ee11-bdf5-000d3a8fd327,5597000c-e394-f111-8075-0022481e6c23,300edd89-9289-f011-b4cc-7c1e527d2157
a921851c-e394-f111-8076-7c1e527cdbd8,15,Impacts all products stored at Belmont,,,,Critical Impact,1,0,,,25965506,04d25798-3a42-ee11-bdf5-000d3a8fd327,5597000c-e394-f111-8075-0022481e6c23,3182c040-9289-f011-b4cc-7c1e527cd923
fd04900d-ba8a-f111-ab10-0022481fc755,1,Already in flight,,,,Low Impact,1,0,,,25831064,04d25798-3a42-ee11-bdf5-000d3a8fd327,284dab08-ba8a-f111-ab0f-3833c5ec8135,a633db83-9289-f011-b4cc-7c1e527d2157
644ab711-ba8a-f111-ab10-000d3a99ae1b,0,None,,,,No Impact,1,0,,,25831063,04d25798-3a42-ee11-bdf5-000d3a8fd327,284dab08-ba8a-f111-ab0f-3833c5ec8135,c29afc0a-9289-f011-b4cc-7c1e527d2157
97a4d111-ba8a-f111-ab10-7c1e527cdbd8,0,None,,,,No Impact,1,0,,,25831061,04d25798-3a42-ee11-bdf5-000d3a8fd327,284dab08-ba8a-f111-ab0f-3833c5ec8135,6e1c0e50-9289-f011-b4cc-002248271486
98a4d111-ba8a-f111-ab10-7c1e527cdbd8,0,None,,,,No Impact,1,0,,,25831059,04d25798-3a42-ee11-bdf5-000d3a8fd327,284dab08-ba8a-f111-ab0f-3833c5ec8135,3182c040-9289-f011-b4cc-7c1e527cd923
12362212-ba8a-f111-ab0f-7c1e5215f4b4,1,None - wont let me slect None,None,,,Low Impact,1,0,,,25831057,04d25798-3a42-ee11-bdf5-000d3a8fd327,284dab08-ba8a-f111-ab0f-3833c5ec8135,40a9de76-9289-f011-b4cc-7c1e527cd923
fe04900d-ba8a-f111-ab10-0022481fc755,1,None - wont let me select None,None,,,Low Impact,1,0,,,25831055,04d25798-3a42-ee11-bdf5-000d3a8fd327,284dab08-ba8a-f111-ab0f-3833c5ec8135,300edd89-9289-f011-b4cc-7c1e527d2157
f304900d-ba8a-f111-ab10-0022481fc755,0,None,,,,No Impact,1,0,,,25831053,04d25798-3a42-ee11-bdf5-000d3a8fd327,284dab08-ba8a-f111-ab0f-3833c5ec8135,fc7f63d0-9189-f011-b4cc-002248271486
534ab711-ba8a-f111-ab10-000d3a99ae1b,0,See SPARE Program Slide and VC in SPOT Record,,,,No Impact,1,0,,,25831051,04d25798-3a42-ee11-bdf5-000d3a8fd327,284dab08-ba8a-f111-ab0f-3833c5ec8135,740adf46-9289-f011-b4cc-7c1e527cd923
fc04900d-ba8a-f111-ab10-0022481fc755,1,None,,,,Low Impact,1,0,,,25831049,04d25798-3a42-ee11-bdf5-000d3a8fd327,284dab08-ba8a-f111-ab0f-3833c5ec8135,cba1c26b-9289-f011-b4cc-7c1e527d2157
13362212-ba8a-f111-ab0f-7c1e5215f4b4,0,None,,,,No Impact,1,0,,,25831048,04d25798-3a42-ee11-bdf5-000d3a8fd327,284dab08-ba8a-f111-ab0f-3833c5ec8135,31d4e7e3-9189-f011-b4cc-7c1e527d2157
4259cc0e-ba8a-f111-ab0f-3833c5ec8135,0,None,,,,No Impact,1,0,,,25831046,04d25798-3a42-ee11-bdf5-000d3a8fd327,284dab08-ba8a-f111-ab0f-3833c5ec8135,c91de0e9-9189-f011-b4cc-7c1e527d2157
f704900d-ba8a-f111-ab10-0022481fc755,0,None,,,,No Impact,1,0,,,25831045,04d25798-3a42-ee11-bdf5-000d3a8fd327,284dab08-ba8a-f111-ab0f-3833c5ec8135,09e36ed6-9189-f011-b4cc-002248271486
524ab711-ba8a-f111-ab10-000d3a99ae1b,0,None,,,,No Impact,1,0,,,25831043,04d25798-3a42-ee11-bdf5-000d3a8fd327,284dab08-ba8a-f111-ab0f-3833c5ec8135,124ef45c-9289-f011-b4cc-002248271486
14362212-ba8a-f111-ab0f-7c1e5215f4b4,0,None,,,,No Impact,1,0,,,25831041,04d25798-3a42-ee11-bdf5-000d3a8fd327,284dab08-ba8a-f111-ab0f-3833c5ec8135,23511df6-9189-f011-b4cc-7c1e527d2157
f725a0e5-8c87-f111-ab0f-70a8a53eb3d2,0,,,,,No Impact,1,0,,,25672626,04d25798-3a42-ee11-bdf5-000d3a8fd327,a796179f-8c87-f111-ab0f-7ced8d1ca135,09e36ed6-9189-f011-b4cc-002248271486
cd54772f-1d82-f111-ab0e-000d3a99ae1b,15,Part of enddorsed CAPS roadmap,Part of enddorsed CAPS roadmap,,,Critical Impact,1,0,,,25645556,04d25798-3a42-ee11-bdf5-000d3a8fd327,43fe1227-1d82-f111-ab0f-000d3a8cdfc7,124ef45c-9289-f011-b4cc-002248271486
3a6c0311-234a-f111-bec6-7c1e527f1b2f,1,"Heavy load of tubing, valves and pressure transmitter on a cart that is not designed for the setup is a safety risk. This could lead to potential batch loss.",,,,Low Impact,1,0,,,25645475,04d25798-3a42-ee11-bdf5-000d3a8fd327,311101dc-224a-f111-bec6-7c1e5215f4b4,3182c040-9289-f011-b4cc-7c1e527cd923
466c0311-234a-f111-bec6-7c1e527f1b2f,1,Design and implementation of new cart will require engineering resources. No qualification required as the cart is not product contact.,,,,Low Impact,1,0,,,25645473,04d25798-3a42-ee11-bdf5-000d3a8fd327,311101dc-224a-f111-bec6-7c1e5215f4b4,cba1c26b-9289-f011-b4cc-7c1e527d2157
33f97c0d-234a-f111-bec6-7c1e527cdbd8,0,N/A,,,,No Impact,1,0,,,25645471,04d25798-3a42-ee11-bdf5-000d3a8fd327,311101dc-224a-f111-bec6-7c1e5215f4b4,c91de0e9-9189-f011-b4cc-7c1e527d2157
2af97c0d-234a-f111-bec6-7c1e527cdbd8,0,N/A,,,,No Impact,1,0,,,25645469,04d25798-3a42-ee11-bdf5-000d3a8fd327,311101dc-224a-f111-bec6-7c1e5215f4b4,31d4e7e3-9189-f011-b4cc-7c1e527d2157
16ba0711-234a-f111-bec6-000d3a55d556,0,N/A,,,,No Impact,1,0,,,25645467,04d25798-3a42-ee11-bdf5-000d3a8fd327,311101dc-224a-f111-bec6-7c1e5215f4b4,09e36ed6-9189-f011-b4cc-002248271486
19ba0711-234a-f111-bec6-000d3a55d556,1,Aligns to ensure MPS delivery,,,,Low Impact,1,0,,,25645465,04d25798-3a42-ee11-bdf5-000d3a8fd327,311101dc-224a-f111-bec6-7c1e5215f4b4,124ef45c-9289-f011-b4cc-002248271486
056c7a10-234a-f111-bec6-000d3a8b49d9,0,N/A,,,,No Impact,1,0,,,25645462,04d25798-3a42-ee11-bdf5-000d3a8fd327,311101dc-224a-f111-bec6-7c1e5215f4b4,23511df6-9189-f011-b4cc-7c1e527d2157
adddd80d-234a-f111-bec6-7c1e5215f4b4,1,Cart will be designed offline and implemented without impact to operations.,,,,Low Impact,1,0,,,25645460,04d25798-3a42-ee11-bdf5-000d3a8fd327,311101dc-224a-f111-bec6-7c1e5215f4b4,40a9de76-9289-f011-b4cc-7c1e527cd923
1fba0711-234a-f111-bec6-000d3a55d556,5,Current cart is not appropriate for TAK-079 and future products. The heavy tubing assembly poses a safety risk and could lead to batch loss if appropriate cart is not designed and procured.,,,,Moderate Impact,1,0,,,25645457,04d25798-3a42-ee11-bdf5-000d3a8fd327,311101dc-224a-f111-bec6-7c1e5215f4b4,c29afc0a-9289-f011-b4cc-7c1e527d2157
18ba0711-234a-f111-bec6-000d3a55d556,0,N/A,,,,No Impact,1,0,,,25645455,04d25798-3a42-ee11-bdf5-000d3a8fd327,311101dc-224a-f111-bec6-7c1e5215f4b4,6e1c0e50-9289-f011-b4cc-002248271486
bf299e11-234a-f111-bec6-000d3a8cdfc7,0,N/A,,,,No Impact,1,0,,,25645453,04d25798-3a42-ee11-bdf5-000d3a8fd327,311101dc-224a-f111-bec6-7c1e5215f4b4,740adf46-9289-f011-b4cc-7c1e527cd923
a8ddd80d-234a-f111-bec6-7c1e5215f4b4,5,"Heavy load of tubing, valves and pressure transmitter on a cart that is not designed for the setup is a safety risk.",,,,Moderate Impact,1,0,,,25645451,04d25798-3a42-ee11-bdf5-000d3a8fd327,311101dc-224a-f111-bec6-7c1e5215f4b4,fc7f63d0-9189-f011-b4cc-002248271486
bddabf0e-234a-f111-bec6-0022481fc755,1,Evaluation of tubing management and potential to purchase new clarification cart may be required.,,,,Low Impact,1,0,,,25645449,04d25798-3a42-ee11-bdf5-000d3a8fd327,311101dc-224a-f111-bec6-7c1e5215f4b4,300edd89-9289-f011-b4cc-7c1e527d2157
67415122-214a-f111-bec6-000d3a8b49d9,5,Installing overhead hoist will require multiple teams and downtime in the room to install.,,,,Moderate Impact,1,0,,,25645443,04d25798-3a42-ee11-bdf5-000d3a8fd327,5f60f114-214a-f111-bec6-7c1e527f1b2f,cba1c26b-9289-f011-b4cc-7c1e527d2157
524ce720-214a-f111-bec6-7c1e527f1b2f,0,N/A,,,,No Impact,1,0,,,25645441,04d25798-3a42-ee11-bdf5-000d3a8fd327,5f60f114-214a-f111-bec6-7c1e527f1b2f,c91de0e9-9189-f011-b4cc-7c1e527d2157
434ce720-214a-f111-bec6-7c1e527f1b2f,0,N/A,,,,No Impact,1,0,,,25645439,04d25798-3a42-ee11-bdf5-000d3a8fd327,5f60f114-214a-f111-bec6-7c1e527f1b2f,09e36ed6-9189-f011-b4cc-002248271486
daf7951f-214a-f111-bec6-7c1e527cdbd8,0,N/A,,,,No Impact,1,0,,,25645436,04d25798-3a42-ee11-bdf5-000d3a8fd327,5f60f114-214a-f111-bec6-7c1e527f1b2f,31d4e7e3-9189-f011-b4cc-7c1e527d2157
83fc3320-214a-f111-bec6-0022481fc755,1,Safety project is to enable base business in support of 0 time lost injuries.,,,,Low Impact,1,0,,,25645434,04d25798-3a42-ee11-bdf5-000d3a8fd327,5f60f114-214a-f111-bec6-7c1e527f1b2f,124ef45c-9289-f011-b4cc-002248271486
acf80421-214a-f111-bec6-7c1e521b8e2c,0,N/A,,,,No Impact,1,0,,,25645432,04d25798-3a42-ee11-bdf5-000d3a8fd327,5f60f114-214a-f111-bec6-7c1e527f1b2f,23511df6-9189-f011-b4cc-7c1e527d2157
88fc3320-214a-f111-bec6-0022481fc755,5,Cross functional team is required.,,,,Moderate Impact,1,0,,,25645430,04d25798-3a42-ee11-bdf5-000d3a8fd327,5f60f114-214a-f111-bec6-7c1e527f1b2f,a633db83-9289-f011-b4cc-7c1e527d2157
d3f7951f-214a-f111-bec6-7c1e527cdbd8,10,"If overhead hoist will be installed, this will require a room shutdown for installation. 

For mobile hoist option, no room shutdown required.",,,,High Impact,1,0,,,25645428,04d25798-3a42-ee11-bdf5-000d3a8fd327,5f60f114-214a-f111-bec6-7c1e527f1b2f,40a9de76-9289-f011-b4cc-7c1e527cd923
4abaef22-214a-f111-bec6-70a8a53eb3d2,0,Operation can be performed with multiple operators to break down CUNO filters. Current operation oses a high safety risk.,,,,No Impact,1,0,,,25645426,04d25798-3a42-ee11-bdf5-000d3a8fd327,5f60f114-214a-f111-bec6-7c1e527f1b2f,c29afc0a-9289-f011-b4cc-7c1e527d2157
ee203c1f-214a-f111-bec6-000d3a8cdfc7,0,Production benefit is safety of operators.,,,,No Impact,1,0,,,25645419,04d25798-3a42-ee11-bdf5-000d3a8fd327,5f60f114-214a-f111-bec6-7c1e527f1b2f,6e1c0e50-9289-f011-b4cc-002248271486
f8203c1f-214a-f111-bec6-000d3a8cdfc7,0,N/A - safety project,,,,No Impact,1,0,,,25645417,04d25798-3a42-ee11-bdf5-000d3a8fd327,5f60f114-214a-f111-bec6-7c1e527f1b2f,740adf46-9289-f011-b4cc-7c1e527cd923
4c0eeb1c-214a-f111-bec6-70a8a53eb3d2,10,Addresses Beacon 180480 observation that describes manual lifting of CUNO filters weighing 50-70lbs may place employees at risk for strain or injury due to the weight and positioning of the filter.,,,,High Impact,1,0,,,25645407,04d25798-3a42-ee11-bdf5-000d3a8fd327,5f60f114-214a-f111-bec6-7c1e527f1b2f,fc7f63d0-9189-f011-b4cc-002248271486
aef0281e-214a-f111-bec6-7c1e5215f4b4,1,Cost around $40k to $50K for a hoist (mobile or overhead),,,,Low Impact,1,0,,,25645405,04d25798-3a42-ee11-bdf5-000d3a8fd327,5f60f114-214a-f111-bec6-7c1e527f1b2f,300edd89-9289-f011-b4cc-7c1e527d2157
84fc3320-214a-f111-bec6-0022481fc755,0,Current operations and being completed with 2 operators lifting CUNOs post-processing. Business continuity is possible with appropriate staffing.,,,,No Impact,1,0,,,25645403,04d25798-3a42-ee11-bdf5-000d3a8fd327,5f60f114-214a-f111-bec6-7c1e527f1b2f,3182c040-9289-f011-b4cc-7c1e527cd923
6b95a871-204a-f111-bec6-70a8a53eb3d2,1,Routine work to bring in new filter housing required to implement.,,,,Low Impact,1,0,,,25645387,04d25798-3a42-ee11-bdf5-000d3a8fd327,e32aee5c-204a-f111-bec6-7c1e5215f4b4,cba1c26b-9289-f011-b4cc-7c1e527d2157
042f2675-204a-f111-bec6-7c1e5215f4b4,0,N/A,,,,No Impact,1,0,,,25645385,04d25798-3a42-ee11-bdf5-000d3a8fd327,e32aee5c-204a-f111-bec6-7c1e5215f4b4,c91de0e9-9189-f011-b4cc-7c1e527d2157
62c02d6f-204a-f111-bec6-7c1e5215f4b4,0,N/A,,,,No Impact,1,0,,,25645383,04d25798-3a42-ee11-bdf5-000d3a8fd327,e32aee5c-204a-f111-bec6-7c1e5215f4b4,09e36ed6-9189-f011-b4cc-002248271486
e08f4570-204a-f111-bec6-000d3a55d556,0,N/A - stainless steel part,,,,No Impact,1,0,,,25645381,04d25798-3a42-ee11-bdf5-000d3a8fd327,e32aee5c-204a-f111-bec6-7c1e5215f4b4,31d4e7e3-9189-f011-b4cc-7c1e527d2157
57a64670-204a-f111-bec6-000d3a8b49d9,0,N/A,,,,No Impact,1,0,,,25645378,04d25798-3a42-ee11-bdf5-000d3a8fd327,e32aee5c-204a-f111-bec6-7c1e5215f4b4,23511df6-9189-f011-b4cc-7c1e527d2157
d6e54c71-204a-f111-bec6-7c1e527f1b2f,1,No impact to production. Implementation is mostly paperwork and idle time in suite can be utilized to qualify the new CUNO filter holder.,,,,Low Impact,1,0,,,25645376,04d25798-3a42-ee11-bdf5-000d3a8fd327,e32aee5c-204a-f111-bec6-7c1e5215f4b4,40a9de76-9289-f011-b4cc-7c1e527cd923
5e95a871-204a-f111-bec6-70a8a53eb3d2,10,2x1 operations cannot occur with TAK-079. Future capacity at 400SW will be limited. Schedule has required borrowing equipment from different suites to continue operations. If additional CUNO filter holder is not available batch could be lost.,,,,High Impact,1,0,,,25645371,04d25798-3a42-ee11-bdf5-000d3a8fd327,e32aee5c-204a-f111-bec6-7c1e5215f4b4,c29afc0a-9289-f011-b4cc-7c1e527d2157
c2dbd66e-204a-f111-bec6-000d3a8cdfc7,0,CUNO filter holder is required for base business to run 2x1 and maximize capacity at Lexington 400SW,,,,No Impact,1,0,,,25645369,04d25798-3a42-ee11-bdf5-000d3a8fd327,e32aee5c-204a-f111-bec6-7c1e5215f4b4,740adf46-9289-f011-b4cc-7c1e527cd923
3ea64670-204a-f111-bec6-000d3a8b49d9,0,N/A,,,,No Impact,1,0,,,25645367,04d25798-3a42-ee11-bdf5-000d3a8fd327,e32aee5c-204a-f111-bec6-7c1e5215f4b4,fc7f63d0-9189-f011-b4cc-002248271486
54a64670-204a-f111-bec6-000d3a8b49d9,10,TAK-079 cannot be run in 2x1 with an ERT (VPRIV or Replagal) withiout additional CUNO filter holder. This will hinder capacity at MBO.,,,,High Impact,1,0,,,25645117,04d25798-3a42-ee11-bdf5-000d3a8fd327,e32aee5c-204a-f111-bec6-7c1e5215f4b4,3182c040-9289-f011-b4cc-7c1e527cd923
57b0c831-1d82-f111-ab0f-0022481fc755,1,Executed same project in 300SW,Same project executd in 300SW,,,Low Impact,1,0,,,25600087,04d25798-3a42-ee11-bdf5-000d3a8fd327,43fe1227-1d82-f111-ab0f-000d3a8cdfc7,cba1c26b-9289-f011-b4cc-7c1e527d2157
e50ce532-1d82-f111-ab0e-7ced8d1ca135,0,N/A,N/A,,,No Impact,1,0,,,25600085,04d25798-3a42-ee11-bdf5-000d3a8fd327,43fe1227-1d82-f111-ab0f-000d3a8cdfc7,c91de0e9-9189-f011-b4cc-7c1e527d2157
93b90631-1d82-f111-ab0f-7c1e5215f4b4,0,N/A,N/A,,,No Impact,1,0,,,25600083,04d25798-3a42-ee11-bdf5-000d3a8fd327,43fe1227-1d82-f111-ab0f-000d3a8cdfc7,31d4e7e3-9189-f011-b4cc-7c1e527d2157
7c98d931-1d82-f111-ab0f-70a8a53eb3d2,1,Less utilization of systems,"ELECTRICITY Purchased - Usage
-508,237

kWh


NATURAL GAS (Energy Units) - Usage
-40,702

Therm",,,Low Impact,1,0,,,25600081,04d25798-3a42-ee11-bdf5-000d3a8fd327,43fe1227-1d82-f111-ab0f-000d3a8cdfc7,09e36ed6-9189-f011-b4cc-002248271486
94b90631-1d82-f111-ab0f-7c1e5215f4b4,0,n/a,N/a,,,No Impact,1,0,,,25600077,04d25798-3a42-ee11-bdf5-000d3a8fd327,43fe1227-1d82-f111-ab0f-000d3a8cdfc7,23511df6-9189-f011-b4cc-7c1e527d2157
2e21ad33-1d82-f111-ab0f-000d3a8cdfc7,1,Vender executed,Vender Executed small PM/Eng presence,,,Low Impact,1,0,,,25600075,04d25798-3a42-ee11-bdf5-000d3a8fd327,43fe1227-1d82-f111-ab0f-000d3a8cdfc7,a633db83-9289-f011-b4cc-7c1e527d2157
d60ce532-1d82-f111-ab0e-7ced8d1ca135,1,N/A,N/A,,,Low Impact,1,0,,,25600073,04d25798-3a42-ee11-bdf5-000d3a8fd327,43fe1227-1d82-f111-ab0f-000d3a8cdfc7,40a9de76-9289-f011-b4cc-7c1e527cd923
56b0c831-1d82-f111-ab0f-0022481fc755,0,N/A,N/A,,,No Impact,1,0,,,25600071,04d25798-3a42-ee11-bdf5-000d3a8fd327,43fe1227-1d82-f111-ab0f-000d3a8cdfc7,c29afc0a-9289-f011-b4cc-7c1e527d2157
cc54772f-1d82-f111-ab0e-000d3a99ae1b,0,N/A,N/A,,,No Impact,1,0,,,25600069,04d25798-3a42-ee11-bdf5-000d3a8fd327,43fe1227-1d82-f111-ab0f-000d3a8cdfc7,6e1c0e50-9289-f011-b4cc-002248271486
3fb0c831-1d82-f111-ab0f-0022481fc755,5,Energy Savings Associated with CAPS Roadmap,"-508,237 kWH Electricity
-40702 Therms",,,Moderate Impact,1,0,,,25600067,04d25798-3a42-ee11-bdf5-000d3a8fd327,43fe1227-1d82-f111-ab0f-000d3a8cdfc7,740adf46-9289-f011-b4cc-7c1e527cd923
c754772f-1d82-f111-ab0e-000d3a99ae1b,0,N/A,N/A,,,No Impact,1,0,,,25600065,04d25798-3a42-ee11-bdf5-000d3a8fd327,43fe1227-1d82-f111-ab0f-000d3a8cdfc7,fc7f63d0-9189-f011-b4cc-002248271486
2aef272d-1d82-f111-ab0f-000d3a8cdfc7,1,Office Area improvement,Office Area - No impact to production,,,Low Impact,1,0,,,25600062,04d25798-3a42-ee11-bdf5-000d3a8fd327,43fe1227-1d82-f111-ab0f-000d3a8cdfc7,3182c040-9289-f011-b4cc-7c1e527cd923
59b0c831-1d82-f111-ab0f-0022481fc755,1,Proposals recieved,Through Proposal,,,Low Impact,1,0,,,25600060,04d25798-3a42-ee11-bdf5-000d3a8fd327,43fe1227-1d82-f111-ab0f-000d3a8cdfc7,300edd89-9289-f011-b4cc-7c1e527d2157
35014a07-fb81-f111-ab0e-000d3a99ae1b,0,,,,,No Impact,1,0,,,25599317,04d25798-3a42-ee11-bdf5-000d3a8fd327,98a4c549-9674-f111-ab0f-000d3a8cdfc7,300edd89-9289-f011-b4cc-7c1e527d2157
521a4004-fb81-f111-ab0f-0022481fc755,0,,,,,No Impact,1,0,,,25599316,04d25798-3a42-ee11-bdf5-000d3a8fd327,98a4c549-9674-f111-ab0f-000d3a8cdfc7,a633db83-9289-f011-b4cc-7c1e527d2157
82781c04-fb81-f111-ab0f-7c1e527cdbd8,0,,,,,No Impact,1,0,,,25599315,04d25798-3a42-ee11-bdf5-000d3a8fd327,98a4c549-9674-f111-ab0f-000d3a8cdfc7,cba1c26b-9289-f011-b4cc-7c1e527d2157
2b014a07-fb81-f111-ab0e-000d3a99ae1b,0,,,,,No Impact,1,0,,,25599314,04d25798-3a42-ee11-bdf5-000d3a8fd327,98a4c549-9674-f111-ab0f-000d3a8cdfc7,c29afc0a-9289-f011-b4cc-7c1e527d2157
81781c04-fb81-f111-ab0f-7c1e527cdbd8,0,,,,,No Impact,1,0,,,25599313,04d25798-3a42-ee11-bdf5-000d3a8fd327,98a4c549-9674-f111-ab0f-000d3a8cdfc7,23511df6-9189-f011-b4cc-7c1e527d2157
511a4004-fb81-f111-ab0f-0022481fc755,0,,,,,No Impact,1,0,,,25599312,04d25798-3a42-ee11-bdf5-000d3a8fd327,98a4c549-9674-f111-ab0f-000d3a8cdfc7,c91de0e9-9189-f011-b4cc-7c1e527d2157
891de003-fb81-f111-ab0f-7c1e5215f4b4,0,,,,,No Impact,1,0,,,25599311,04d25798-3a42-ee11-bdf5-000d3a8fd327,98a4c549-9674-f111-ab0f-000d3a8cdfc7,31d4e7e3-9189-f011-b4cc-7c1e527d2157
4d1a4004-fb81-f111-ab0f-0022481fc755,0,,,,,No Impact,1,0,,,25599310,04d25798-3a42-ee11-bdf5-000d3a8fd327,98a4c549-9674-f111-ab0f-000d3a8cdfc7,40a9de76-9289-f011-b4cc-7c1e527cd923
851de003-fb81-f111-ab0f-7c1e5215f4b4,0,,,,,No Impact,1,0,,,25599308,04d25798-3a42-ee11-bdf5-000d3a8fd327,98a4c549-9674-f111-ab0f-000d3a8cdfc7,740adf46-9289-f011-b4cc-7c1e527cd923
3a1a4004-fb81-f111-ab0f-0022481fc755,0,,,,,No Impact,1,0,,,25599307,04d25798-3a42-ee11-bdf5-000d3a8fd327,98a4c549-9674-f111-ab0f-000d3a8cdfc7,3182c040-9289-f011-b4cc-7c1e527cd923
391a4004-fb81-f111-ab0f-0022481fc755,0,,,,,No Impact,1,0,,,25599305,04d25798-3a42-ee11-bdf5-000d3a8fd327,98a4c549-9674-f111-ab0f-000d3a8cdfc7,124ef45c-9289-f011-b4cc-002248271486
80781c04-fb81-f111-ab0f-7c1e527cdbd8,0,,,,,No Impact,1,0,,,25599303,04d25798-3a42-ee11-bdf5-000d3a8fd327,98a4c549-9674-f111-ab0f-000d3a8cdfc7,6e1c0e50-9289-f011-b4cc-002248271486
f2004a07-fb81-f111-ab0e-000d3a99ae1b,0,,,,,No Impact,1,0,,,25599302,04d25798-3a42-ee11-bdf5-000d3a8fd327,98a4c549-9674-f111-ab0f-000d3a8cdfc7,09e36ed6-9189-f011-b4cc-002248271486
ec004a07-fb81-f111-ab0e-000d3a99ae1b,0,,,,,No Impact,1,0,,,25599300,04d25798-3a42-ee11-bdf5-000d3a8fd327,98a4c549-9674-f111-ab0f-000d3a8cdfc7,fc7f63d0-9189-f011-b4cc-002248271486
b01af544-ff22-f111-8341-7c1e5247a2b3,10,"While we have subject matter expertise and a vision of the improvements needed, this is a highly complex project with unknown challenges.",,,,High Impact,1,0,,,25170553,04d25798-3a42-ee11-bdf5-000d3a8fd327,67f1f35f-fb22-f111-8341-7c1e5247a2b3,cba1c26b-9289-f011-b4cc-7c1e527d2157
3ef9d520-fe6f-f111-ab0d-000d3a55d556,1,N/A,,,,Low Impact,1,0,,,25142668,04d25798-3a42-ee11-bdf5-000d3a8fd327,5627db19-fe6f-f111-ab0d-000d3a8b49d9,cba1c26b-9289-f011-b4cc-7c1e527d2157
3390941f-fe6f-f111-ab0d-7ced8d1ca135,0,N/A,,,,No Impact,1,0,,,25142666,04d25798-3a42-ee11-bdf5-000d3a8fd327,5627db19-fe6f-f111-ab0d-000d3a8b49d9,31d4e7e3-9189-f011-b4cc-7c1e527d2157
4a1b3320-fe6f-f111-ab0d-000d3a8b49d9,0,N/A,,,,No Impact,1,0,,,25142664,04d25798-3a42-ee11-bdf5-000d3a8fd327,5627db19-fe6f-f111-ab0d-000d3a8b49d9,c91de0e9-9189-f011-b4cc-7c1e527d2157
39f9d520-fe6f-f111-ab0d-000d3a55d556,0,N/A,,,,No Impact,1,0,,,25142662,04d25798-3a42-ee11-bdf5-000d3a8fd327,5627db19-fe6f-f111-ab0d-000d3a8b49d9,09e36ed6-9189-f011-b4cc-002248271486
3cf9d520-fe6f-f111-ab0d-000d3a55d556,15,FoF's role in the site is to enable strategic goals,,,,Critical Impact,1,0,,,25142660,04d25798-3a42-ee11-bdf5-000d3a8fd327,5627db19-fe6f-f111-ab0d-000d3a8b49d9,124ef45c-9289-f011-b4cc-002248271486
b7fe0322-fe6f-f111-ab0d-0022481fc755,0,No quality impact,,,,No Impact,1,0,,,25142658,04d25798-3a42-ee11-bdf5-000d3a8fd327,5627db19-fe6f-f111-ab0d-000d3a8b49d9,23511df6-9189-f011-b4cc-7c1e527d2157
ec1d551e-fe6f-f111-ab0d-000d3a99ae1b,5,Depends how often the LRF changes,,,,Moderate Impact,1,0,,,25142656,04d25798-3a42-ee11-bdf5-000d3a8fd327,5627db19-fe6f-f111-ab0d-000d3a8b49d9,a633db83-9289-f011-b4cc-7c1e527d2157
3df9d520-fe6f-f111-ab0d-000d3a55d556,1,None impact to production time,,,,Low Impact,1,0,,,25142654,04d25798-3a42-ee11-bdf5-000d3a8fd327,5627db19-fe6f-f111-ab0d-000d3a8b49d9,40a9de76-9289-f011-b4cc-7c1e527cd923
02c7961d-fe6f-f111-ab0d-000d3a8cdfc7,0,N/A,,,,No Impact,1,0,,,25142651,04d25798-3a42-ee11-bdf5-000d3a8fd327,5627db19-fe6f-f111-ab0d-000d3a8b49d9,c29afc0a-9289-f011-b4cc-7c1e527d2157
3190941f-fe6f-f111-ab0d-7ced8d1ca135,0,Goal would be to remove key bottlenecks before they impact MBO,,,,No Impact,1,0,,,25142649,04d25798-3a42-ee11-bdf5-000d3a8fd327,5627db19-fe6f-f111-ab0d-000d3a8b49d9,6e1c0e50-9289-f011-b4cc-002248271486
3290941f-fe6f-f111-ab0d-7ced8d1ca135,1,Identifying solutions before they are a problem.,,,,Low Impact,1,0,,,25142647,04d25798-3a42-ee11-bdf5-000d3a8fd327,5627db19-fe6f-f111-ab0d-000d3a8b49d9,740adf46-9289-f011-b4cc-7c1e527cd923
efc6961d-fe6f-f111-ab0d-000d3a8cdfc7,0,N/A,,,,No Impact,1,0,,,25142645,04d25798-3a42-ee11-bdf5-000d3a8fd327,5627db19-fe6f-f111-ab0d-000d3a8b49d9,fc7f63d0-9189-f011-b4cc-002248271486
511b3320-fe6f-f111-ab0d-000d3a8b49d9,1,just FTE hours,,,,Low Impact,1,0,,,25142643,04d25798-3a42-ee11-bdf5-000d3a8fd327,5627db19-fe6f-f111-ab0d-000d3a8b49d9,300edd89-9289-f011-b4cc-7c1e527d2157
8c980b21-fe6f-f111-ab0d-7c1e5215f4b4,0,N/A,,,,No Impact,1,0,,,25142641,04d25798-3a42-ee11-bdf5-000d3a8fd327,5627db19-fe6f-f111-ab0d-000d3a8b49d9,3182c040-9289-f011-b4cc-7c1e527cd923
0f6d40d3-6a63-f111-a826-0022481fc755,1,this is estimated at 45000,,,,Low Impact,1,0,,,24929960,04d25798-3a42-ee11-bdf5-000d3a8fd327,5739cbc5-6a63-f111-a826-7c1e5215f4b4,300edd89-9289-f011-b4cc-7c1e527d2157
b2a573d0-6a63-f111-a826-7c1e527cdbd8,10,asdasdadsa,,,,High Impact,1,0,,,24929958,04d25798-3a42-ee11-bdf5-000d3a8fd327,5739cbc5-6a63-f111-a826-7c1e5215f4b4,cba1c26b-9289-f011-b4cc-7c1e527d2157
6ee293d0-6a63-f111-a825-000d3a8cdfc7,5,asdasdadsasd,,,,Moderate Impact,1,0,,,24929956,04d25798-3a42-ee11-bdf5-000d3a8fd327,5739cbc5-6a63-f111-a826-7c1e5215f4b4,a633db83-9289-f011-b4cc-7c1e527d2157
5fe293d0-6a63-f111-a825-000d3a8cdfc7,5,asdasdad,,,,Moderate Impact,1,0,,,24929954,04d25798-3a42-ee11-bdf5-000d3a8fd327,5739cbc5-6a63-f111-a826-7c1e5215f4b4,40a9de76-9289-f011-b4cc-7c1e527cd923
09bac4d0-6a63-f111-a826-000d3a99ae1b,0,,,,,No Impact,1,0,,,24929947,04d25798-3a42-ee11-bdf5-000d3a8fd327,5739cbc5-6a63-f111-a826-7c1e5215f4b4,c29afc0a-9289-f011-b4cc-7c1e527d2157
66e293d0-6a63-f111-a825-000d3a8cdfc7,0,,,,,No Impact,1,0,,,24929946,04d25798-3a42-ee11-bdf5-000d3a8fd327,5739cbc5-6a63-f111-a826-7c1e5215f4b4,23511df6-9189-f011-b4cc-7c1e527d2157
32b5e4d1-6a63-f111-a826-7c1e5215f4b4,0,,,,,No Impact,1,0,,,24929945,04d25798-3a42-ee11-bdf5-000d3a8fd327,5739cbc5-6a63-f111-a826-7c1e5215f4b4,c91de0e9-9189-f011-b4cc-7c1e527d2157
31b5e4d1-6a63-f111-a826-7c1e5215f4b4,0,,,,,No Impact,1,0,,,24929944,04d25798-3a42-ee11-bdf5-000d3a8fd327,5739cbc5-6a63-f111-a826-7c1e5215f4b4,31d4e7e3-9189-f011-b4cc-7c1e527d2157
30b5e4d1-6a63-f111-a826-7c1e5215f4b4,0,,,,,No Impact,1,0,,,24929941,04d25798-3a42-ee11-bdf5-000d3a8fd327,5739cbc5-6a63-f111-a826-7c1e5215f4b4,740adf46-9289-f011-b4cc-7c1e527cd923
06bac4d0-6a63-f111-a826-000d3a99ae1b,0,,,,,No Impact,1,0,,,24929940,04d25798-3a42-ee11-bdf5-000d3a8fd327,5739cbc5-6a63-f111-a826-7c1e5215f4b4,3182c040-9289-f011-b4cc-7c1e527cd923
5ce293d0-6a63-f111-a825-000d3a8cdfc7,0,,,,,No Impact,1,0,,,24929939,04d25798-3a42-ee11-bdf5-000d3a8fd327,5739cbc5-6a63-f111-a826-7c1e5215f4b4,124ef45c-9289-f011-b4cc-002248271486
5ae293d0-6a63-f111-a825-000d3a8cdfc7,0,,,,,No Impact,1,0,,,24929938,04d25798-3a42-ee11-bdf5-000d3a8fd327,5739cbc5-6a63-f111-a826-7c1e5215f4b4,6e1c0e50-9289-f011-b4cc-002248271486
58e293d0-6a63-f111-a825-000d3a8cdfc7,0,,,,,No Impact,1,0,,,24929936,04d25798-3a42-ee11-bdf5-000d3a8fd327,5739cbc5-6a63-f111-a826-7c1e5215f4b4,09e36ed6-9189-f011-b4cc-002248271486
48a573d0-6a63-f111-a826-7c1e527cdbd8,0,,,,,No Impact,1,0,,,24929934,04d25798-3a42-ee11-bdf5-000d3a8fd327,5739cbc5-6a63-f111-a826-7c1e5215f4b4,fc7f63d0-9189-f011-b4cc-002248271486
c0f47e90-5660-f111-a825-000d3a99ae1b,1,Delays in manufacturing.,,,,Low Impact,1,0,,,24867486,04d25798-3a42-ee11-bdf5-000d3a8fd327,7b01f632-5660-f111-a826-7c1e5215f4b4,c29afc0a-9289-f011-b4cc-7c1e527d2157
49515894-5660-f111-a826-7c1e5215f4b4,5,Engineering Testing to determine Preact values is needed prior to starting the change.,,,,Moderate Impact,1,0,,,24867484,04d25798-3a42-ee11-bdf5-000d3a8fd327,7b01f632-5660-f111-a826-7c1e5215f4b4,a633db83-9289-f011-b4cc-7c1e527d2157
c7f47e90-5660-f111-a825-000d3a99ae1b,0,,,,,No Impact,1,0,,,24867483,04d25798-3a42-ee11-bdf5-000d3a8fd327,7b01f632-5660-f111-a826-7c1e5215f4b4,300edd89-9289-f011-b4cc-7c1e527d2157
e02b6791-5660-f111-a826-70a8a53eb3d2,0,,,,,No Impact,1,0,,,24867481,04d25798-3a42-ee11-bdf5-000d3a8fd327,7b01f632-5660-f111-a826-7c1e5215f4b4,cba1c26b-9289-f011-b4cc-7c1e527d2157
e6a5ca8e-5660-f111-a826-7c1e527cdbd8,0,,,,,No Impact,1,0,,,24867479,04d25798-3a42-ee11-bdf5-000d3a8fd327,7b01f632-5660-f111-a826-7c1e5215f4b4,23511df6-9189-f011-b4cc-7c1e527d2157
fcefad92-5660-f111-a826-0022481fc755,0,,,,,No Impact,1,0,,,24867478,04d25798-3a42-ee11-bdf5-000d3a8fd327,7b01f632-5660-f111-a826-7c1e5215f4b4,c91de0e9-9189-f011-b4cc-7c1e527d2157
bdf47e90-5660-f111-a825-000d3a99ae1b,0,,,,,No Impact,1,0,,,24867477,04d25798-3a42-ee11-bdf5-000d3a8fd327,7b01f632-5660-f111-a826-7c1e5215f4b4,31d4e7e3-9189-f011-b4cc-7c1e527d2157
f9efad92-5660-f111-a826-0022481fc755,0,,,,,No Impact,1,0,,,24867476,04d25798-3a42-ee11-bdf5-000d3a8fd327,7b01f632-5660-f111-a826-7c1e5215f4b4,40a9de76-9289-f011-b4cc-7c1e527cd923
dca5ca8e-5660-f111-a826-7c1e527cdbd8,0,,,,,No Impact,1,0,,,24867475,04d25798-3a42-ee11-bdf5-000d3a8fd327,7b01f632-5660-f111-a826-7c1e5215f4b4,740adf46-9289-f011-b4cc-7c1e527cd923
d6a5ca8e-5660-f111-a826-7c1e527cdbd8,0,,,,,No Impact,1,0,,,24867472,04d25798-3a42-ee11-bdf5-000d3a8fd327,7b01f632-5660-f111-a826-7c1e5215f4b4,3182c040-9289-f011-b4cc-7c1e527cd923
f0efad92-5660-f111-a826-0022481fc755,0,,,,,No Impact,1,0,,,24867471,04d25798-3a42-ee11-bdf5-000d3a8fd327,7b01f632-5660-f111-a826-7c1e5215f4b4,124ef45c-9289-f011-b4cc-002248271486
edefad92-5660-f111-a826-0022481fc755,0,,,,,No Impact,1,0,,,24867470,04d25798-3a42-ee11-bdf5-000d3a8fd327,7b01f632-5660-f111-a826-7c1e5215f4b4,6e1c0e50-9289-f011-b4cc-002248271486
e4efad92-5660-f111-a826-0022481fc755,0,,,,,No Impact,1,0,,,24867468,04d25798-3a42-ee11-bdf5-000d3a8fd327,7b01f632-5660-f111-a826-7c1e5215f4b4,09e36ed6-9189-f011-b4cc-002248271486
ca2b6791-5660-f111-a826-70a8a53eb3d2,0,,,,,No Impact,1,0,,,24867466,04d25798-3a42-ee11-bdf5-000d3a8fd327,7b01f632-5660-f111-a826-7c1e5215f4b4,fc7f63d0-9189-f011-b4cc-002248271486
727a5e7f-535f-f111-a826-7c1e5215f4b4,5,have done similar projects. however complex project w/ interdependancies,,,,Moderate Impact,1,0,,,24861179,04d25798-3a42-ee11-bdf5-000d3a8fd327,30822579-535f-f111-a826-7c1e5215f4b4,cba1c26b-9289-f011-b4cc-7c1e527d2157
d451b57f-535f-f111-a826-7c1e527cdbd8,0,na,,,,No Impact,1,0,,,24861176,04d25798-3a42-ee11-bdf5-000d3a8fd327,30822579-535f-f111-a826-7c1e5215f4b4,09e36ed6-9189-f011-b4cc-002248271486
a6b1607b-535f-f111-a825-000d3a99ae1b,0,na,,,,No Impact,1,0,,,24861174,04d25798-3a42-ee11-bdf5-000d3a8fd327,30822579-535f-f111-a826-7c1e5215f4b4,c91de0e9-9189-f011-b4cc-7c1e527d2157
a2b1607b-535f-f111-a825-000d3a99ae1b,0,na,,,,No Impact,1,0,,,24861172,04d25798-3a42-ee11-bdf5-000d3a8fd327,30822579-535f-f111-a826-7c1e5215f4b4,31d4e7e3-9189-f011-b4cc-7c1e527d2157
a9bdb77f-535f-f111-a826-000d3a8cdfc7,15,transformation,,,,Critical Impact,1,0,,,24861170,04d25798-3a42-ee11-bdf5-000d3a8fd327,30822579-535f-f111-a826-7c1e5215f4b4,124ef45c-9289-f011-b4cc-002248271486
168ec77f-535f-f111-a826-70a8a53eb3d2,0,na,,,,No Impact,1,0,,,24861168,04d25798-3a42-ee11-bdf5-000d3a8fd327,30822579-535f-f111-a826-7c1e5215f4b4,23511df6-9189-f011-b4cc-7c1e527d2157
747a5e7f-535f-f111-a826-7c1e5215f4b4,10,engineer hours,,,,High Impact,1,0,,,24861166,04d25798-3a42-ee11-bdf5-000d3a8fd327,30822579-535f-f111-a826-7c1e5215f4b4,a633db83-9289-f011-b4cc-7c1e527d2157
adbdb77f-535f-f111-a826-000d3a8cdfc7,1,need to phase in,,,,Low Impact,1,0,,,24861164,04d25798-3a42-ee11-bdf5-000d3a8fd327,30822579-535f-f111-a826-7c1e5215f4b4,40a9de76-9289-f011-b4cc-7c1e527cd923
1c8ec77f-535f-f111-a826-70a8a53eb3d2,0,nA,,,,No Impact,1,0,,,24861162,04d25798-3a42-ee11-bdf5-000d3a8fd327,30822579-535f-f111-a826-7c1e5215f4b4,c29afc0a-9289-f011-b4cc-7c1e527d2157
79b1607b-535f-f111-a825-000d3a99ae1b,5,cycle tie reduction,,,,Moderate Impact,1,0,,,24861161,04d25798-3a42-ee11-bdf5-000d3a8fd327,30822579-535f-f111-a826-7c1e5215f4b4,6e1c0e50-9289-f011-b4cc-002248271486
92b1607b-535f-f111-a825-000d3a99ae1b,15,"buffer aliquot: 
2000 h/y operator time
M/N 6381261 bag cost (0.80 O¥) 


media:
1400 h/y operator time 
M/N 6381256 bag cost (0.09 O¥)",,,,Critical Impact,1,0,,,24861159,04d25798-3a42-ee11-bdf5-000d3a8fd327,30822579-535f-f111-a826-7c1e5215f4b4,740adf46-9289-f011-b4cc-7c1e527cd923
657a5e7f-535f-f111-a826-7c1e5215f4b4,0,nA,,,,No Impact,1,0,,,24861157,04d25798-3a42-ee11-bdf5-000d3a8fd327,30822579-535f-f111-a826-7c1e5215f4b4,fc7f63d0-9189-f011-b4cc-002248271486
dc51b57f-535f-f111-a826-7c1e527cdbd8,5,potential engineering firm,,,,Moderate Impact,1,0,,,24861155,04d25798-3a42-ee11-bdf5-000d3a8fd327,30822579-535f-f111-a826-7c1e5215f4b4,300edd89-9289-f011-b4cc-7c1e527d2157
d951b57f-535f-f111-a826-7c1e527cdbd8,0,nA,,,,No Impact,1,0,,,24861153,04d25798-3a42-ee11-bdf5-000d3a8fd327,30822579-535f-f111-a826-7c1e5215f4b4,3182c040-9289-f011-b4cc-7c1e527cd923
257b9e42-525f-f111-a826-7c1e5215f4b4,5,complex project but have done in past,,,,Moderate Impact,1,0,,,24861111,04d25798-3a42-ee11-bdf5-000d3a8fd327,3608153b-525f-f111-a825-000d3a99ae1b,cba1c26b-9289-f011-b4cc-7c1e527d2157
b6d70747-525f-f111-a826-70a8a53eb3d2,0,N/?A,,,,No Impact,1,0,,,24861097,04d25798-3a42-ee11-bdf5-000d3a8fd327,3608153b-525f-f111-a825-000d3a99ae1b,c91de0e9-9189-f011-b4cc-7c1e527d2157
192eb042-525f-f111-a826-000d3a8cdfc7,1,some material savings associated to waste,,,,Low Impact,1,0,,,24861095,04d25798-3a42-ee11-bdf5-000d3a8fd327,3608153b-525f-f111-a825-000d3a99ae1b,31d4e7e3-9189-f011-b4cc-7c1e527d2157
152eb042-525f-f111-a826-000d3a8cdfc7,0,na,,,,No Impact,1,0,,,24861054,04d25798-3a42-ee11-bdf5-000d3a8fd327,3608153b-525f-f111-a825-000d3a99ae1b,09e36ed6-9189-f011-b4cc-002248271486
38c00a47-525f-f111-a825-000d3a99ae1b,15,transformation,,,,Critical Impact,1,0,,,24861050,04d25798-3a42-ee11-bdf5-000d3a8fd327,3608153b-525f-f111-a825-000d3a99ae1b,124ef45c-9289-f011-b4cc-002248271486
247b9e42-525f-f111-a826-7c1e5215f4b4,0,na,,,,No Impact,1,0,,,24861048,04d25798-3a42-ee11-bdf5-000d3a8fd327,3608153b-525f-f111-a825-000d3a99ae1b,23511df6-9189-f011-b4cc-7c1e527d2157
c0d70747-525f-f111-a826-70a8a53eb3d2,5,engineering hours to support this project,,,,Moderate Impact,1,0,,,24861046,04d25798-3a42-ee11-bdf5-000d3a8fd327,3608153b-525f-f111-a825-000d3a99ae1b,a633db83-9289-f011-b4cc-7c1e527d2157
19500544-525f-f111-a826-7c1e527cdbd8,1,need to phase into produciton,,,,Low Impact,1,0,,,24861044,04d25798-3a42-ee11-bdf5-000d3a8fd327,3608153b-525f-f111-a825-000d3a99ae1b,40a9de76-9289-f011-b4cc-7c1e527cd923
3bc00a47-525f-f111-a825-000d3a99ae1b,0,n/a,,,,No Impact,1,0,,,24861042,04d25798-3a42-ee11-bdf5-000d3a8fd327,3608153b-525f-f111-a825-000d3a99ae1b,c29afc0a-9289-f011-b4cc-7c1e527d2157
007b9e42-525f-f111-a826-7c1e5215f4b4,5,reduced cycle time - 6k hours,,,,Moderate Impact,1,0,,,24861040,04d25798-3a42-ee11-bdf5-000d3a8fd327,3608153b-525f-f111-a825-000d3a99ae1b,6e1c0e50-9289-f011-b4cc-002248271486
aad70747-525f-f111-a826-70a8a53eb3d2,10,6000operator hours + 60k in material saveings potential,,,,High Impact,1,0,,,24861038,04d25798-3a42-ee11-bdf5-000d3a8fd327,3608153b-525f-f111-a825-000d3a99ae1b,740adf46-9289-f011-b4cc-7c1e527cd923
102eb042-525f-f111-a826-000d3a8cdfc7,0,na,,,,No Impact,1,0,,,24861034,04d25798-3a42-ee11-bdf5-000d3a8fd327,3608153b-525f-f111-a825-000d3a99ae1b,fc7f63d0-9189-f011-b4cc-002248271486
a8faba48-525f-f111-a826-7c1e5215f4b4,1,potential engineering firm,,,,Low Impact,1,0,,,24861032,04d25798-3a42-ee11-bdf5-000d3a8fd327,3608153b-525f-f111-a825-000d3a99ae1b,300edd89-9289-f011-b4cc-7c1e527d2157
087b9e42-525f-f111-a826-7c1e5215f4b4,1,na,,,,Low Impact,1,0,,,24861030,04d25798-3a42-ee11-bdf5-000d3a8fd327,3608153b-525f-f111-a825-000d3a99ae1b,3182c040-9289-f011-b4cc-7c1e527cd923
422a71e9-0d1f-f111-8341-7c1e5247a2b3,1,Implement on BRX when they are not in use for production (active planning),,,,Low Impact,1,0,,,24732567,04d25798-3a42-ee11-bdf5-000d3a8fd327,9a9db714-0c1f-f111-8341-7c1e52146c0e,3182c040-9289-f011-b4cc-7c1e527cd923
ad67e9dc-6149-f111-bec6-7c1e527cdbd8,1,upgrade comes from the vendor,,,,Low Impact,1,0,,,24732517,04d25798-3a42-ee11-bdf5-000d3a8fd327,b88154af-6149-f111-bec6-7c1e5215f4b4,cba1c26b-9289-f011-b4cc-7c1e527d2157
ab67e9dc-6149-f111-bec6-7c1e527cdbd8,0,N/A,,,,No Impact,1,0,,,24732508,04d25798-3a42-ee11-bdf5-000d3a8fd327,b88154af-6149-f111-bec6-7c1e5215f4b4,c91de0e9-9189-f011-b4cc-7c1e527d2157
e54aa4d9-6149-f111-bec6-7c1e5215f4b4,0,N/A,,,,No Impact,1,0,,,24732506,04d25798-3a42-ee11-bdf5-000d3a8fd327,b88154af-6149-f111-bec6-7c1e5215f4b4,31d4e7e3-9189-f011-b4cc-7c1e527d2157
1e5b3eda-6149-f111-bec6-7ced8dcbf17a,0,N/A,,,,No Impact,1,0,,,24732497,04d25798-3a42-ee11-bdf5-000d3a8fd327,b88154af-6149-f111-bec6-7c1e5215f4b4,124ef45c-9289-f011-b4cc-002248271486
157842db-6149-f111-bec6-0022481fc755,0,N/A,,,,No Impact,1,0,,,24732332,04d25798-3a42-ee11-bdf5-000d3a8fd327,b88154af-6149-f111-bec6-7c1e5215f4b4,09e36ed6-9189-f011-b4cc-002248271486
c24579dd-6149-f111-bec6-000d3a8cdfc7,1,Deviation from time not syncing up on device with MES.,,,,Low Impact,1,0,,,24731864,04d25798-3a42-ee11-bdf5-000d3a8fd327,b88154af-6149-f111-bec6-7c1e5215f4b4,23511df6-9189-f011-b4cc-7c1e527d2157
0f62b1d9-6149-f111-bec6-70a8a53eb3d2,1,should be less than 300 or close to it.,,,,Low Impact,1,0,,,24731434,04d25798-3a42-ee11-bdf5-000d3a8fd327,b88154af-6149-f111-bec6-7c1e5215f4b4,a633db83-9289-f011-b4cc-7c1e527d2157
dd4aa4d9-6149-f111-bec6-7c1e5215f4b4,1,No impact.  upgrades scheduled around production schedule,,,,Low Impact,1,0,,,24731304,04d25798-3a42-ee11-bdf5-000d3a8fd327,b88154af-6149-f111-bec6-7c1e5215f4b4,40a9de76-9289-f011-b4cc-7c1e527cd923
215b3eda-6149-f111-bec6-7ced8dcbf17a,0,MES has a workaround at the moment.  Error does not result in batch loss.,,,,No Impact,1,0,,,24731295,04d25798-3a42-ee11-bdf5-000d3a8fd327,b88154af-6149-f111-bec6-7c1e5215f4b4,c29afc0a-9289-f011-b4cc-7c1e527d2157
1a7842db-6149-f111-bec6-0022481fc755,0,No production benefit,,,,No Impact,1,0,,,24731277,04d25798-3a42-ee11-bdf5-000d3a8fd327,b88154af-6149-f111-bec6-7c1e5215f4b4,6e1c0e50-9289-f011-b4cc-002248271486
205b3eda-6149-f111-bec6-7ced8dcbf17a,0,No financial benefit,,,,No Impact,1,0,,,24731269,04d25798-3a42-ee11-bdf5-000d3a8fd327,b88154af-6149-f111-bec6-7c1e5215f4b4,740adf46-9289-f011-b4cc-7c1e527cd923
1e9f74d7-6149-f111-bec6-000d3a8cdfc7,0,Not a safety issue,,,,No Impact,1,0,,,24731220,04d25798-3a42-ee11-bdf5-000d3a8fd327,b88154af-6149-f111-bec6-7c1e5215f4b4,fc7f63d0-9189-f011-b4cc-002248271486
335b3eda-6149-f111-bec6-7ced8dcbf17a,1,rough estimate based on past work.  should be <$100K,,,,Low Impact,1,0,,,24731218,04d25798-3a42-ee11-bdf5-000d3a8fd327,b88154af-6149-f111-bec6-7c1e5215f4b4,300edd89-9289-f011-b4cc-7c1e527d2157
1f5b3eda-6149-f111-bec6-7ced8dcbf17a,1,upgrades will be planned around production.   upgrade solves a compliance gap.,,,,Low Impact,1,0,,,24731176,04d25798-3a42-ee11-bdf5-000d3a8fd327,b88154af-6149-f111-bec6-7c1e5215f4b4,3182c040-9289-f011-b4cc-7c1e527cd923
5d73a8ba-c45d-f111-a825-70a8a598423c,1,Risk Assessments can be performed without encountering technical challenges.,,,,Low Impact,1,0,,,24731147,04d25798-3a42-ee11-bdf5-000d3a8fd327,b7f1a6a2-c45d-f111-a826-7c1e5215f4b4,cba1c26b-9289-f011-b4cc-7c1e527d2157
1ec5a3b9-c45d-f111-a826-0022481fc755,1,Not tied to value creation.,,,,Low Impact,1,0,,,24731141,04d25798-3a42-ee11-bdf5-000d3a8fd327,b7f1a6a2-c45d-f111-a826-7c1e5215f4b4,124ef45c-9289-f011-b4cc-002248271486
905687b8-c45d-f111-a826-000d3a8cdfc7,5,CAPA 5664355 output commitment.,,,,Moderate Impact,1,0,,,24731139,04d25798-3a42-ee11-bdf5-000d3a8fd327,b7f1a6a2-c45d-f111-a826-7c1e5215f4b4,23511df6-9189-f011-b4cc-7c1e527d2157
893a8cb6-c45d-f111-a826-7c1e527cdbd8,5,~524 hours in total. 72 hours in total for all members per system in scope.,,,,Moderate Impact,1,0,,,24731137,04d25798-3a42-ee11-bdf5-000d3a8fd327,b7f1a6a2-c45d-f111-a826-7c1e5215f4b4,a633db83-9289-f011-b4cc-7c1e527d2157
31cfb1ba-c45d-f111-a826-7c1e5215f4b4,1,No impact.,,,,Low Impact,1,0,,,24731133,04d25798-3a42-ee11-bdf5-000d3a8fd327,b7f1a6a2-c45d-f111-a826-7c1e5215f4b4,40a9de76-9289-f011-b4cc-7c1e527cd923
32c5a3b9-c45d-f111-a826-0022481fc755,1,The data integrity procedural gap exists however it has no impact to productivity/yield.,,,,Low Impact,1,0,,,24731131,04d25798-3a42-ee11-bdf5-000d3a8fd327,b7f1a6a2-c45d-f111-a826-7c1e5215f4b4,c29afc0a-9289-f011-b4cc-7c1e527d2157
4f73a8ba-c45d-f111-a825-70a8a598423c,0,None.,,,,No Impact,1,0,,,24731129,04d25798-3a42-ee11-bdf5-000d3a8fd327,b7f1a6a2-c45d-f111-a826-7c1e5215f4b4,6e1c0e50-9289-f011-b4cc-002248271486
853a8cb6-c45d-f111-a826-7c1e527cdbd8,1,Potential operating cost avoidance due to potential future audit citation,,,,Low Impact,1,0,,,24731127,04d25798-3a42-ee11-bdf5-000d3a8fd327,b7f1a6a2-c45d-f111-a826-7c1e5215f4b4,740adf46-9289-f011-b4cc-7c1e527cd923
19c5a3b9-c45d-f111-a826-0022481fc755,0,No Safety risk,,,,No Impact,1,0,,,24731125,04d25798-3a42-ee11-bdf5-000d3a8fd327,b7f1a6a2-c45d-f111-a826-7c1e5215f4b4,fc7f63d0-9189-f011-b4cc-002248271486
8a3a8cb6-c45d-f111-a826-7c1e527cdbd8,1,~524 hours for all systems. 72 hours for all cross-functional members per system in scope.,,,,Low Impact,1,0,,,24731123,04d25798-3a42-ee11-bdf5-000d3a8fd327,b7f1a6a2-c45d-f111-a826-7c1e5215f4b4,300edd89-9289-f011-b4cc-7c1e527d2157
875687b8-c45d-f111-a826-000d3a8cdfc7,1,This is a compliance gap.,,,,Low Impact,1,0,,,24731121,04d25798-3a42-ee11-bdf5-000d3a8fd327,b7f1a6a2-c45d-f111-a826-7c1e5215f4b4,3182c040-9289-f011-b4cc-7c1e527cd923
32cfb1ba-c45d-f111-a826-7c1e5215f4b4,0,,,,,No Impact,1,0,,,24731115,04d25798-3a42-ee11-bdf5-000d3a8fd327,b7f1a6a2-c45d-f111-a826-7c1e5215f4b4,c91de0e9-9189-f011-b4cc-7c1e527d2157
5a73a8ba-c45d-f111-a825-70a8a598423c,0,,,,,No Impact,1,0,,,24731114,04d25798-3a42-ee11-bdf5-000d3a8fd327,b7f1a6a2-c45d-f111-a826-7c1e5215f4b4,31d4e7e3-9189-f011-b4cc-7c1e527d2157
3fb6afb4-c45d-f111-a826-7c1e5215f4b4,0,,,,,No Impact,1,0,,,24731105,04d25798-3a42-ee11-bdf5-000d3a8fd327,b7f1a6a2-c45d-f111-a826-7c1e5215f4b4,09e36ed6-9189-f011-b4cc-002248271486
efac81c2-e34f-f111-bec7-7c1e5215f4b4,5,Eng Design,,,,Moderate Impact,1,0,,,24410795,04d25798-3a42-ee11-bdf5-000d3a8fd327,b9b308a3-e34f-f111-bec7-7c1e527cdbd8,cba1c26b-9289-f011-b4cc-7c1e527d2157
d87085c1-e34f-f111-bec7-7c1e527cdbd8,0,N/A,,,,No Impact,1,0,,,24410793,04d25798-3a42-ee11-bdf5-000d3a8fd327,b9b308a3-e34f-f111-bec7-7c1e527cdbd8,c91de0e9-9189-f011-b4cc-7c1e527d2157
b27085c1-e34f-f111-bec7-7c1e527cdbd8,0,N/A,,,,No Impact,1,0,,,24410791,04d25798-3a42-ee11-bdf5-000d3a8fd327,b9b308a3-e34f-f111-bec7-7c1e527cdbd8,09e36ed6-9189-f011-b4cc-002248271486
d6a24fc0-e34f-f111-bec6-6045bdee0338,0,N/A,,,,No Impact,1,0,,,24410789,04d25798-3a42-ee11-bdf5-000d3a8fd327,b9b308a3-e34f-f111-bec7-7c1e527cdbd8,31d4e7e3-9189-f011-b4cc-7c1e527d2157
beac81c2-e34f-f111-bec7-7c1e5215f4b4,10,TxN,,,,High Impact,1,0,,,24410787,04d25798-3a42-ee11-bdf5-000d3a8fd327,b9b308a3-e34f-f111-bec7-7c1e527cdbd8,124ef45c-9289-f011-b4cc-002248271486
39cd21c2-e34f-f111-bec7-0022481fc755,0,N/A,,,,No Impact,1,0,,,24410785,04d25798-3a42-ee11-bdf5-000d3a8fd327,b9b308a3-e34f-f111-bec7-7c1e527cdbd8,23511df6-9189-f011-b4cc-7c1e527d2157
40cd21c2-e34f-f111-bec7-0022481fc755,10,"Engineering Designs, RFP, Supplier/Material Onboarding",,,,High Impact,1,0,,,24410783,04d25798-3a42-ee11-bdf5-000d3a8fd327,b9b308a3-e34f-f111-bec7-7c1e527cdbd8,a633db83-9289-f011-b4cc-7c1e527d2157
cf7085c1-e34f-f111-bec7-7c1e527cdbd8,1,No impact,,,,Low Impact,1,0,,,24410647,04d25798-3a42-ee11-bdf5-000d3a8fd327,b9b308a3-e34f-f111-bec7-7c1e527cdbd8,40a9de76-9289-f011-b4cc-7c1e527cd923
de7085c1-e34f-f111-bec7-7c1e527cdbd8,0,N/A,,,,No Impact,1,0,,,24410631,04d25798-3a42-ee11-bdf5-000d3a8fd327,b9b308a3-e34f-f111-bec7-7c1e527cdbd8,c29afc0a-9289-f011-b4cc-7c1e527d2157
ba7085c1-e34f-f111-bec7-7c1e527cdbd8,0,N/A,,,,No Impact,1,0,,,24410623,04d25798-3a42-ee11-bdf5-000d3a8fd327,b9b308a3-e34f-f111-bec7-7c1e527cdbd8,6e1c0e50-9289-f011-b4cc-002248271486
d3a24fc0-e34f-f111-bec6-6045bdee0338,15,2.2 OY reduction in spend for direct materials and associated inbound freight costs,"0.18OY reduction in freight costs
1.02OY savings from alternative sourcing / optimization of materials
1.0 OY savings from single use bag optimization",,,Critical Impact,1,0,,,24410621,04d25798-3a42-ee11-bdf5-000d3a8fd327,b9b308a3-e34f-f111-bec7-7c1e527cdbd8,740adf46-9289-f011-b4cc-7c1e527cd923
bd77c7bc-e34f-f111-bec7-000d3a8cdfc7,0,N/A,,,,No Impact,1,0,,,24410619,04d25798-3a42-ee11-bdf5-000d3a8fd327,b9b308a3-e34f-f111-bec7-7c1e527cdbd8,fc7f63d0-9189-f011-b4cc-002248271486
e27085c1-e34f-f111-bec7-7c1e527cdbd8,1,No additional cost,,,,Low Impact,1,0,,,24410617,04d25798-3a42-ee11-bdf5-000d3a8fd327,b9b308a3-e34f-f111-bec7-7c1e527cdbd8,300edd89-9289-f011-b4cc-7c1e527d2157
c7ac81c2-e34f-f111-bec7-7c1e5215f4b4,0,N/A,,,,No Impact,1,0,,,24410615,04d25798-3a42-ee11-bdf5-000d3a8fd327,b9b308a3-e34f-f111-bec7-7c1e527cdbd8,3182c040-9289-f011-b4cc-7c1e527cd923
687c7d5c-e54f-f111-bec6-6045bdee0338,0,No risks to current state,,,,No Impact,1,0,,,24410611,04d25798-3a42-ee11-bdf5-000d3a8fd327,9de5a849-e54f-f111-bec7-7c1e527cdbd8,3182c040-9289-f011-b4cc-7c1e527cd923
6f7c7d5c-e54f-f111-bec6-6045bdee0338,0,N/A,,,,No Impact,1,0,,,24410609,04d25798-3a42-ee11-bdf5-000d3a8fd327,9de5a849-e54f-f111-bec7-7c1e527cdbd8,c91de0e9-9189-f011-b4cc-7c1e527d2157
74f35c5c-e54f-f111-bec7-000d3a8cdfc7,10,Transformation Initative,,,,High Impact,1,0,,,24410607,04d25798-3a42-ee11-bdf5-000d3a8fd327,9de5a849-e54f-f111-bec7-7c1e527cdbd8,124ef45c-9289-f011-b4cc-002248271486
ab1dbd5b-e54f-f111-bec7-7c1e527cdbd8,0,N/A,,,,No Impact,1,0,,,24410603,04d25798-3a42-ee11-bdf5-000d3a8fd327,9de5a849-e54f-f111-bec7-7c1e527cdbd8,09e36ed6-9189-f011-b4cc-002248271486
a71dbd5b-e54f-f111-bec7-7c1e527cdbd8,0,N/A,,,,No Impact,1,0,,,24410601,04d25798-3a42-ee11-bdf5-000d3a8fd327,9de5a849-e54f-f111-bec7-7c1e527cdbd8,fc7f63d0-9189-f011-b4cc-002248271486
7af35c5c-e54f-f111-bec7-000d3a8cdfc7,10,"Reduction in contingent labor spending, 1.53OY",,,,High Impact,1,0,,,24410599,04d25798-3a42-ee11-bdf5-000d3a8fd327,9de5a849-e54f-f111-bec7-7c1e527cdbd8,740adf46-9289-f011-b4cc-7c1e527cd923
9745705e-e54f-f111-bec7-0022481fc755,1,No cost associated to implement.,,,,Low Impact,1,0,,,24410488,04d25798-3a42-ee11-bdf5-000d3a8fd327,9de5a849-e54f-f111-bec7-7c1e527cdbd8,300edd89-9289-f011-b4cc-7c1e527d2157
9245705e-e54f-f111-bec7-0022481fc755,0,N/A,,,,No Impact,1,0,,,24410474,04d25798-3a42-ee11-bdf5-000d3a8fd327,9de5a849-e54f-f111-bec7-7c1e527cdbd8,c29afc0a-9289-f011-b4cc-7c1e527d2157
e71dbd5b-e54f-f111-bec7-7c1e527cdbd8,5,"Cross-functional review, development, and supplier transitions.",,,,Moderate Impact,1,0,,,24410463,04d25798-3a42-ee11-bdf5-000d3a8fd327,9de5a849-e54f-f111-bec7-7c1e527cdbd8,a633db83-9289-f011-b4cc-7c1e527d2157
54da4f5c-e54f-f111-bec7-7c1e5215f4b4,1,"No technical solution required, only governance model and transition of services.",,,,Low Impact,1,0,,,24410461,04d25798-3a42-ee11-bdf5-000d3a8fd327,9de5a849-e54f-f111-bec7-7c1e527cdbd8,cba1c26b-9289-f011-b4cc-7c1e527d2157
a8c74a7e-6550-f111-bec7-7c1e527cdbd8,1,We do not anticipate any major technical changes aside from reassigning roles in LIMS or SAP,Based on Transformation planning,,,Low Impact,1,0,,,24410454,04d25798-3a42-ee11-bdf5-000d3a8fd327,3e786944-f54e-f111-bec7-7c1e527cdbd8,cba1c26b-9289-f011-b4cc-7c1e527d2157
a3c74a7e-6550-f111-bec7-7c1e527cdbd8,0,This project is related to QA/QC documentation,Transformation analysis,,,No Impact,1,0,,,24410450,04d25798-3a42-ee11-bdf5-000d3a8fd327,3e786944-f54e-f111-bec7-7c1e527cdbd8,31d4e7e3-9189-f011-b4cc-7c1e527d2157
a9169a7c-6550-f111-bec6-70a8a53eb3d2,0,No impact to utilities,This project is centered around QA/QC documentation touch time,,,No Impact,1,0,,,24410448,04d25798-3a42-ee11-bdf5-000d3a8fd327,3e786944-f54e-f111-bec7-7c1e527cdbd8,09e36ed6-9189-f011-b4cc-002248271486
57b14a7f-6550-f111-bec6-000d3a55d556,0,This does not impact utilities,This project is related to QA/QC documentation,,,No Impact,1,0,,,24410446,04d25798-3a42-ee11-bdf5-000d3a8fd327,3e786944-f54e-f111-bec7-7c1e527cdbd8,c91de0e9-9189-f011-b4cc-7c1e527d2157
a4c74a7e-6550-f111-bec7-7c1e527cdbd8,1,"This main objective is to reduce touch time, but these improvements may also address gaps found during recent self-inspection.",Transformation discussions,,,Low Impact,1,0,,,24410443,04d25798-3a42-ee11-bdf5-000d3a8fd327,3e786944-f54e-f111-bec7-7c1e527cdbd8,23511df6-9189-f011-b4cc-7c1e527d2157
a5c74a7e-6550-f111-bec7-7c1e527cdbd8,0,Mitigation can occur by shuffling priorities for expedited attention by respective teams.,"Batch dispo and RM release may experience backlogs and delays, but these are monitored for impact to production",,,No Impact,1,0,,,24410441,04d25798-3a42-ee11-bdf5-000d3a8fd327,3e786944-f54e-f111-bec7-7c1e527cdbd8,c29afc0a-9289-f011-b4cc-7c1e527d2157
99c74a7e-6550-f111-bec7-7c1e527cdbd8,15,We anticipate a reduction in backlogs during batch disposition and raw material release,Time savings calculations during transformation,,,Critical Impact,1,0,,,24410438,04d25798-3a42-ee11-bdf5-000d3a8fd327,3e786944-f54e-f111-bec7-7c1e527cdbd8,6e1c0e50-9289-f011-b4cc-002248271486
4a36807d-6550-f111-bec6-000d3a8b49d9,0,Quality and QC have a process they are currently using,n/A,,,No Impact,1,0,,,24410436,04d25798-3a42-ee11-bdf5-000d3a8fd327,3e786944-f54e-f111-bec7-7c1e527cdbd8,3182c040-9289-f011-b4cc-7c1e527cd923
58b14a7f-6550-f111-bec6-000d3a55d556,5,"Estimate is based on pulling stakeholders for assessment, discovery, and alignment, and then subsequence administative changes",Transformation Design,,,Moderate Impact,1,0,,,24410434,04d25798-3a42-ee11-bdf5-000d3a8fd327,3e786944-f54e-f111-bec7-7c1e527cdbd8,a633db83-9289-f011-b4cc-7c1e527d2157
a2c74a7e-6550-f111-bec7-7c1e527cdbd8,1,"Changes are centered around QA and QC functions, and this work should not impact based business",N/A,,,Low Impact,1,0,,,24410271,04d25798-3a42-ee11-bdf5-000d3a8fd327,3e786944-f54e-f111-bec7-7c1e527cdbd8,40a9de76-9289-f011-b4cc-7c1e527cd923
4cd66480-6550-f111-bec7-000d3a8cdfc7,10,FTE hours saved with this change,Risk Adjusted impact is 1313 hours. Value measurement begins once Disposition Readiness KPIs are live and adopted in Fabriq (June 2026). TIP 1: 308 hrs; TIP 2: 1005 hrs,,,High Impact,1,0,,,24410267,04d25798-3a42-ee11-bdf5-000d3a8fd327,3e786944-f54e-f111-bec7-7c1e527cdbd8,740adf46-9289-f011-b4cc-7c1e527cd923
a3d7787f-6550-f111-bec7-7c1e5215f4b4,1,"No anticipated investments, only adminstrative changes",Benefit was calculated based on % reduction in time spent on each activity once the change is implemented.,,,Low Impact,1,0,,,24410261,04d25798-3a42-ee11-bdf5-000d3a8fd327,3e786944-f54e-f111-bec7-7c1e527cdbd8,300edd89-9289-f011-b4cc-7c1e527d2157
96c74a7e-6550-f111-bec7-7c1e527cdbd8,0,All changes are administrative,N/A,,,No Impact,1,0,,,24410259,04d25798-3a42-ee11-bdf5-000d3a8fd327,3e786944-f54e-f111-bec7-7c1e527cdbd8,fc7f63d0-9189-f011-b4cc-002248271486
f260363d-6650-f111-bec6-0022482d9188,0,"Impact: - Value measurement begins once revised intake and governance rules
are live and stabilized (post‑July 2026), hours will be separated through TIP 1
and TIP 2 with TIP 1 having 5377 hrs, and TIP 2 having 2527 hrs of savings. ​",FTE hours saved/year Transformation,,,No Impact,1,0,,,24409782,04d25798-3a42-ee11-bdf5-000d3a8fd327,9c4f7b31-6650-f111-bec7-000d3a8cdfc7,3182c040-9289-f011-b4cc-7c1e527cd923
9997d36f-6850-f111-bec7-000d3a8cdfc7,5,Transformation is a new way of working,Transformation,,,Moderate Impact,1,0,,,24409773,04d25798-3a42-ee11-bdf5-000d3a8fd327,6abf2f65-6850-f111-bec7-7c1e5215f4b4,cba1c26b-9289-f011-b4cc-7c1e527d2157
e6a8086c-6850-f111-bec7-7c1e527cdbd8,0,not applicable,Transformation,,,No Impact,1,0,,,24409763,04d25798-3a42-ee11-bdf5-000d3a8fd327,6abf2f65-6850-f111-bec7-7c1e5215f4b4,31d4e7e3-9189-f011-b4cc-7c1e527d2157
5013a76b-6850-f111-bec7-0022481fc755,0,not applicable,Transformation,,,No Impact,1,0,,,24409760,04d25798-3a42-ee11-bdf5-000d3a8fd327,6abf2f65-6850-f111-bec7-7c1e5215f4b4,c91de0e9-9189-f011-b4cc-7c1e527d2157
3b13a76b-6850-f111-bec7-0022481fc755,0,not applicable,Transformation,,,No Impact,1,0,,,24409751,04d25798-3a42-ee11-bdf5-000d3a8fd327,6abf2f65-6850-f111-bec7-7c1e5215f4b4,09e36ed6-9189-f011-b4cc-002248271486
f5f1ad69-6850-f111-bec7-000d3a8cdfc7,15,Transformation is required by Takeda,transformation is required by Takeda,,,Critical Impact,1,0,,,24409749,04d25798-3a42-ee11-bdf5-000d3a8fd327,6abf2f65-6850-f111-bec7-7c1e5215f4b4,124ef45c-9289-f011-b4cc-002248271486
e9a8086c-6850-f111-bec7-7c1e527cdbd8,0,not applicable,not applicable,,,No Impact,1,0,,,24409747,04d25798-3a42-ee11-bdf5-000d3a8fd327,6abf2f65-6850-f111-bec7-7c1e5215f4b4,23511df6-9189-f011-b4cc-7c1e527d2157
5f13a76b-6850-f111-bec7-0022481fc755,5,Transformation,Transformation,,,Moderate Impact,1,0,,,24409745,04d25798-3a42-ee11-bdf5-000d3a8fd327,6abf2f65-6850-f111-bec7-7c1e5215f4b4,a633db83-9289-f011-b4cc-7c1e527d2157
5a802a6b-6850-f111-bec7-7c1e5215f4b4,1,no production schedule risk posed,no production schedule risk posed,,,Low Impact,1,0,,,24409743,04d25798-3a42-ee11-bdf5-000d3a8fd327,6abf2f65-6850-f111-bec7-7c1e5215f4b4,40a9de76-9289-f011-b4cc-7c1e527cd923
c6d4bd6c-6850-f111-bec6-70a8a53eb3d2,0,no risks posed to production,no risks posed to production,,,No Impact,1,0,,,24409741,04d25798-3a42-ee11-bdf5-000d3a8fd327,6abf2f65-6850-f111-bec7-7c1e5215f4b4,c29afc0a-9289-f011-b4cc-7c1e527d2157
4313a76b-6850-f111-bec7-0022481fc755,1,Transformation,Transformation,,,Low Impact,1,0,,,24409739,04d25798-3a42-ee11-bdf5-000d3a8fd327,6abf2f65-6850-f111-bec7-7c1e5215f4b4,6e1c0e50-9289-f011-b4cc-002248271486
f7f1ad69-6850-f111-bec7-000d3a8cdfc7,10,"​

Timing: TIP 1 will free up 3610 risk-adjusted hours, TIP2 will free up 2605
risk-adjusted hours.",Transformation,,,High Impact,1,0,,,24409737,04d25798-3a42-ee11-bdf5-000d3a8fd327,6abf2f65-6850-f111-bec7-7c1e5215f4b4,740adf46-9289-f011-b4cc-7c1e527cd923
eef1ad69-6850-f111-bec7-000d3a8cdfc7,0,No EHS risk,Transformation,,,No Impact,1,0,,,24409735,04d25798-3a42-ee11-bdf5-000d3a8fd327,6abf2f65-6850-f111-bec7-7c1e5215f4b4,fc7f63d0-9189-f011-b4cc-002248271486
c9d4bd6c-6850-f111-bec6-70a8a53eb3d2,1,no CAPEX cost associated,Transformation,,,Low Impact,1,0,,,24409507,04d25798-3a42-ee11-bdf5-000d3a8fd327,6abf2f65-6850-f111-bec7-7c1e5215f4b4,300edd89-9289-f011-b4cc-7c1e527d2157
41802a6b-6850-f111-bec7-7c1e5215f4b4,5,Transformation is required for site roadmap,Transformation,,,Moderate Impact,1,0,,,24409505,04d25798-3a42-ee11-bdf5-000d3a8fd327,6abf2f65-6850-f111-bec7-7c1e5215f4b4,3182c040-9289-f011-b4cc-7c1e527cd923
f960363d-6650-f111-bec6-0022482d9188,5,improving known quality systems processes,Transformation,,,Moderate Impact,1,0,,,24409472,04d25798-3a42-ee11-bdf5-000d3a8fd327,9c4f7b31-6650-f111-bec7-000d3a8cdfc7,cba1c26b-9289-f011-b4cc-7c1e527d2157
20f5703a-6650-f111-bec7-7c1e5215f4b4,0,not applicable,Transformation,,,No Impact,1,0,,,24409470,04d25798-3a42-ee11-bdf5-000d3a8fd327,9c4f7b31-6650-f111-bec7-000d3a8cdfc7,c91de0e9-9189-f011-b4cc-7c1e527d2157
19f5703a-6650-f111-bec7-7c1e5215f4b4,0,not applicable,Transformation,,,No Impact,1,0,,,24409468,04d25798-3a42-ee11-bdf5-000d3a8fd327,9c4f7b31-6650-f111-bec7-000d3a8cdfc7,31d4e7e3-9189-f011-b4cc-7c1e527d2157
fcec2e3b-6650-f111-bec7-0022481fc755,0,not applicable,Transformation,,,No Impact,1,0,,,24409466,04d25798-3a42-ee11-bdf5-000d3a8fd327,9c4f7b31-6650-f111-bec7-000d3a8cdfc7,09e36ed6-9189-f011-b4cc-002248271486
61c7b83d-6650-f111-bec7-000d3a8cdfc7,15,REquired to enable Transformation,Transformation,,,Critical Impact,1,0,,,24409464,04d25798-3a42-ee11-bdf5-000d3a8fd327,9c4f7b31-6650-f111-bec7-000d3a8cdfc7,124ef45c-9289-f011-b4cc-002248271486
6cc7b83d-6650-f111-bec7-000d3a8cdfc7,0,not applicable,Transformation,,,No Impact,1,0,,,24409462,04d25798-3a42-ee11-bdf5-000d3a8fd327,9c4f7b31-6650-f111-bec7-000d3a8cdfc7,23511df6-9189-f011-b4cc-7c1e527d2157
0bed2e3b-6650-f111-bec7-0022481fc755,5,Transformation resources required for deployment in Quality and Manufacturing,Transformation,,,Moderate Impact,1,0,,,24409460,04d25798-3a42-ee11-bdf5-000d3a8fd327,9c4f7b31-6650-f111-bec7-000d3a8cdfc7,a633db83-9289-f011-b4cc-7c1e527d2157
0960903b-6650-f111-bec7-7c1e527cdbd8,1,Transformation,Transformation,,,Low Impact,1,0,,,24409458,04d25798-3a42-ee11-bdf5-000d3a8fd327,9c4f7b31-6650-f111-bec7-000d3a8cdfc7,40a9de76-9289-f011-b4cc-7c1e527cd923
6ec7b83d-6650-f111-bec7-000d3a8cdfc7,0,no risks to production known,Transformation,,,No Impact,1,0,,,24409456,04d25798-3a42-ee11-bdf5-000d3a8fd327,9c4f7b31-6650-f111-bec7-000d3a8cdfc7,c29afc0a-9289-f011-b4cc-7c1e527d2157
f5f4703a-6650-f111-bec7-7c1e5215f4b4,1,Enabling Transformation,Transformation,,,Low Impact,1,0,,,24409454,04d25798-3a42-ee11-bdf5-000d3a8fd327,9c4f7b31-6650-f111-bec7-000d3a8cdfc7,6e1c0e50-9289-f011-b4cc-002248271486
01ed2e3b-6650-f111-bec7-0022481fc755,1,"Impact: - Value measurement begins once revised intake and governance rules
are live and stabilized (post‑July 2026), hours will be separated through TIP 1
and TIP 2 with TIP 1 having 5377 hrs, and TIP 2 having 2527 hrs of savings.",Transformation,,,Low Impact,1,0,,,24409452,04d25798-3a42-ee11-bdf5-000d3a8fd327,9c4f7b31-6650-f111-bec7-000d3a8cdfc7,740adf46-9289-f011-b4cc-7c1e527cd923
ed60363d-6650-f111-bec6-0022482d9188,0,No EHS risk,"changing indirect processes, no EHS",,,No Impact,1,0,,,24409450,04d25798-3a42-ee11-bdf5-000d3a8fd327,9c4f7b31-6650-f111-bec7-000d3a8cdfc7,fc7f63d0-9189-f011-b4cc-002248271486
4af5703a-6650-f111-bec7-7c1e5215f4b4,1,No cost to implement we are changing processes.,Transformation - no CAPEX cost to implement,,,Low Impact,1,0,,,24409448,04d25798-3a42-ee11-bdf5-000d3a8fd327,9c4f7b31-6650-f111-bec7-000d3a8cdfc7,300edd89-9289-f011-b4cc-7c1e527d2157
b6169a7c-6550-f111-bec6-70a8a53eb3d2,0,,,,,No Impact,1,0,,,24409407,04d25798-3a42-ee11-bdf5-000d3a8fd327,3e786944-f54e-f111-bec7-7c1e527cdbd8,124ef45c-9289-f011-b4cc-002248271486
b07133df-0323-f111-8341-7c1e52146c0e,0,no changes from original,,,,No Impact,1,0,,,24409329,04d25798-3a42-ee11-bdf5-000d3a8fd327,1ea81741-0023-f111-8342-7c1e52146908,6e1c0e50-9289-f011-b4cc-002248271486
32cabddc-0323-f111-8342-7c1e52146908,0,none this is risk avoindance,,,,No Impact,1,0,,,24409327,04d25798-3a42-ee11-bdf5-000d3a8fd327,1ea81741-0023-f111-8342-7c1e52146908,740adf46-9289-f011-b4cc-7c1e527cd923
ae7133df-0323-f111-8341-7c1e52146c0e,0,N/A,,,,No Impact,1,0,,,24409325,04d25798-3a42-ee11-bdf5-000d3a8fd327,1ea81741-0023-f111-8342-7c1e52146908,fc7f63d0-9189-f011-b4cc-002248271486
b37133df-0323-f111-8341-7c1e52146c0e,10,"the underlying operating system is not longer supported as of Jan27, creating a cyber security vulnerability",,,,High Impact,1,0,,,24409323,04d25798-3a42-ee11-bdf5-000d3a8fd327,1ea81741-0023-f111-8342-7c1e52146908,3182c040-9289-f011-b4cc-7c1e527cd923
6e7c7d5c-e54f-f111-bec6-6045bdee0338,1,"No impact to A, B, C",,,,Low Impact,1,0,,,24409132,04d25798-3a42-ee11-bdf5-000d3a8fd327,9de5a849-e54f-f111-bec7-7c1e527cdbd8,40a9de76-9289-f011-b4cc-7c1e527cd923
8f45705e-e54f-f111-bec7-0022481fc755,0,,,,,No Impact,1,0,,,24407026,04d25798-3a42-ee11-bdf5-000d3a8fd327,9de5a849-e54f-f111-bec7-7c1e527cdbd8,23511df6-9189-f011-b4cc-7c1e527d2157
84f35c5c-e54f-f111-bec7-000d3a8cdfc7,0,,,,,No Impact,1,0,,,24407024,04d25798-3a42-ee11-bdf5-000d3a8fd327,9de5a849-e54f-f111-bec7-7c1e527cdbd8,31d4e7e3-9189-f011-b4cc-7c1e527d2157
8445705e-e54f-f111-bec7-0022481fc755,0,,,,,No Impact,1,0,,,24407016,04d25798-3a42-ee11-bdf5-000d3a8fd327,9de5a849-e54f-f111-bec7-7c1e527cdbd8,6e1c0e50-9289-f011-b4cc-002248271486
e4bc6eec-ea47-f111-bec6-0022481fc755,10,this is not a complex project but there are unknown technical challenges and is a different way of doing things that will require validation.,,,,High Impact,1,0,,,24405561,04d25798-3a42-ee11-bdf5-000d3a8fd327,24d2dc12-ea47-f111-bec6-7c1e524a11a2,cba1c26b-9289-f011-b4cc-7c1e527d2157
743cdce8-ea47-f111-bec6-7c1e5215f4b4,0,none,,,,No Impact,1,0,,,24405559,04d25798-3a42-ee11-bdf5-000d3a8fd327,24d2dc12-ea47-f111-bec6-7c1e524a11a2,31d4e7e3-9189-f011-b4cc-7c1e527d2157
737a59e6-ea47-f111-bec6-0022481fc755,0,none,,,,No Impact,1,0,,,24405557,04d25798-3a42-ee11-bdf5-000d3a8fd327,24d2dc12-ea47-f111-bec6-7c1e524a11a2,09e36ed6-9189-f011-b4cc-002248271486
06db64ee-ea47-f111-bec6-000d3a8cdfc7,0,none,,,,No Impact,1,0,,,24405555,04d25798-3a42-ee11-bdf5-000d3a8fd327,24d2dc12-ea47-f111-bec6-7c1e524a11a2,c91de0e9-9189-f011-b4cc-7c1e527d2157
2baa67e8-ea47-f111-bec6-000d3a8cdfc7,1,"this project while small in impact, aligns with removing waste from the change process thereby getting products to patients faster.",,,,Low Impact,1,0,,,24405553,04d25798-3a42-ee11-bdf5-000d3a8fd327,24d2dc12-ea47-f111-bec6-7c1e524a11a2,124ef45c-9289-f011-b4cc-002248271486
b5fc8eec-ea47-f111-bec6-7c1e524a11a2,0,none,,,,No Impact,1,0,,,24405547,04d25798-3a42-ee11-bdf5-000d3a8fd327,24d2dc12-ea47-f111-bec6-7c1e524a11a2,23511df6-9189-f011-b4cc-7c1e527d2157
bcfc8eec-ea47-f111-bec6-7c1e524a11a2,5,this change would require validation and qualification but is a small change for automation staffing.,,,,Moderate Impact,1,0,,,24405545,04d25798-3a42-ee11-bdf5-000d3a8fd327,24d2dc12-ea47-f111-bec6-7c1e524a11a2,a633db83-9289-f011-b4cc-7c1e527d2157
e8ac7fec-ea47-f111-bec6-7c1e527cdbd8,1,no impact,,,,Low Impact,1,0,,,24405543,04d25798-3a42-ee11-bdf5-000d3a8fd327,24d2dc12-ea47-f111-bec6-7c1e524a11a2,40a9de76-9289-f011-b4cc-7c1e527cd923
307fe5ee-ea47-f111-bec6-7c1e5215f4b4,0,none,,,,No Impact,1,0,,,24405541,04d25798-3a42-ee11-bdf5-000d3a8fd327,24d2dc12-ea47-f111-bec6-7c1e524a11a2,c29afc0a-9289-f011-b4cc-7c1e527d2157
29aa67e8-ea47-f111-bec6-000d3a8cdfc7,0,none,,,,No Impact,1,0,,,24405539,04d25798-3a42-ee11-bdf5-000d3a8fd327,24d2dc12-ea47-f111-bec6-7c1e524a11a2,6e1c0e50-9289-f011-b4cc-002248271486
02db64ee-ea47-f111-bec6-000d3a8cdfc7,1,this change would reduce work when making changes by removing a step in adding data points to our data historian. Depending on the change this could save an hour or two to upwards of a couple of days in implementing a change.,,,,Low Impact,1,0,,,24405537,04d25798-3a42-ee11-bdf5-000d3a8fd327,24d2dc12-ea47-f111-bec6-7c1e524a11a2,740adf46-9289-f011-b4cc-7c1e527cd923
b43c7ce6-ea47-f111-bec6-7c1e524a11a2,0,none,,,,No Impact,1,0,,,24405532,04d25798-3a42-ee11-bdf5-000d3a8fd327,24d2dc12-ea47-f111-bec6-7c1e524a11a2,fc7f63d0-9189-f011-b4cc-002248271486
347fe5ee-ea47-f111-bec6-7c1e5215f4b4,1,this project will requires some software licenses to enable this data flow,,,,Low Impact,1,0,,,24405530,04d25798-3a42-ee11-bdf5-000d3a8fd327,24d2dc12-ea47-f111-bec6-7c1e524a11a2,300edd89-9289-f011-b4cc-7c1e527d2157
e7ac7fec-ea47-f111-bec6-7c1e527cdbd8,0,this project makes changes more effecient and improves data redundancy.,,,,No Impact,1,0,,,24405528,04d25798-3a42-ee11-bdf5-000d3a8fd327,24d2dc12-ea47-f111-bec6-7c1e524a11a2,3182c040-9289-f011-b4cc-7c1e527cd923
ab1af544-ff22-f111-8341-7c1e5247a2b3,0,n/a,,,,No Impact,1,0,,,24405515,04d25798-3a42-ee11-bdf5-000d3a8fd327,67f1f35f-fb22-f111-8341-7c1e5247a2b3,09e36ed6-9189-f011-b4cc-002248271486
e1e05048-ff22-f111-8341-7c1e52146c0e,0,n/a,,,,No Impact,1,0,,,24405513,04d25798-3a42-ee11-bdf5-000d3a8fd327,67f1f35f-fb22-f111-8341-7c1e5247a2b3,31d4e7e3-9189-f011-b4cc-7c1e527d2157
d50a154a-ff22-f111-8341-000d3a538d48,0,n/a,,,,No Impact,1,0,,,24405511,04d25798-3a42-ee11-bdf5-000d3a8fd327,67f1f35f-fb22-f111-8341-7c1e5247a2b3,c91de0e9-9189-f011-b4cc-7c1e527d2157
96bf4546-ff22-f111-8341-6045bdd8cc50,1,this project should help to ensure that we have no product loss events due to the implementation of future changes.,,,,Low Impact,1,0,,,24405509,04d25798-3a42-ee11-bdf5-000d3a8fd327,67f1f35f-fb22-f111-8341-7c1e5247a2b3,124ef45c-9289-f011-b4cc-002248271486
e2e05048-ff22-f111-8341-7c1e52146c0e,1,"while the product loss events were mitigated proceduraly this project would address the true root cause, the complexity of the architecture.",,,,Low Impact,1,0,,,24405507,04d25798-3a42-ee11-bdf5-000d3a8fd327,67f1f35f-fb22-f111-8341-7c1e5247a2b3,23511df6-9189-f011-b4cc-7c1e527d2157
d60a154a-ff22-f111-8341-000d3a538d48,10,"this is a cross functional project requiring input from multiple departments (Process Eng, Automation Eng, Validation, Quality)",,,,High Impact,1,0,,,24405505,04d25798-3a42-ee11-bdf5-000d3a8fd327,67f1f35f-fb22-f111-8341-7c1e5247a2b3,a633db83-9289-f011-b4cc-7c1e527d2157
d40a154a-ff22-f111-8341-000d3a538d48,5,While we will work offline and within gaps in the Manufacturing Schedule we cannot guaruntee that a need to provide a window to implement some changes will be required.,,,,Moderate Impact,1,0,,,24405499,04d25798-3a42-ee11-bdf5-000d3a8fd327,67f1f35f-fb22-f111-8341-7c1e5247a2b3,40a9de76-9289-f011-b4cc-7c1e527cd923
e3e05048-ff22-f111-8341-7c1e52146c0e,0,"we have procedural controls to provide review, but the underlying complexity of the system exists.  This project hopes to remove some compleixty.",,,,No Impact,1,0,,,24405497,04d25798-3a42-ee11-bdf5-000d3a8fd327,67f1f35f-fb22-f111-8341-7c1e5247a2b3,c29afc0a-9289-f011-b4cc-7c1e527d2157
e0e05048-ff22-f111-8341-7c1e52146c0e,0,provides a more simplified interface removing complexity for operations staff operating the system and engineering staff when modifying the system.,,,,No Impact,1,0,,,24405495,04d25798-3a42-ee11-bdf5-000d3a8fd327,67f1f35f-fb22-f111-8341-7c1e5247a2b3,6e1c0e50-9289-f011-b4cc-002248271486
727e3a45-ff22-f111-8342-7c1e52146908,0,this project minimizes the risk that future product loss events due to failure to understand the complexity when implementing future changes.,,,,No Impact,1,0,,,24405493,04d25798-3a42-ee11-bdf5-000d3a8fd327,67f1f35f-fb22-f111-8341-7c1e5247a2b3,740adf46-9289-f011-b4cc-7c1e527cd923
94bf4546-ff22-f111-8341-6045bdd8cc50,0,none,,,,No Impact,1,0,,,24405487,04d25798-3a42-ee11-bdf5-000d3a8fd327,67f1f35f-fb22-f111-8341-7c1e5247a2b3,fc7f63d0-9189-f011-b4cc-002248271486
767e3a45-ff22-f111-8342-7c1e52146908,10,This project estimate is currently just under $1mm considering its scope and need for additional support.,,,,High Impact,1,0,,,24405484,04d25798-3a42-ee11-bdf5-000d3a8fd327,67f1f35f-fb22-f111-8341-7c1e5247a2b3,300edd89-9289-f011-b4cc-7c1e527d2157
cb051a44-ff22-f111-8341-000d3a538d48,10,We are constantly  changing the programming on this system with new tech transfers and other improvement projects.  the complexity of the current system architecture provides risk that future product loss events either from the engineering side or the operations side could occur.,,,,High Impact,1,0,,,24405482,04d25798-3a42-ee11-bdf5-000d3a8fd327,67f1f35f-fb22-f111-8341-7c1e5247a2b3,3182c040-9289-f011-b4cc-7c1e527cd923
ffd70740-ff22-f111-8341-6045bdd8cc50,10,"this is a space that is quickly evolving, while we are subject matter experts, infrastructure planning and changing is highly complex and there are unknown challenges with implementing.",,,,High Impact,1,0,,,24405404,04d25798-3a42-ee11-bdf5-000d3a8fd327,3b6dfb3d-ff22-f111-8341-000d3a538d48,cba1c26b-9289-f011-b4cc-7c1e527d2157
687e3a45-ff22-f111-8342-7c1e52146908,0,none,,,,No Impact,1,0,,,24405402,04d25798-3a42-ee11-bdf5-000d3a8fd327,3b6dfb3d-ff22-f111-8341-000d3a538d48,c91de0e9-9189-f011-b4cc-7c1e527d2157
fbd70740-ff22-f111-8341-6045bdd8cc50,0,none,,,,No Impact,1,0,,,24405400,04d25798-3a42-ee11-bdf5-000d3a8fd327,3b6dfb3d-ff22-f111-8341-000d3a538d48,09e36ed6-9189-f011-b4cc-002248271486
91051a44-ff22-f111-8341-000d3a538d48,0,None,,,,No Impact,1,0,,,24405398,04d25798-3a42-ee11-bdf5-000d3a8fd327,3b6dfb3d-ff22-f111-8341-000d3a538d48,31d4e7e3-9189-f011-b4cc-7c1e527d2157
5e7e3a45-ff22-f111-8342-7c1e52146908,1,"if the project is implemented there should be no measurable impact to production, it will remove risk to production impact.  It aligns with the goal of providing product to patient safely and right first time.",,,,Low Impact,1,0,,,24405396,04d25798-3a42-ee11-bdf5-000d3a8fd327,3b6dfb3d-ff22-f111-8341-000d3a538d48,124ef45c-9289-f011-b4cc-002248271486
9f885641-ff22-f111-8341-7c1e52146c0e,1,Gaps in cyber security have been idenitified via internal GIA audits.,,,,Low Impact,1,0,,,24405392,04d25798-3a42-ee11-bdf5-000d3a8fd327,3b6dfb3d-ff22-f111-8341-000d3a538d48,23511df6-9189-f011-b4cc-7c1e527d2157
00d80740-ff22-f111-8341-6045bdd8cc50,5,"This project is involved and has many components and affects many systems, the majority of this work will be internal to Automation / DD&T but some validation may be required.",,,,Moderate Impact,1,0,,,24405390,04d25798-3a42-ee11-bdf5-000d3a8fd327,3b6dfb3d-ff22-f111-8341-000d3a538d48,a633db83-9289-f011-b4cc-7c1e527d2157
fdd70740-ff22-f111-8341-6045bdd8cc50,5,We will design and implement with every intention to not impact production schedule.  We cannot say for certain at this point that a request for production windows that slow the schedule will not be required at this time.,,,,Moderate Impact,1,0,,,24405388,04d25798-3a42-ee11-bdf5-000d3a8fd327,3b6dfb3d-ff22-f111-8341-000d3a538d48,40a9de76-9289-f011-b4cc-7c1e527cd923
fed70740-ff22-f111-8341-6045bdd8cc50,5,"The current architecture is not secure, though we are buried deep within the corporate infrastructure the OT infrastructure is not well protected.  Hacking / Ransomware attacks occur daily.  to date none have affected our system but its a matter of time, not if it will happen.  The current infrastructure has known vulnerabilities that should be mitigated.",,,,Moderate Impact,1,0,,,24405385,04d25798-3a42-ee11-bdf5-000d3a8fd327,3b6dfb3d-ff22-f111-8341-000d3a538d48,c29afc0a-9289-f011-b4cc-7c1e527d2157
fcd70740-ff22-f111-8341-6045bdd8cc50,1,Having a roadmap and a architecture we can design and build to enables future projects to be implemented that can benefit production securely.,,,,Low Impact,1,0,,,24405382,04d25798-3a42-ee11-bdf5-000d3a8fd327,3b6dfb3d-ff22-f111-8341-000d3a538d48,6e1c0e50-9289-f011-b4cc-002248271486
647e3a45-ff22-f111-8342-7c1e52146908,0,"this is risk mitigation.  if this project is not executed there is increased risk that our plant floor systems could be compromised, preventing our ability to manufacture.",,,,No Impact,1,0,,,24405376,04d25798-3a42-ee11-bdf5-000d3a8fd327,3b6dfb3d-ff22-f111-8341-000d3a538d48,740adf46-9289-f011-b4cc-7c1e527cd923
0c80333f-ff22-f111-8342-7c1e52146908,0,none,,,,No Impact,1,0,,,24405374,04d25798-3a42-ee11-bdf5-000d3a8fd327,3b6dfb3d-ff22-f111-8341-000d3a538d48,fc7f63d0-9189-f011-b4cc-002248271486
6c7e3a45-ff22-f111-8342-7c1e52146908,1,"The initial estimate for the discovery, develop the roadmap and hardware is $300k.  depending on the results of the gap assessment future projects may be required.",,,,Low Impact,1,0,,,24405372,04d25798-3a42-ee11-bdf5-000d3a8fd327,3b6dfb3d-ff22-f111-8341-000d3a538d48,300edd89-9289-f011-b4cc-7c1e527d2157
9e885641-ff22-f111-8341-7c1e52146c0e,10,"This proect develops a detailed vision for OT cybersecruity, performs a GAP assessment of our architecture and systems, develops the Roadmap to close the Gaps and implement components of the roadmap building a more secure and robust shop floor architecture to protect our manufacturing process.",,,,High Impact,1,0,,,24405364,04d25798-3a42-ee11-bdf5-000d3a8fd327,3b6dfb3d-ff22-f111-8341-000d3a538d48,3182c040-9289-f011-b4cc-7c1e527cd923
8e3617f6-a44f-f111-bec7-0022481fc755,1,Moderate level of effort,,,,Low Impact,1,0,,,24404870,04d25798-3a42-ee11-bdf5-000d3a8fd327,e95a352c-a44f-f111-bec7-7c1e5215f4b4,cba1c26b-9289-f011-b4cc-7c1e527d2157
31153af4-a44f-f111-bec7-000d3a8cdfc7,5,MaBIo Ops Transformation goals,,,,Moderate Impact,1,0,,,24404868,04d25798-3a42-ee11-bdf5-000d3a8fd327,e95a352c-a44f-f111-bec7-7c1e5215f4b4,124ef45c-9289-f011-b4cc-002248271486
54b173f6-a44f-f111-bec7-7c1e527cdbd8,1,Mitigate inconsistencies in documenting non-routine protocol,,,,Low Impact,1,0,,,24404866,04d25798-3a42-ee11-bdf5-000d3a8fd327,e95a352c-a44f-f111-bec7-7c1e5215f4b4,23511df6-9189-f011-b4cc-7c1e527d2157
428464fa-a44f-f111-bec7-000d3a8cdfc7,1,Minimal labor hours required,,,,Low Impact,1,0,,,24404864,04d25798-3a42-ee11-bdf5-000d3a8fd327,e95a352c-a44f-f111-bec7-7c1e5215f4b4,a633db83-9289-f011-b4cc-7c1e527d2157
53b173f6-a44f-f111-bec7-7c1e527cdbd8,1,No impact - transformation diagnostics. Require FTE to review templates,,,,Low Impact,1,0,,,24404862,04d25798-3a42-ee11-bdf5-000d3a8fd327,e95a352c-a44f-f111-bec7-7c1e5215f4b4,40a9de76-9289-f011-b4cc-7c1e527cd923
b51cbef6-a44f-f111-bec7-7c1e5215f4b4,1,transformation diagnostics,,,,Low Impact,1,0,,,24404860,04d25798-3a42-ee11-bdf5-000d3a8fd327,e95a352c-a44f-f111-bec7-7c1e5215f4b4,6e1c0e50-9289-f011-b4cc-002248271486
35153af4-a44f-f111-bec7-000d3a8cdfc7,5,transformation diagnostics,,,,Moderate Impact,1,0,,,24404857,04d25798-3a42-ee11-bdf5-000d3a8fd327,e95a352c-a44f-f111-bec7-7c1e5215f4b4,740adf46-9289-f011-b4cc-7c1e527cd923
7e3617f6-a44f-f111-bec7-0022481fc755,1,transformation,,,,Low Impact,1,0,,,24404855,04d25798-3a42-ee11-bdf5-000d3a8fd327,e95a352c-a44f-f111-bec7-7c1e5215f4b4,fc7f63d0-9189-f011-b4cc-002248271486
bc1cbef6-a44f-f111-bec7-7c1e5215f4b4,15,Transformation diagnostics,,,,Critical Impact,1,0,,,24404853,04d25798-3a42-ee11-bdf5-000d3a8fd327,e95a352c-a44f-f111-bec7-7c1e5215f4b4,3182c040-9289-f011-b4cc-7c1e527cd923
55b173f6-a44f-f111-bec7-7c1e527cdbd8,1,Transformation diagnostics,,,,Low Impact,1,0,,,24404851,04d25798-3a42-ee11-bdf5-000d3a8fd327,e95a352c-a44f-f111-bec7-7c1e5215f4b4,300edd89-9289-f011-b4cc-7c1e527d2157
8d3617f6-a44f-f111-bec7-0022481fc755,0,,,,,No Impact,1,0,,,24404845,04d25798-3a42-ee11-bdf5-000d3a8fd327,e95a352c-a44f-f111-bec7-7c1e5215f4b4,c29afc0a-9289-f011-b4cc-7c1e527d2157
8b3617f6-a44f-f111-bec7-0022481fc755,0,,,,,No Impact,1,0,,,24404843,04d25798-3a42-ee11-bdf5-000d3a8fd327,e95a352c-a44f-f111-bec7-7c1e5215f4b4,c91de0e9-9189-f011-b4cc-7c1e527d2157
8a3617f6-a44f-f111-bec7-0022481fc755,0,,,,,No Impact,1,0,,,24404842,04d25798-3a42-ee11-bdf5-000d3a8fd327,e95a352c-a44f-f111-bec7-7c1e5215f4b4,31d4e7e3-9189-f011-b4cc-7c1e527d2157
803617f6-a44f-f111-bec7-0022481fc755,0,,,,,No Impact,1,0,,,24404835,04d25798-3a42-ee11-bdf5-000d3a8fd327,e95a352c-a44f-f111-bec7-7c1e5215f4b4,09e36ed6-9189-f011-b4cc-002248271486
2edde7ba-2b4f-f111-bec7-7c1e5215f4b4,1,"The proposed membrane lifetime extensions are based on relevant small scale studies and data.  Supporting study for UFDF1 is DMD-206271. Supporting study for UFDF2 is DMD-212570. No additional small-scale studies anticipated.
Sufficient expertise at the site is available to support the project and complete the required deliverables.",,,,Low Impact,1,0,,,24403075,04d25798-3a42-ee11-bdf5-000d3a8fd327,b20f529c-2b4f-f111-bec7-7c1e527cdbd8,cba1c26b-9289-f011-b4cc-7c1e527d2157
4e43a7b9-2b4f-f111-bec7-0022481fc755,1,"This project will reduce the annual expected membrane change outs for Takhzyro.  This will reduce the number of membrane cleanings, skid cleanings, and WFI flush operations per year which will decrease the site's annual water usage.",,,,Low Impact,1,0,,,24403073,04d25798-3a42-ee11-bdf5-000d3a8fd327,b20f529c-2b4f-f111-bec7-7c1e527cdbd8,c91de0e9-9189-f011-b4cc-7c1e527d2157
869578b6-2b4f-f111-bec6-000d3a1ce8d4,0,This project is not expected to support the site's Waste to Landfill Reduction goals.,,,,No Impact,1,0,,,24403070,04d25798-3a42-ee11-bdf5-000d3a8fd327,b20f529c-2b4f-f111-bec7-7c1e527cdbd8,31d4e7e3-9189-f011-b4cc-7c1e527d2157
7c9578b6-2b4f-f111-bec6-000d3a1ce8d4,0,This project is projected to influence the site's carbon reduction goals.,,,,No Impact,1,0,,,24403068,04d25798-3a42-ee11-bdf5-000d3a8fd327,b20f529c-2b4f-f111-bec7-7c1e527cdbd8,09e36ed6-9189-f011-b4cc-002248271486
4743a7b9-2b4f-f111-bec7-0022481fc755,15,This project is required to meet the objectives of the site's FY26 Transformation initiative.,,,,Critical Impact,1,0,,,24403065,04d25798-3a42-ee11-bdf5-000d3a8fd327,b20f529c-2b4f-f111-bec7-7c1e527cdbd8,124ef45c-9289-f011-b4cc-002248271486
5443a7b9-2b4f-f111-bec7-0022481fc755,0,This project does not address any quality risk register items,,,,No Impact,1,0,,,24403063,04d25798-3a42-ee11-bdf5-000d3a8fd327,b20f529c-2b4f-f111-bec7-7c1e527cdbd8,23511df6-9189-f011-b4cc-7c1e527d2157
5a43a7b9-2b4f-f111-bec7-0022481fc755,1,"FTE resources will be required to support applicable change control and project execution activities.
Functional areas that are expected include (but might not be limited to) MFG, MS, ENG, PV, Mfg Compliance, QAV, QA",,,,Low Impact,1,0,,,24403061,04d25798-3a42-ee11-bdf5-000d3a8fd327,b20f529c-2b4f-f111-bec7-7c1e527cdbd8,a633db83-9289-f011-b4cc-7c1e527d2157
272dc4b6-2b4f-f111-bec6-70a8a53eb3d2,1,"This project can be executed n conjunction with the curently planned production batches of Takhzyro.  No shutdown, slowdown, flowdown, or any other kind of down is needed for this.  I promise.",,,,Low Impact,1,0,,,24403059,04d25798-3a42-ee11-bdf5-000d3a8fd327,b20f529c-2b4f-f111-bec7-7c1e527cdbd8,40a9de76-9289-f011-b4cc-7c1e527cd923
2ddde7ba-2b4f-f111-bec7-7c1e5215f4b4,1,"In the current state, the annual number of DS batches for Takhzyro exceeds the UFDF membrane lifetime limits.  This results in the need to perform membrane change out activities multiple times per FY.",,,,Low Impact,1,0,,,24403057,04d25798-3a42-ee11-bdf5-000d3a8fd327,b20f529c-2b4f-f111-bec7-7c1e527cdbd8,c29afc0a-9289-f011-b4cc-7c1e527d2157
50b39db6-2b4f-f111-bec7-000d3a8cdfc7,5,"This project will enable fewer membrane change outs per year in MFG.  This will result in fewer FTE hours needed for change out activities as well as reduced material costs and inventiry carrying costs.
Effectively achieve new membrane lifecycles without forced early changeout
No increase in UFDF deviations or processing time excursions related to membranes",,,,Moderate Impact,1,0,,,24403055,04d25798-3a42-ee11-bdf5-000d3a8fd327,b20f529c-2b4f-f111-bec7-7c1e527cdbd8,6e1c0e50-9289-f011-b4cc-002248271486
4843a7b9-2b4f-f111-bec7-0022481fc755,1,"UFDF1: Expect to begin to realize benefit FY27
Baseline: 14 impacted lots (FY26, FY27) = 28 cycles / 6 cycles/membrane installation = 4.67 membrane installation @0.05 OY/membrane installation (2 * 2.5 m2)
Impact: Increase to 8 cycles/membrane installation. Reduce to 3.5 membrane installation. Saving 0.06 OY in membrane cost for impacted lots (FY26, FY27)
Impact rationale: Reduces cost/batch for Lana by 0.004 OY
Required investment: Internal (change control resources, validation)

UFDF2: Expect to begin to realize benefit FY27
Baseline: 14 impacted lots (FY26, FY27) = 14 cycles / 2 cycles/membrane installation = 7 membrane installation @0.13 OY/membrane installation (4 * 2.5 m2, 6 * 0.5 m2)
Impact: Increase to 4 cycles/membrane installation. Reduce to 3.5 membrane installation. Saving 0.46 OY in membrane cost for impacted lots (FY26, FY27)
Impact rationale: Reduces cost/batch for Lana by 0.03 OY
Required investment: Internal (change control resources, validation) cost and hours",,,,Low Impact,1,0,,,24403053,04d25798-3a42-ee11-bdf5-000d3a8fd327,b20f529c-2b4f-f111-bec7-7c1e527cdbd8,740adf46-9289-f011-b4cc-7c1e527cd923
c32cc4b6-2b4f-f111-bec6-70a8a53eb3d2,0,This project does not address an active EHS Risk Register Item,,,,No Impact,1,0,,,24403051,04d25798-3a42-ee11-bdf5-000d3a8fd327,b20f529c-2b4f-f111-bec7-7c1e527cdbd8,fc7f63d0-9189-f011-b4cc-002248271486
8a9578b6-2b4f-f111-bec6-000d3a1ce8d4,1,"Estimated OPEX cost = N/A.
This project can be completed entirely with FTE support.  No CAPEX or OPEX expenditure is required.  The future state membrane limits are based on pre-existing small scale study data which is already filed in the Takhzyro regulatory filing.",N/A,,,Low Impact,1,0,,,24403047,04d25798-3a42-ee11-bdf5-000d3a8fd327,b20f529c-2b4f-f111-bec7-7c1e527cdbd8,300edd89-9289-f011-b4cc-7c1e527d2157
839578b6-2b4f-f111-bec6-000d3a1ce8d4,5,"In the current state, MFG can reach the membrane cycle limit for either UFDF 1 or UFDF 2 operation during normal production and need to perform a change out.  Risks to businss continuity include supply shortages or tock outs of replacement membranes and/or failures during new membrane cleaning or system integrity tests.  These risks could result in exceeding a process hold time for Takhzyro, product quality deviations or even batch/product loss.",,,,Moderate Impact,1,0,,,24403045,04d25798-3a42-ee11-bdf5-000d3a8fd327,b20f529c-2b4f-f111-bec7-7c1e527cdbd8,3182c040-9289-f011-b4cc-7c1e527cd923
cd255072-e74e-f111-bec7-000d3a8cdfc7,1,"This initiative will only impact FTE hours, as no cost is associated with form deployment.",,,,Low Impact,1,0,,,24402520,04d25798-3a42-ee11-bdf5-000d3a8fd327,61964b4f-e74e-f111-bec6-000d3a1ce8d4,300edd89-9289-f011-b4cc-7c1e527d2157
662ccb6d-e74e-f111-bec6-000d3a1ce8d4,1,"Digitization of existing paper-based forms is not expected to introduce structural changes to processes or production, and should not impact production schedule. Short-term execution inefficiencies may occur during initial deployment due to user adaption, interaction with digital systems in cleanroom environments, and alignment of digital workflows. The impact is expected to be temporary and mitigated through training, hypercare support, and iterative refinement of form design.",,,,Low Impact,1,0,,,24402518,04d25798-3a42-ee11-bdf5-000d3a8fd327,61964b4f-e74e-f111-bec6-000d3a1ce8d4,40a9de76-9289-f011-b4cc-7c1e527cd923
c63c6570-e74e-f111-bec7-0022481fc755,15,"Total operational effort across targeted processes is estimated at ~6,000-7,000 hours annually based on form volume, execution frequency, and number of users involved. This reflects time spent on manual completion, coordination, and review activities that are candidates for digitization and efficiency improvement.",# of Forms (volume) * # of individuals (touchpoints) * time to complete the form,,,Critical Impact,1,0,,,24402514,04d25798-3a42-ee11-bdf5-000d3a8fd327,61964b4f-e74e-f111-bec6-000d3a1ce8d4,a633db83-9289-f011-b4cc-7c1e527d2157
0a81f7d7-054f-f111-bec7-7c1e5215f4b4,5,Coontinuous Improvement TIP will challenge individuals to perform at dynamic capacity.,,,,Moderate Impact,1,0,,,24402306,04d25798-3a42-ee11-bdf5-000d3a8fd327,6b5cb284-fc4e-f111-bec7-7c1e527cdbd8,cba1c26b-9289-f011-b4cc-7c1e527d2157
4da293d3-054f-f111-bec7-7c1e527cdbd8,0,No impact at htis time,,,,No Impact,1,0,,,24402304,04d25798-3a42-ee11-bdf5-000d3a8fd327,6b5cb284-fc4e-f111-bec7-7c1e527cdbd8,09e36ed6-9189-f011-b4cc-002248271486
15b2b6d5-054f-f111-bec7-0022481fc755,0,No impact at this time,,,,No Impact,1,0,,,24402302,04d25798-3a42-ee11-bdf5-000d3a8fd327,6b5cb284-fc4e-f111-bec7-7c1e527cdbd8,31d4e7e3-9189-f011-b4cc-7c1e527d2157
d0431ad8-054f-f111-bec7-000d3a8cdfc7,0,No impact at this time,,,,No Impact,1,0,,,24402300,04d25798-3a42-ee11-bdf5-000d3a8fd327,6b5cb284-fc4e-f111-bec7-7c1e527cdbd8,c91de0e9-9189-f011-b4cc-7c1e527d2157
7a969ad4-054f-f111-bec6-000d3a1ce8d4,0,"Tied to the Transformation initiative and the ""People Minded"" charter.",,,,No Impact,1,0,,,24402298,04d25798-3a42-ee11-bdf5-000d3a8fd327,6b5cb284-fc4e-f111-bec7-7c1e527cdbd8,124ef45c-9289-f011-b4cc-002248271486
16b2b6d5-054f-f111-bec7-0022481fc755,0,No impact to the Quality Risk Register.,,,,No Impact,1,0,,,24402295,04d25798-3a42-ee11-bdf5-000d3a8fd327,6b5cb284-fc4e-f111-bec7-7c1e527cdbd8,23511df6-9189-f011-b4cc-7c1e527d2157
7e969ad4-054f-f111-bec6-000d3a1ce8d4,1,Continuous Improvement tied to behaviors.,,,,Low Impact,1,0,,,24402293,04d25798-3a42-ee11-bdf5-000d3a8fd327,6b5cb284-fc4e-f111-bec7-7c1e527cdbd8,a633db83-9289-f011-b4cc-7c1e527d2157
13b2b6d5-054f-f111-bec7-0022481fc755,1,Continuous Improvement tied to behaviors.,,,,Low Impact,1,0,,,24402291,04d25798-3a42-ee11-bdf5-000d3a8fd327,6b5cb284-fc4e-f111-bec7-7c1e527cdbd8,40a9de76-9289-f011-b4cc-7c1e527cd923
17b2b6d5-054f-f111-bec7-0022481fc755,0,Continuous Improvement tied to behaviors.,,,,No Impact,1,0,,,24402289,04d25798-3a42-ee11-bdf5-000d3a8fd327,6b5cb284-fc4e-f111-bec7-7c1e527cdbd8,c29afc0a-9289-f011-b4cc-7c1e527d2157
11b2b6d5-054f-f111-bec7-0022481fc755,0,Continuous Improvement tied to behaviors.,,,,No Impact,1,0,,,24402287,04d25798-3a42-ee11-bdf5-000d3a8fd327,6b5cb284-fc4e-f111-bec7-7c1e527cdbd8,6e1c0e50-9289-f011-b4cc-002248271486
9efefed1-054f-f111-bec7-7c1e5215f4b4,0,Continuous Improvement tied to behaviors.,,,,No Impact,1,0,,,24402285,04d25798-3a42-ee11-bdf5-000d3a8fd327,6b5cb284-fc4e-f111-bec7-7c1e527cdbd8,740adf46-9289-f011-b4cc-7c1e527cd923
76969ad4-054f-f111-bec6-000d3a1ce8d4,0,Continuous Improvement tied to behaviors.,,,,No Impact,1,0,,,24402283,04d25798-3a42-ee11-bdf5-000d3a8fd327,6b5cb284-fc4e-f111-bec7-7c1e527cdbd8,fc7f63d0-9189-f011-b4cc-002248271486
55a293d3-054f-f111-bec7-7c1e527cdbd8,1,Continuous Improvement initiative tied to behaviors.,,,,Low Impact,1,0,,,24402281,04d25798-3a42-ee11-bdf5-000d3a8fd327,6b5cb284-fc4e-f111-bec7-7c1e527cdbd8,300edd89-9289-f011-b4cc-7c1e527d2157
8edd0ed2-054f-f111-bec7-000d3a8cdfc7,0,Continuous Improvement tied to behaviors.,,,,No Impact,1,0,,,24402279,04d25798-3a42-ee11-bdf5-000d3a8fd327,6b5cb284-fc4e-f111-bec7-7c1e527cdbd8,3182c040-9289-f011-b4cc-7c1e527cd923
dba193d3-054f-f111-bec7-7c1e527cdbd8,5,Fabriq is a new tool and full capabilities are being explored for efficient impact to Tier board meetings.,,,,Moderate Impact,1,0,,,24402274,04d25798-3a42-ee11-bdf5-000d3a8fd327,0e95bc66-ff4e-f111-bec6-000d3a1ce8d4,cba1c26b-9289-f011-b4cc-7c1e527d2157
26fdaacf-054f-f111-bec7-0022481fc755,0,No impact at this time,,,,No Impact,1,0,,,24402272,04d25798-3a42-ee11-bdf5-000d3a8fd327,0e95bc66-ff4e-f111-bec6-000d3a1ce8d4,c91de0e9-9189-f011-b4cc-7c1e527d2157
13dd0ed2-054f-f111-bec7-000d3a8cdfc7,0,Nothing at this time.,,,,No Impact,1,0,,,24402270,04d25798-3a42-ee11-bdf5-000d3a8fd327,0e95bc66-ff4e-f111-bec6-000d3a1ce8d4,31d4e7e3-9189-f011-b4cc-7c1e527d2157
05dd0ed2-054f-f111-bec7-000d3a8cdfc7,0,No impact to Carbon Reduction,,,,No Impact,1,0,,,24402268,04d25798-3a42-ee11-bdf5-000d3a8fd327,0e95bc66-ff4e-f111-bec6-000d3a1ce8d4,09e36ed6-9189-f011-b4cc-002248271486
61656bce-054f-f111-bec6-000d3a1ce8d4,5,Continuous improvement to the meeting structure using Fabriq.,,,,Moderate Impact,1,0,,,24402266,04d25798-3a42-ee11-bdf5-000d3a8fd327,0e95bc66-ff4e-f111-bec6-000d3a1ce8d4,124ef45c-9289-f011-b4cc-002248271486
1cdd0ed2-054f-f111-bec7-000d3a8cdfc7,0,No risk to the Quality Rsk Register,,,,No Impact,1,0,,,24402264,04d25798-3a42-ee11-bdf5-000d3a8fd327,0e95bc66-ff4e-f111-bec6-000d3a1ce8d4,23511df6-9189-f011-b4cc-7c1e527d2157
65656bce-054f-f111-bec6-000d3a1ce8d4,1,Assessment of key stakeholders can eliminate waste in terms of hours and unneccessary individuals present.,,,,Low Impact,1,0,,,24402262,04d25798-3a42-ee11-bdf5-000d3a8fd327,0e95bc66-ff4e-f111-bec6-000d3a1ce8d4,a633db83-9289-f011-b4cc-7c1e527d2157
62656bce-054f-f111-bec6-000d3a1ce8d4,1,Continuous Improvement efforts to streamline Tier board meeting utilizing Fabriq.,,,,Low Impact,1,0,,,24402139,04d25798-3a42-ee11-bdf5-000d3a8fd327,0e95bc66-ff4e-f111-bec6-000d3a1ce8d4,40a9de76-9289-f011-b4cc-7c1e527cd923
27fdaacf-054f-f111-bec7-0022481fc755,0,No current risks to production.,,,,No Impact,1,0,,,24402137,04d25798-3a42-ee11-bdf5-000d3a8fd327,0e95bc66-ff4e-f111-bec6-000d3a1ce8d4,c29afc0a-9289-f011-b4cc-7c1e527d2157
318f98cd-054f-f111-bec7-7c1e527cdbd8,0,"A future ready workforce who clearly understand the skills needed for the future, take ownership of their upskilling and reskilling, and actively build new capabilities (digital, data, problem solving, innovation) as part of everyday work​.

​",,,,No Impact,1,0,,,24402135,04d25798-3a42-ee11-bdf5-000d3a8fd327,0e95bc66-ff4e-f111-bec6-000d3a1ce8d4,6e1c0e50-9289-f011-b4cc-002248271486
0ddd0ed2-054f-f111-bec7-000d3a8cdfc7,0,A potential savings of 0.78OY,,,,No Impact,1,0,,,24402133,04d25798-3a42-ee11-bdf5-000d3a8fd327,0e95bc66-ff4e-f111-bec6-000d3a1ce8d4,740adf46-9289-f011-b4cc-7c1e527cd923
5d656bce-054f-f111-bec6-000d3a1ce8d4,0,No risk to ORM at this time.,,,,No Impact,1,0,,,24402131,04d25798-3a42-ee11-bdf5-000d3a8fd327,0e95bc66-ff4e-f111-bec6-000d3a1ce8d4,fc7f63d0-9189-f011-b4cc-002248271486
2bfdaacf-054f-f111-bec7-0022481fc755,5,Potential savings of 0.78OY in FTE hours.,,,,Moderate Impact,1,0,,,24402129,04d25798-3a42-ee11-bdf5-000d3a8fd327,0e95bc66-ff4e-f111-bec6-000d3a1ce8d4,300edd89-9289-f011-b4cc-7c1e527d2157
24fdaacf-054f-f111-bec7-0022481fc755,1,Through a Maturity assessment Fabriq tool will be used or continuous improvemnt efforts.,,,,Low Impact,1,0,,,24402127,04d25798-3a42-ee11-bdf5-000d3a8fd327,0e95bc66-ff4e-f111-bec6-000d3a1ce8d4,3182c040-9289-f011-b4cc-7c1e527cd923
7ff10cc4-024f-f111-bec7-7c1e527cdbd8,0,,,,,No Impact,1,0,,,24402042,04d25798-3a42-ee11-bdf5-000d3a8fd327,b4447bc1-fd4e-f111-bec7-7c1e5215f4b4,300edd89-9289-f011-b4cc-7c1e527d2157
2f7d1dc2-024f-f111-bec7-7c1e5215f4b4,0,,,,,No Impact,1,0,,,24402041,04d25798-3a42-ee11-bdf5-000d3a8fd327,b4447bc1-fd4e-f111-bec7-7c1e5215f4b4,a633db83-9289-f011-b4cc-7c1e527d2157
7375e0c6-024f-f111-bec7-0022481fc755,0,,,,,No Impact,1,0,,,24402040,04d25798-3a42-ee11-bdf5-000d3a8fd327,b4447bc1-fd4e-f111-bec7-7c1e5215f4b4,cba1c26b-9289-f011-b4cc-7c1e527d2157
fbe9bec6-024f-f111-bec7-000d3a8cdfc7,0,,,,,No Impact,1,0,,,24402039,04d25798-3a42-ee11-bdf5-000d3a8fd327,b4447bc1-fd4e-f111-bec7-7c1e5215f4b4,c29afc0a-9289-f011-b4cc-7c1e527d2157
2a7d1dc2-024f-f111-bec7-7c1e5215f4b4,0,,,,,No Impact,1,0,,,24402038,04d25798-3a42-ee11-bdf5-000d3a8fd327,b4447bc1-fd4e-f111-bec7-7c1e5215f4b4,23511df6-9189-f011-b4cc-7c1e527d2157
fae9bec6-024f-f111-bec7-000d3a8cdfc7,0,,,,,No Impact,1,0,,,24402037,04d25798-3a42-ee11-bdf5-000d3a8fd327,b4447bc1-fd4e-f111-bec7-7c1e5215f4b4,c91de0e9-9189-f011-b4cc-7c1e527d2157
445bcbc0-024f-f111-bec7-0022481fc755,0,,,,,No Impact,1,0,,,24402035,04d25798-3a42-ee11-bdf5-000d3a8fd327,b4447bc1-fd4e-f111-bec7-7c1e5215f4b4,31d4e7e3-9189-f011-b4cc-7c1e527d2157
60ccebc0-024f-f111-bec6-000d3a1ce8d4,0,,,,,No Impact,1,0,,,24402034,04d25798-3a42-ee11-bdf5-000d3a8fd327,b4447bc1-fd4e-f111-bec7-7c1e5215f4b4,40a9de76-9289-f011-b4cc-7c1e527cd923
0685a7c0-024f-f111-bec7-000d3a8cdfc7,0,,,,,No Impact,1,0,,,24402033,04d25798-3a42-ee11-bdf5-000d3a8fd327,b4447bc1-fd4e-f111-bec7-7c1e5215f4b4,740adf46-9289-f011-b4cc-7c1e527cd923
ff84a7c0-024f-f111-bec7-000d3a8cdfc7,0,,,,,No Impact,1,0,,,24402032,04d25798-3a42-ee11-bdf5-000d3a8fd327,b4447bc1-fd4e-f111-bec7-7c1e5215f4b4,3182c040-9289-f011-b4cc-7c1e527cd923
1e7d1dc2-024f-f111-bec7-7c1e5215f4b4,0,,,,,No Impact,1,0,,,24402031,04d25798-3a42-ee11-bdf5-000d3a8fd327,b4447bc1-fd4e-f111-bec7-7c1e5215f4b4,124ef45c-9289-f011-b4cc-002248271486
51ccebc0-024f-f111-bec6-000d3a1ce8d4,0,,,,,No Impact,1,0,,,24402029,04d25798-3a42-ee11-bdf5-000d3a8fd327,b4447bc1-fd4e-f111-bec7-7c1e5215f4b4,6e1c0e50-9289-f011-b4cc-002248271486
6bf10cc4-024f-f111-bec7-7c1e527cdbd8,0,,,,,No Impact,1,0,,,24402027,04d25798-3a42-ee11-bdf5-000d3a8fd327,b4447bc1-fd4e-f111-bec7-7c1e5215f4b4,09e36ed6-9189-f011-b4cc-002248271486
fe84a7c0-024f-f111-bec7-000d3a8cdfc7,0,,,,,No Impact,1,0,,,24402026,04d25798-3a42-ee11-bdf5-000d3a8fd327,b4447bc1-fd4e-f111-bec7-7c1e5215f4b4,fc7f63d0-9189-f011-b4cc-002248271486
04379b27-014f-f111-bec7-7c1e527cdbd8,5,High Experience and probably high complexity,,,,Moderate Impact,1,0,,,24402011,04d25798-3a42-ee11-bdf5-000d3a8fd327,746a1f08-004f-f111-bec7-7c1e527cdbd8,cba1c26b-9289-f011-b4cc-7c1e527d2157
fe369b27-014f-f111-bec7-7c1e527cdbd8,0,N/A,,,,No Impact,1,0,,,24402009,04d25798-3a42-ee11-bdf5-000d3a8fd327,746a1f08-004f-f111-bec7-7c1e527cdbd8,c91de0e9-9189-f011-b4cc-7c1e527d2157
f4369b27-014f-f111-bec7-7c1e527cdbd8,0,N/A,,,,No Impact,1,0,,,24402007,04d25798-3a42-ee11-bdf5-000d3a8fd327,746a1f08-004f-f111-bec7-7c1e527cdbd8,09e36ed6-9189-f011-b4cc-002248271486
63928c2a-014f-f111-bec7-000d3a8cdfc7,0,N/A,,,,No Impact,1,0,,,24402005,04d25798-3a42-ee11-bdf5-000d3a8fd327,746a1f08-004f-f111-bec7-7c1e527cdbd8,31d4e7e3-9189-f011-b4cc-7c1e527d2157
f5369b27-014f-f111-bec7-7c1e527cdbd8,15,Required to meet MRP and become first quartile in COGs,,,,Critical Impact,1,0,,,24402003,04d25798-3a42-ee11-bdf5-000d3a8fd327,746a1f08-004f-f111-bec7-7c1e527cdbd8,124ef45c-9289-f011-b4cc-002248271486
3e2df12a-014f-f111-bec7-0022481fc755,0,Does not impact quality,,,,No Impact,1,0,,,24402001,04d25798-3a42-ee11-bdf5-000d3a8fd327,746a1f08-004f-f111-bec7-7c1e527cdbd8,23511df6-9189-f011-b4cc-7c1e527d2157
5c61192c-014f-f111-bec7-7c1e5215f4b4,5,TIP estimates,,,,Moderate Impact,1,0,,,24401999,04d25798-3a42-ee11-bdf5-000d3a8fd327,746a1f08-004f-f111-bec7-7c1e527cdbd8,a633db83-9289-f011-b4cc-7c1e527d2157
61928c2a-014f-f111-bec7-000d3a8cdfc7,1,No impact to productio,,,,Low Impact,1,0,,,24401997,04d25798-3a42-ee11-bdf5-000d3a8fd327,746a1f08-004f-f111-bec7-7c1e527cdbd8,40a9de76-9289-f011-b4cc-7c1e527cd923
402df12a-014f-f111-bec7-0022481fc755,0,N/A,,,,No Impact,1,0,,,24401995,04d25798-3a42-ee11-bdf5-000d3a8fd327,746a1f08-004f-f111-bec7-7c1e527cdbd8,c29afc0a-9289-f011-b4cc-7c1e527d2157
a3ad1e26-014f-f111-bec7-7c1e5215f4b4,0,No capacity improvements. More about enabling production requirements by being flexible with maint. time,,,,No Impact,1,0,,,24401993,04d25798-3a42-ee11-bdf5-000d3a8fd327,746a1f08-004f-f111-bec7-7c1e527cdbd8,6e1c0e50-9289-f011-b4cc-002248271486
f6369b27-014f-f111-bec7-7c1e527cdbd8,15,Estimated 7000 hours will be unlocked through upskilling and cross training within the org.,see transformation levers,,,Critical Impact,1,0,,,24401989,04d25798-3a42-ee11-bdf5-000d3a8fd327,746a1f08-004f-f111-bec7-7c1e527cdbd8,740adf46-9289-f011-b4cc-7c1e527cd923
98ad1e26-014f-f111-bec7-7c1e5215f4b4,0,No EHS impact,,,,No Impact,1,0,,,24401985,04d25798-3a42-ee11-bdf5-000d3a8fd327,746a1f08-004f-f111-bec7-7c1e527cdbd8,fc7f63d0-9189-f011-b4cc-002248271486
05379b27-014f-f111-bec7-7c1e527cdbd8,1,Potential to require some external consultant support which is TBD,,,,Low Impact,1,0,,,24401983,04d25798-3a42-ee11-bdf5-000d3a8fd327,746a1f08-004f-f111-bec7-7c1e527cdbd8,300edd89-9289-f011-b4cc-7c1e527d2157
a5ad1e26-014f-f111-bec7-7c1e5215f4b4,0,N/A,,,,No Impact,1,0,,,24401981,04d25798-3a42-ee11-bdf5-000d3a8fd327,746a1f08-004f-f111-bec7-7c1e527cdbd8,3182c040-9289-f011-b4cc-7c1e527cd923
0ff95eea-0323-f111-8341-7c1e5247a2b3,1,none - the system would not allow me to select none,,,,Low Impact,1,0,,,24401958,04d25798-3a42-ee11-bdf5-000d3a8fd327,0e0b54ba-ff22-f111-8341-6045bda6c590,40a9de76-9289-f011-b4cc-7c1e527cd923
489466ec-0323-f111-8341-6045bdd8cc50,10,system integrations are complex and we don't know what we don't know,,,,High Impact,1,0,,,24401956,04d25798-3a42-ee11-bdf5-000d3a8fd327,0e0b54ba-ff22-f111-8341-6045bda6c590,cba1c26b-9289-f011-b4cc-7c1e527d2157
a70012ed-0323-f111-8341-7c1e52146c0e,0,none,,,,No Impact,1,0,,,24401952,04d25798-3a42-ee11-bdf5-000d3a8fd327,0e0b54ba-ff22-f111-8341-6045bda6c590,c91de0e9-9189-f011-b4cc-7c1e527d2157
88c937e9-0323-f111-8342-7c1e52146908,0,none,,,,No Impact,1,0,,,24401950,04d25798-3a42-ee11-bdf5-000d3a8fd327,0e0b54ba-ff22-f111-8341-6045bda6c590,31d4e7e3-9189-f011-b4cc-7c1e527d2157
f53c0eec-0323-f111-8341-000d3a538d48,0,none,,,,No Impact,1,0,,,24401948,04d25798-3a42-ee11-bdf5-000d3a8fd327,0e0b54ba-ff22-f111-8341-6045bda6c590,09e36ed6-9189-f011-b4cc-002248271486
f63c0eec-0323-f111-8341-000d3a538d48,5,merging systems reduces overhead work by automation team.  Reduce Waste,,,,Moderate Impact,1,0,,,24401946,04d25798-3a42-ee11-bdf5-000d3a8fd327,0e0b54ba-ff22-f111-8341-6045bda6c590,124ef45c-9289-f011-b4cc-002248271486
77fb7a4b-004f-f111-bec7-000d3a8cdfc7,1,na,,,,Low Impact,1,0,,,24401942,04d25798-3a42-ee11-bdf5-000d3a8fd327,589dc644-004f-f111-bec7-7c1e5215f4b4,cba1c26b-9289-f011-b4cc-7c1e527d2157
e6ae3d4c-004f-f111-bec7-7c1e527cdbd8,1,na,,,,Low Impact,1,0,,,24401940,04d25798-3a42-ee11-bdf5-000d3a8fd327,589dc644-004f-f111-bec7-7c1e5215f4b4,c91de0e9-9189-f011-b4cc-7c1e527d2157
92b82349-004f-f111-bec6-70a8a53eb3d2,1,na,,,,Low Impact,1,0,,,24401938,04d25798-3a42-ee11-bdf5-000d3a8fd327,589dc644-004f-f111-bec7-7c1e5215f4b4,09e36ed6-9189-f011-b4cc-002248271486
4db0e54d-004f-f111-bec7-0022481fc755,1,na,,,,Low Impact,1,0,,,24401936,04d25798-3a42-ee11-bdf5-000d3a8fd327,589dc644-004f-f111-bec7-7c1e5215f4b4,31d4e7e3-9189-f011-b4cc-7c1e527d2157
2888504e-004f-f111-bec6-000d3a1ce8d4,15,na,,,,Critical Impact,1,0,,,24401930,04d25798-3a42-ee11-bdf5-000d3a8fd327,589dc644-004f-f111-bec7-7c1e5215f4b4,124ef45c-9289-f011-b4cc-002248271486
4eb0e54d-004f-f111-bec7-0022481fc755,1,na,,,,Low Impact,1,0,,,24401928,04d25798-3a42-ee11-bdf5-000d3a8fd327,589dc644-004f-f111-bec7-7c1e5215f4b4,23511df6-9189-f011-b4cc-7c1e527d2157
e82b344f-004f-f111-bec6-70a8a53eb3d2,10,na,,,,High Impact,1,0,,,24401926,04d25798-3a42-ee11-bdf5-000d3a8fd327,589dc644-004f-f111-bec7-7c1e5215f4b4,a633db83-9289-f011-b4cc-7c1e527d2157
e1ae3d4c-004f-f111-bec7-7c1e527cdbd8,1,na,,,,Low Impact,1,0,,,24401924,04d25798-3a42-ee11-bdf5-000d3a8fd327,589dc644-004f-f111-bec7-7c1e5215f4b4,40a9de76-9289-f011-b4cc-7c1e527cd923
74fb7a4b-004f-f111-bec7-000d3a8cdfc7,1,na,,,,Low Impact,1,0,,,24401915,04d25798-3a42-ee11-bdf5-000d3a8fd327,589dc644-004f-f111-bec7-7c1e5215f4b4,c29afc0a-9289-f011-b4cc-7c1e527d2157
2b88504e-004f-f111-bec6-000d3a1ce8d4,10,low,,,,High Impact,1,0,,,24401914,04d25798-3a42-ee11-bdf5-000d3a8fd327,589dc644-004f-f111-bec7-7c1e5215f4b4,740adf46-9289-f011-b4cc-7c1e527cd923
4afb7a4b-004f-f111-bec7-000d3a8cdfc7,1,low,,,,Low Impact,1,0,,,24401910,04d25798-3a42-ee11-bdf5-000d3a8fd327,589dc644-004f-f111-bec7-7c1e5215f4b4,fc7f63d0-9189-f011-b4cc-002248271486
6ae185c0-fe4e-f111-bec7-7c1e5215f4b4,5,Some dashboards should be easy to recreate and some are very complicated in Spotfire and therefore would be very complicated to recreate in PowerBI.  There are not a lot of PowerBI SMEs to help.,,,,Moderate Impact,1,0,,,24401905,04d25798-3a42-ee11-bdf5-000d3a8fd327,b0e692f3-e04e-f111-bec7-7c1e5215f4b4,cba1c26b-9289-f011-b4cc-7c1e527d2157
61fb7a4b-004f-f111-bec7-000d3a8cdfc7,5,low,,,,Moderate Impact,1,0,,,24401903,04d25798-3a42-ee11-bdf5-000d3a8fd327,589dc644-004f-f111-bec7-7c1e5215f4b4,6e1c0e50-9289-f011-b4cc-002248271486
51b0e54d-004f-f111-bec7-0022481fc755,1,na,,,,Low Impact,1,0,,,24401879,04d25798-3a42-ee11-bdf5-000d3a8fd327,589dc644-004f-f111-bec7-7c1e5215f4b4,300edd89-9289-f011-b4cc-7c1e527d2157
f83c0eec-0323-f111-8341-000d3a538d48,0,none,,,,No Impact,1,0,,,24401871,04d25798-3a42-ee11-bdf5-000d3a8fd327,0e0b54ba-ff22-f111-8341-6045bda6c590,23511df6-9189-f011-b4cc-7c1e527d2157
dbae3d4c-004f-f111-bec7-7c1e527cdbd8,0,,,,,No Impact,1,0,,,24401855,04d25798-3a42-ee11-bdf5-000d3a8fd327,589dc644-004f-f111-bec7-7c1e5215f4b4,3182c040-9289-f011-b4cc-7c1e527cd923
57e185c0-fe4e-f111-bec7-7c1e5215f4b4,5,This is part of the transformation initiative,,,,Moderate Impact,1,0,,,24401747,04d25798-3a42-ee11-bdf5-000d3a8fd327,b0e692f3-e04e-f111-bec7-7c1e5215f4b4,124ef45c-9289-f011-b4cc-002248271486
758b9fc3-fe4e-f111-bec7-0022481fc755,1,The hours will mainly be figuring out how to recreate the dashboards in powerBI and determining what modules we may need.,,,,Low Impact,1,0,,,24401358,04d25798-3a42-ee11-bdf5-000d3a8fd327,b0e692f3-e04e-f111-bec7-7c1e5215f4b4,a633db83-9289-f011-b4cc-7c1e527d2157
13f95eea-0323-f111-8341-7c1e5247a2b3,5,"This will requre automation, validation and quality and will be more than 1 month of work",,,,Moderate Impact,1,0,,,24401275,04d25798-3a42-ee11-bdf5-000d3a8fd327,0e0b54ba-ff22-f111-8341-6045bda6c590,a633db83-9289-f011-b4cc-7c1e527d2157
d77e29c1-fe4e-f111-bec7-7c1e527cdbd8,1,This is non-GxP tool used for informational purposes only,,,,Low Impact,1,0,,,24401273,04d25798-3a42-ee11-bdf5-000d3a8fd327,b0e692f3-e04e-f111-bec7-7c1e5215f4b4,40a9de76-9289-f011-b4cc-7c1e527cd923
5f824ec0-fe4e-f111-bec7-000d3a8cdfc7,0,There will be no impact to yield as this is a non-GxP tool used for informational purposes only.,,,,No Impact,1,0,,,24401269,04d25798-3a42-ee11-bdf5-000d3a8fd327,b0e692f3-e04e-f111-bec7-7c1e5215f4b4,c29afc0a-9289-f011-b4cc-7c1e527d2157
78b300c2-fe4e-f111-bec6-70a8a53eb3d2,0,This would move MBO dashboarding to the chosen Takeda North Star tool of PowerBI,,,,No Impact,1,0,,,24401267,04d25798-3a42-ee11-bdf5-000d3a8fd327,b0e692f3-e04e-f111-bec7-7c1e5215f4b4,6e1c0e50-9289-f011-b4cc-002248271486
bc5958bd-fe4e-f111-bec7-0022481fc755,5,This is estimated to save 0.17 OY annual for Spotfire Licensing and servers.,,,,Moderate Impact,1,0,,,24401265,04d25798-3a42-ee11-bdf5-000d3a8fd327,b0e692f3-e04e-f111-bec7-7c1e5215f4b4,740adf46-9289-f011-b4cc-7c1e527cd923
a90012ed-0323-f111-8341-7c1e52146c0e,0,none of these options are applicable,,,,No Impact,1,0,,,24401263,04d25798-3a42-ee11-bdf5-000d3a8fd327,0e0b54ba-ff22-f111-8341-6045bda6c590,c29afc0a-9289-f011-b4cc-7c1e527d2157
bb5958bd-fe4e-f111-bec7-0022481fc755,0,This is a non-GxP tool and used for informational purposes only.,,,,No Impact,1,0,,,24401261,04d25798-3a42-ee11-bdf5-000d3a8fd327,b0e692f3-e04e-f111-bec7-7c1e5215f4b4,fc7f63d0-9189-f011-b4cc-002248271486
ed7e29c1-fe4e-f111-bec7-7c1e527cdbd8,1,This project will require time from people to recreate dashboards in PowerBI.  This project may also require that we purchase powerBI modules to cover certain functionality.,,,,Low Impact,1,0,,,24401255,04d25798-3a42-ee11-bdf5-000d3a8fd327,b0e692f3-e04e-f111-bec7-7c1e5215f4b4,300edd89-9289-f011-b4cc-7c1e527d2157
7ab300c2-fe4e-f111-bec6-70a8a53eb3d2,1,Spotfire is not a GxP tool and is used for informational purposes only,,,,Low Impact,1,0,,,24401253,04d25798-3a42-ee11-bdf5-000d3a8fd327,b0e692f3-e04e-f111-bec7-7c1e5215f4b4,3182c040-9289-f011-b4cc-7c1e527cd923
449466ec-0323-f111-8341-6045bdd8cc50,0,n/A,,,,No Impact,1,0,,,24401251,04d25798-3a42-ee11-bdf5-000d3a8fd327,0e0b54ba-ff22-f111-8341-6045bda6c590,6e1c0e50-9289-f011-b4cc-002248271486
86c937e9-0323-f111-8342-7c1e52146908,0,N/A,,,,No Impact,1,0,,,24401247,04d25798-3a42-ee11-bdf5-000d3a8fd327,0e0b54ba-ff22-f111-8341-6045bda6c590,740adf46-9289-f011-b4cc-7c1e527cd923
4ceb71ad-fb4e-f111-bec6-000d3a1ce8d4,1,"Low technical complexity, will require some thought on actual revisions, but sufficient experience within MSci is available.",,,,Low Impact,1,0,,,24401241,04d25798-3a42-ee11-bdf5-000d3a8fd327,3e3e0392-fb4e-f111-bec7-000d3a8cdfc7,cba1c26b-9289-f011-b4cc-7c1e527d2157
a60012ed-0323-f111-8341-7c1e52146c0e,0,none,,,,No Impact,1,0,,,24401239,04d25798-3a42-ee11-bdf5-000d3a8fd327,0e0b54ba-ff22-f111-8341-6045bda6c590,fc7f63d0-9189-f011-b4cc-002248271486
266b4bad-fb4e-f111-bec7-7c1e527cdbd8,0,No impact to carbon footprint.,,,,No Impact,1,0,,,24401237,04d25798-3a42-ee11-bdf5-000d3a8fd327,3e3e0392-fb4e-f111-bec7-000d3a8cdfc7,09e36ed6-9189-f011-b4cc-002248271486
8ec937e9-0323-f111-8342-7c1e52146908,5,Application upgrade costs as well as integration of two CMS platforms to 1 requires come software integration.,,,,Moderate Impact,1,0,,,24401235,04d25798-3a42-ee11-bdf5-000d3a8fd327,0e0b54ba-ff22-f111-8341-6045bda6c590,300edd89-9289-f011-b4cc-7c1e527d2157
8c11e0b0-fb4e-f111-bec7-0022481fc755,0,No impact to waste production/reduction.,,,,No Impact,1,0,,,24401233,04d25798-3a42-ee11-bdf5-000d3a8fd327,3e3e0392-fb4e-f111-bec7-000d3a8cdfc7,31d4e7e3-9189-f011-b4cc-7c1e527d2157
249d0db0-fb4e-f111-bec7-000d3a8cdfc7,0,Will not impact water usage.,,,,No Impact,1,0,,,24401231,04d25798-3a42-ee11-bdf5-000d3a8fd327,3e3e0392-fb4e-f111-bec7-000d3a8cdfc7,c91de0e9-9189-f011-b4cc-7c1e527d2157
159d0db0-fb4e-f111-bec7-000d3a8cdfc7,5,This project will free up 0.09 FTE hours weekly in MSci for other site projects.,,,,Moderate Impact,1,0,,,24401229,04d25798-3a42-ee11-bdf5-000d3a8fd327,3e3e0392-fb4e-f111-bec7-000d3a8cdfc7,124ef45c-9289-f011-b4cc-002248271486
f44065c1-fe4e-f111-bec6-000d3a1ce8d4,0,,,,,No Impact,1,0,,,24401224,04d25798-3a42-ee11-bdf5-000d3a8fd327,b0e692f3-e04e-f111-bec7-7c1e5215f4b4,23511df6-9189-f011-b4cc-7c1e527d2157
88b300c2-fe4e-f111-bec6-70a8a53eb3d2,0,,,,,No Impact,1,0,,,24401223,04d25798-3a42-ee11-bdf5-000d3a8fd327,b0e692f3-e04e-f111-bec7-7c1e5215f4b4,c91de0e9-9189-f011-b4cc-7c1e527d2157
85b300c2-fe4e-f111-bec6-70a8a53eb3d2,0,,,,,No Impact,1,0,,,24401222,04d25798-3a42-ee11-bdf5-000d3a8fd327,b0e692f3-e04e-f111-bec7-7c1e5215f4b4,31d4e7e3-9189-f011-b4cc-7c1e527d2157
e8814ec0-fe4e-f111-bec7-000d3a8cdfc7,0,,,,,No Impact,1,0,,,24401213,04d25798-3a42-ee11-bdf5-000d3a8fd327,b0e692f3-e04e-f111-bec7-7c1e5215f4b4,09e36ed6-9189-f011-b4cc-002248271486
49eb71ad-fb4e-f111-bec6-000d3a1ce8d4,0,No risk register impact - this is an efficiency increase.,,,,No Impact,1,0,,,24401206,04d25798-3a42-ee11-bdf5-000d3a8fd327,3e3e0392-fb4e-f111-bec7-000d3a8cdfc7,23511df6-9189-f011-b4cc-7c1e527d2157
f73c0eec-0323-f111-8341-000d3a538d48,10,"Operating system is obsolete,",,,,High Impact,1,0,,,24401204,04d25798-3a42-ee11-bdf5-000d3a8fd327,0e0b54ba-ff22-f111-8341-6045bda6c590,3182c040-9289-f011-b4cc-7c1e527cd923
44e4379c-fa4e-f111-bec7-7c1e5215f4b4,0,None - impacts sewer costs.,,,,No Impact,1,0,,,24401201,04d25798-3a42-ee11-bdf5-000d3a8fd327,63dbcd72-fa4e-f111-bec7-7c1e527cdbd8,c91de0e9-9189-f011-b4cc-7c1e527d2157
76ec869d-fa4e-f111-bec6-000d3a1ce8d4,0,No Carbon Related,,,,No Impact,1,0,,,24401199,04d25798-3a42-ee11-bdf5-000d3a8fd327,63dbcd72-fa4e-f111-bec7-7c1e527cdbd8,09e36ed6-9189-f011-b4cc-002248271486
81ec869d-fa4e-f111-bec6-000d3a1ce8d4,0,N/A,,,,No Impact,1,0,,,24401197,04d25798-3a42-ee11-bdf5-000d3a8fd327,63dbcd72-fa4e-f111-bec7-7c1e527cdbd8,31d4e7e3-9189-f011-b4cc-7c1e527d2157
446b4bad-fb4e-f111-bec7-7c1e527cdbd8,1,Requires a procedural revision to 2 documents.,,,,Low Impact,1,0,,,24401193,04d25798-3a42-ee11-bdf5-000d3a8fd327,3e3e0392-fb4e-f111-bec7-000d3a8cdfc7,a633db83-9289-f011-b4cc-7c1e527d2157
4bb2909c-fa4e-f111-bec7-0022481fc755,1,Estimated resources with Site Engineering and little from external relations.,"Estimated the hours of the work for EUR development, document preparation, and project support for Engineering/Design/Construction",,,Low Impact,1,0,,,24401191,04d25798-3a42-ee11-bdf5-000d3a8fd327,63dbcd72-fa4e-f111-bec7-7c1e527cdbd8,a633db83-9289-f011-b4cc-7c1e527d2157
436b4bad-fb4e-f111-bec7-7c1e527cdbd8,0,No risk to production.,,,,No Impact,1,0,,,24401189,04d25798-3a42-ee11-bdf5-000d3a8fd327,3e3e0392-fb4e-f111-bec7-000d3a8cdfc7,c29afc0a-9289-f011-b4cc-7c1e527d2157
8b11e0b0-fb4e-f111-bec7-0022481fc755,1,No impact to production schedule.,,,,Low Impact,1,0,,,24401187,04d25798-3a42-ee11-bdf5-000d3a8fd327,3e3e0392-fb4e-f111-bec7-000d3a8cdfc7,40a9de76-9289-f011-b4cc-7c1e527cd923
a31b2db1-fb4e-f111-bec7-7c1e5215f4b4,1,Procedure revision will free up MSci resources.,,,,Low Impact,1,0,,,24401182,04d25798-3a42-ee11-bdf5-000d3a8fd327,3e3e0392-fb4e-f111-bec7-000d3a8cdfc7,6e1c0e50-9289-f011-b4cc-002248271486
45eb71ad-fb4e-f111-bec6-000d3a1ce8d4,1,Procedure revision will free up MSci resources.,,,,Low Impact,1,0,,,24401180,04d25798-3a42-ee11-bdf5-000d3a8fd327,3e3e0392-fb4e-f111-bec7-000d3a8cdfc7,740adf46-9289-f011-b4cc-7c1e527cd923
e8fa639a-fa4e-f111-bec7-000d3a8cdfc7,0,"B.) No Mitigation Exists + Little to No Impact on Production/Yield

Has no production aspects.",,,,No Impact,1,0,,,24401178,04d25798-3a42-ee11-bdf5-000d3a8fd327,63dbcd72-fa4e-f111-bec7-7c1e527cdbd8,c29afc0a-9289-f011-b4cc-7c1e527d2157
089d0db0-fb4e-f111-bec7-000d3a8cdfc7,0,The scope of this revision will not impact EHS.,,,,No Impact,1,0,,,24401176,04d25798-3a42-ee11-bdf5-000d3a8fd327,3e3e0392-fb4e-f111-bec7-000d3a8cdfc7,fc7f63d0-9189-f011-b4cc-002248271486
9711e0b0-fb4e-f111-bec7-0022481fc755,1,"Scope is an SOP/FORM revision, will only require FTE hours.",,,,Low Impact,1,0,,,24401172,04d25798-3a42-ee11-bdf5-000d3a8fd327,3e3e0392-fb4e-f111-bec7-000d3a8cdfc7,300edd89-9289-f011-b4cc-7c1e527d2157
79ec869d-fa4e-f111-bec6-000d3a1ce8d4,0,None expected as this is a utilities optimization,,,,No Impact,1,0,,,24401170,04d25798-3a42-ee11-bdf5-000d3a8fd327,63dbcd72-fa4e-f111-bec7-7c1e527cdbd8,6e1c0e50-9289-f011-b4cc-002248271486
356b4bad-fb4e-f111-bec7-7c1e527cdbd8,1,"Not business critical, but will optmize MSci resources.",,,,Low Impact,1,0,,,24401168,04d25798-3a42-ee11-bdf5-000d3a8fd327,3e3e0392-fb4e-f111-bec7-000d3a8cdfc7,3182c040-9289-f011-b4cc-7c1e527cd923
df4e9997-fa4e-f111-bec7-7c1e527cdbd8,0,"A.) There is no impact to safety processes, equipment safety, or personnel safety with this installation as it is only modifying feed source piping upstream from the chillers.",,,,No Impact,1,0,,,24401166,04d25798-3a42-ee11-bdf5-000d3a8fd327,63dbcd72-fa4e-f111-bec7-7c1e527cdbd8,fc7f63d0-9189-f011-b4cc-002248271486
4ab2909c-fa4e-f111-bec7-0022481fc755,1,C.) low complexity as this will involve working with the Town of Lexington and external communications/relations.,,,,Low Impact,1,0,,,24401158,04d25798-3a42-ee11-bdf5-000d3a8fd327,63dbcd72-fa4e-f111-bec7-7c1e527cdbd8,cba1c26b-9289-f011-b4cc-7c1e527d2157
33a2969d-fa4e-f111-bec7-7c1e527cdbd8,1,Work occurs in utility and mechanical spaces. No Impact to production schedule.,N/A,,,Low Impact,1,0,,,24401156,04d25798-3a42-ee11-bdf5-000d3a8fd327,63dbcd72-fa4e-f111-bec7-7c1e527cdbd8,40a9de76-9289-f011-b4cc-7c1e527cd923
cdfa639a-fa4e-f111-bec7-000d3a8cdfc7,5,Utilization of water does not decrease.  The cost of the sewage is mostly eliminated except for minor blow-down processes.,"Current cost per year for water consumed by cooling towers: 0.64 O¥ ($431,250)
Future cost with dedicated meter:  0.17 O¥ ($117,000).  
Cost savings is 0.47 O¥ ($314,250)",,,Moderate Impact,1,0,,,24401153,04d25798-3a42-ee11-bdf5-000d3a8fd327,63dbcd72-fa4e-f111-bec7-7c1e527cdbd8,740adf46-9289-f011-b4cc-7c1e527cd923
82ec869d-fa4e-f111-bec6-000d3a1ce8d4,5,"Estimation based on average costs for Engineering, Design, and Construction Management.","$650,000 Breakout
Project Costs: 500 linear feet of 3"" Copper Pipe @ $250 per linear foot  x 4 to allow for labor, Construction Management fees, general conditions, permits, etc  $500,000 
3"" Type K Copper pipe retails around $100-$150 per foot,  then need to add fittings (Propress), pipe supports, etc 

Consultant and/or Lawyer needed to investigate and/or plead our case to Lexington Water Department to only charge for Water and not Water + Sewer for cooling tower.  Estim:ate 160 hours @ $500 per hour (very conservative estimate):  $80,000 

Design engineering consultant to generate a set of construction documents (plans and specifications). Estimated based on past experience for this size/scope project (approximately 10% of construction cost):  $                      50,000 OPEX cost for Plant Engineering contractor to oversee day-to-day execution (AJ):  $20,000",,,Moderate Impact,1,0,,,24401125,04d25798-3a42-ee11-bdf5-000d3a8fd327,63dbcd72-fa4e-f111-bec7-7c1e527cdbd8,300edd89-9289-f011-b4cc-7c1e527d2157
46b2909c-fa4e-f111-bec7-0022481fc755,1,Tie-ins would be completed during a period of time with low demand for make-up water that can be sourced and manually manipulated should that be necessary.,,,,Low Impact,1,0,,,24401123,04d25798-3a42-ee11-bdf5-000d3a8fd327,63dbcd72-fa4e-f111-bec7-7c1e527cdbd8,3182c040-9289-f011-b4cc-7c1e527cd923
e3fa639a-fa4e-f111-bec7-000d3a8cdfc7,0,,,,,No Impact,1,0,,,24401118,04d25798-3a42-ee11-bdf5-000d3a8fd327,63dbcd72-fa4e-f111-bec7-7c1e527cdbd8,23511df6-9189-f011-b4cc-7c1e527d2157
7dec869d-fa4e-f111-bec6-000d3a1ce8d4,0,,,,,No Impact,1,0,,,24401111,04d25798-3a42-ee11-bdf5-000d3a8fd327,63dbcd72-fa4e-f111-bec7-7c1e527cdbd8,124ef45c-9289-f011-b4cc-002248271486
c4255072-e74e-f111-bec7-000d3a8cdfc7,5,"While form configuration and digitzation are straightforward given existing expertise, the complexity lies in translating digital workflows into practical execution within the manufacturing suites. Known challenges would include: user interaction constraints, environmental considerations, and ensuring alignment with current operational practices. As a result, the technical solution is of medium complexity due to execution and adoption dependencies rather than system build.",,,,Moderate Impact,1,0,,,24400990,04d25798-3a42-ee11-bdf5-000d3a8fd327,61964b4f-e74e-f111-bec6-000d3a1ce8d4,cba1c26b-9289-f011-b4cc-7c1e527d2157
cac8c903-e94e-f111-bec7-7c1e527cdbd8,1,"Low complexity, no technical challenges, heavy OCM burden - dedicated OE partner",,,,Low Impact,1,0,,,24400874,04d25798-3a42-ee11-bdf5-000d3a8fd327,f60914fb-e84e-f111-bec6-70a8a53eb3d2,cba1c26b-9289-f011-b4cc-7c1e527d2157
a969abfe-e84e-f111-bec7-7c1e5215f4b4,0,N/A,,,,No Impact,1,0,,,24400872,04d25798-3a42-ee11-bdf5-000d3a8fd327,f60914fb-e84e-f111-bec6-70a8a53eb3d2,09e36ed6-9189-f011-b4cc-002248271486
330a2201-e94e-f111-bec6-70a8a53eb3d2,0,N/A,,,,No Impact,1,0,,,24400871,04d25798-3a42-ee11-bdf5-000d3a8fd327,f60914fb-e84e-f111-bec6-70a8a53eb3d2,31d4e7e3-9189-f011-b4cc-7c1e527d2157
771676ff-e84e-f111-bec7-000d3a8cdfc7,0,N/A,,,,No Impact,1,0,,,24400869,04d25798-3a42-ee11-bdf5-000d3a8fd327,f60914fb-e84e-f111-bec6-70a8a53eb3d2,c91de0e9-9189-f011-b4cc-7c1e527d2157
2b0a2201-e94e-f111-bec6-70a8a53eb3d2,10,Capacity to focus on the right projects at the right time,,,,High Impact,1,0,,,24400865,04d25798-3a42-ee11-bdf5-000d3a8fd327,f60914fb-e84e-f111-bec6-70a8a53eb3d2,124ef45c-9289-f011-b4cc-002248271486
bcd1bb04-e94e-f111-bec7-7c1e5215f4b4,0,None,,,,No Impact,1,0,,,24400863,04d25798-3a42-ee11-bdf5-000d3a8fd327,f60914fb-e84e-f111-bec6-70a8a53eb3d2,23511df6-9189-f011-b4cc-7c1e527d2157
a619cb00-e94e-f111-bec6-000d3a1ce8d4,5,Potential for up to 2 TIPs worth of execution time (no more than 180 days),,,,Moderate Impact,1,0,,,24400861,04d25798-3a42-ee11-bdf5-000d3a8fd327,f60914fb-e84e-f111-bec6-70a8a53eb3d2,a633db83-9289-f011-b4cc-7c1e527d2157
6f1676ff-e84e-f111-bec7-000d3a8cdfc7,1,No impact,,,,Low Impact,1,0,,,24400859,04d25798-3a42-ee11-bdf5-000d3a8fd327,f60914fb-e84e-f111-bec6-70a8a53eb3d2,40a9de76-9289-f011-b4cc-7c1e527cd923
c0d1bb04-e94e-f111-bec7-7c1e5215f4b4,0,No impact,,,,No Impact,1,0,,,24400857,04d25798-3a42-ee11-bdf5-000d3a8fd327,f60914fb-e84e-f111-bec6-70a8a53eb3d2,c29afc0a-9289-f011-b4cc-7c1e527d2157
581676ff-e84e-f111-bec7-000d3a8cdfc7,1,Capacity to focus on the right projects at the right time,,,,Low Impact,1,0,,,24400855,04d25798-3a42-ee11-bdf5-000d3a8fd327,f60914fb-e84e-f111-bec6-70a8a53eb3d2,6e1c0e50-9289-f011-b4cc-002248271486
b669abfe-e84e-f111-bec7-7c1e5215f4b4,1,Capacity to focus on the right projects at the right time,,,,Low Impact,1,0,,,24400853,04d25798-3a42-ee11-bdf5-000d3a8fd327,f60914fb-e84e-f111-bec6-70a8a53eb3d2,740adf46-9289-f011-b4cc-7c1e527cd923
4a1676ff-e84e-f111-bec7-000d3a8cdfc7,0,None,,,,No Impact,1,0,,,24400851,04d25798-3a42-ee11-bdf5-000d3a8fd327,f60914fb-e84e-f111-bec6-70a8a53eb3d2,fc7f63d0-9189-f011-b4cc-002248271486
8d1676ff-e84e-f111-bec7-000d3a8cdfc7,1,Only cost to implement is resourcing hours,,,,Low Impact,1,0,,,24400849,04d25798-3a42-ee11-bdf5-000d3a8fd327,f60914fb-e84e-f111-bec6-70a8a53eb3d2,300edd89-9289-f011-b4cc-7c1e527d2157
a119cb00-e94e-f111-bec6-000d3a1ce8d4,0,N/A,,,,No Impact,1,0,,,24400847,04d25798-3a42-ee11-bdf5-000d3a8fd327,f60914fb-e84e-f111-bec6-70a8a53eb3d2,3182c040-9289-f011-b4cc-7c1e527cd923
752ccb6d-e74e-f111-bec6-000d3a1ce8d4,0,,,,,No Impact,1,0,,,24400816,04d25798-3a42-ee11-bdf5-000d3a8fd327,61964b4f-e74e-f111-bec6-000d3a1ce8d4,c29afc0a-9289-f011-b4cc-7c1e527d2157
78aa0472-e74e-f111-bec7-7c1e5215f4b4,0,,,,,No Impact,1,0,,,24400815,04d25798-3a42-ee11-bdf5-000d3a8fd327,61964b4f-e74e-f111-bec6-000d3a1ce8d4,23511df6-9189-f011-b4cc-7c1e527d2157
bf255072-e74e-f111-bec7-000d3a8cdfc7,0,,,,,No Impact,1,0,,,24400814,04d25798-3a42-ee11-bdf5-000d3a8fd327,61964b4f-e74e-f111-bec6-000d3a1ce8d4,c91de0e9-9189-f011-b4cc-7c1e527d2157
bb255072-e74e-f111-bec7-000d3a8cdfc7,0,,,,,No Impact,1,0,,,24400812,04d25798-3a42-ee11-bdf5-000d3a8fd327,61964b4f-e74e-f111-bec6-000d3a1ce8d4,31d4e7e3-9189-f011-b4cc-7c1e527d2157
f570ff6e-e74e-f111-bec7-7c1e527cdbd8,0,,,,,No Impact,1,0,,,24400809,04d25798-3a42-ee11-bdf5-000d3a8fd327,61964b4f-e74e-f111-bec6-000d3a1ce8d4,740adf46-9289-f011-b4cc-7c1e527cd923
67aa0472-e74e-f111-bec7-7c1e5215f4b4,0,,,,,No Impact,1,0,,,24400807,04d25798-3a42-ee11-bdf5-000d3a8fd327,61964b4f-e74e-f111-bec6-000d3a1ce8d4,3182c040-9289-f011-b4cc-7c1e527cd923
c43c6570-e74e-f111-bec7-0022481fc755,0,,,,,No Impact,1,0,,,24400806,04d25798-3a42-ee11-bdf5-000d3a8fd327,61964b4f-e74e-f111-bec6-000d3a1ce8d4,124ef45c-9289-f011-b4cc-002248271486
c13c6570-e74e-f111-bec7-0022481fc755,0,,,,,No Impact,1,0,,,24400805,04d25798-3a42-ee11-bdf5-000d3a8fd327,61964b4f-e74e-f111-bec6-000d3a1ce8d4,6e1c0e50-9289-f011-b4cc-002248271486
432ccb6d-e74e-f111-bec6-000d3a1ce8d4,0,,,,,No Impact,1,0,,,24400803,04d25798-3a42-ee11-bdf5-000d3a8fd327,61964b4f-e74e-f111-bec6-000d3a1ce8d4,09e36ed6-9189-f011-b4cc-002248271486
bb3c6570-e74e-f111-bec7-0022481fc755,0,,,,,No Impact,1,0,,,24400802,04d25798-3a42-ee11-bdf5-000d3a8fd327,61964b4f-e74e-f111-bec6-000d3a1ce8d4,fc7f63d0-9189-f011-b4cc-002248271486
bf73ab78-e54e-f111-bec7-7c1e5215f4b4,5,Technical experience in house; some initatives are more complex than others,,,,Moderate Impact,1,0,,,24400784,04d25798-3a42-ee11-bdf5-000d3a8fd327,528b466e-e54e-f111-bec7-7c1e527cdbd8,cba1c26b-9289-f011-b4cc-7c1e527d2157
9771ed76-e54e-f111-bec7-0022481fc755,1,FTE Hrs only,,,,Low Impact,1,0,,,24400776,04d25798-3a42-ee11-bdf5-000d3a8fd327,528b466e-e54e-f111-bec7-7c1e527cdbd8,300edd89-9289-f011-b4cc-7c1e527d2157
b9b79c77-e54e-f111-bec6-000d3a1ce8d4,5,Support Transformation and site road map,,,,Moderate Impact,1,0,,,24400774,04d25798-3a42-ee11-bdf5-000d3a8fd327,528b466e-e54e-f111-bec7-7c1e527cdbd8,a633db83-9289-f011-b4cc-7c1e527d2157
91524478-e54e-f111-bec7-000d3a8cdfc7,5,Reduced maintenance is expected to increase asset availability and therefore may result in increased throughput,,,,Moderate Impact,1,0,,,24400720,04d25798-3a42-ee11-bdf5-000d3a8fd327,528b466e-e54e-f111-bec7-7c1e527cdbd8,40a9de76-9289-f011-b4cc-7c1e527cd923
9b2e9872-e54e-f111-bec7-7c1e5215f4b4,0,None,,,,No Impact,1,0,,,24400713,04d25798-3a42-ee11-bdf5-000d3a8fd327,528b466e-e54e-f111-bec7-7c1e527cdbd8,3182c040-9289-f011-b4cc-7c1e527cd923
c26e7f74-e54e-f111-bec7-7c1e527cdbd8,0,,,,,No Impact,1,0,,,24400709,04d25798-3a42-ee11-bdf5-000d3a8fd327,528b466e-e54e-f111-bec7-7c1e527cdbd8,c29afc0a-9289-f011-b4cc-7c1e527d2157
8e71ed76-e54e-f111-bec7-0022481fc755,0,,,,,No Impact,1,0,,,24400708,04d25798-3a42-ee11-bdf5-000d3a8fd327,528b466e-e54e-f111-bec7-7c1e527cdbd8,23511df6-9189-f011-b4cc-7c1e527d2157
be6e7f74-e54e-f111-bec7-7c1e527cdbd8,0,,,,,No Impact,1,0,,,24400707,04d25798-3a42-ee11-bdf5-000d3a8fd327,528b466e-e54e-f111-bec7-7c1e527cdbd8,c91de0e9-9189-f011-b4cc-7c1e527d2157
8b71ed76-e54e-f111-bec7-0022481fc755,0,,,,,No Impact,1,0,,,24400705,04d25798-3a42-ee11-bdf5-000d3a8fd327,528b466e-e54e-f111-bec7-7c1e527cdbd8,31d4e7e3-9189-f011-b4cc-7c1e527d2157
b96e7f74-e54e-f111-bec7-7c1e527cdbd8,0,,,,,No Impact,1,0,,,24400703,04d25798-3a42-ee11-bdf5-000d3a8fd327,528b466e-e54e-f111-bec7-7c1e527cdbd8,740adf46-9289-f011-b4cc-7c1e527cd923
58913d72-e54e-f111-bec7-000d3a8cdfc7,0,,,,,No Impact,1,0,,,24400699,04d25798-3a42-ee11-bdf5-000d3a8fd327,528b466e-e54e-f111-bec7-7c1e527cdbd8,124ef45c-9289-f011-b4cc-002248271486
52913d72-e54e-f111-bec7-000d3a8cdfc7,0,,,,,No Impact,1,0,,,24400698,04d25798-3a42-ee11-bdf5-000d3a8fd327,528b466e-e54e-f111-bec7-7c1e527cdbd8,6e1c0e50-9289-f011-b4cc-002248271486
4d913d72-e54e-f111-bec7-000d3a8cdfc7,0,,,,,No Impact,1,0,,,24400697,04d25798-3a42-ee11-bdf5-000d3a8fd327,528b466e-e54e-f111-bec7-7c1e527cdbd8,09e36ed6-9189-f011-b4cc-002248271486
48913d72-e54e-f111-bec7-000d3a8cdfc7,0,,,,,No Impact,1,0,,,24400695,04d25798-3a42-ee11-bdf5-000d3a8fd327,528b466e-e54e-f111-bec7-7c1e527cdbd8,fc7f63d0-9189-f011-b4cc-002248271486
b8792701-e44e-f111-bec7-0022481fc755,10,First at Takeda to establish this working model,,,,High Impact,1,0,,,24400685,04d25798-3a42-ee11-bdf5-000d3a8fd327,54b391c4-e34e-f111-bec6-000d3a1ce8d4,cba1c26b-9289-f011-b4cc-7c1e527d2157
b420fdfc-e34e-f111-bec7-7c1e527cdbd8,0,N/A,,,,No Impact,1,0,,,24400683,04d25798-3a42-ee11-bdf5-000d3a8fd327,54b391c4-e34e-f111-bec6-000d3a1ce8d4,c91de0e9-9189-f011-b4cc-7c1e527d2157
40938ffd-e34e-f111-bec7-000d3a8cdfc7,0,N/A,,,,No Impact,1,0,,,24400681,04d25798-3a42-ee11-bdf5-000d3a8fd327,54b391c4-e34e-f111-bec6-000d3a1ce8d4,31d4e7e3-9189-f011-b4cc-7c1e527d2157
e1a975fc-e34e-f111-bec6-000d3a1ce8d4,0,n/A,,,,No Impact,1,0,,,24400679,04d25798-3a42-ee11-bdf5-000d3a8fd327,54b391c4-e34e-f111-bec6-000d3a1ce8d4,09e36ed6-9189-f011-b4cc-002248271486
a920fdfc-e34e-f111-bec7-7c1e527cdbd8,15,TIP for Site Transformation,,,,Critical Impact,1,0,,,24400677,04d25798-3a42-ee11-bdf5-000d3a8fd327,54b391c4-e34e-f111-bec6-000d3a1ce8d4,124ef45c-9289-f011-b4cc-002248271486
c0dac5fc-e34e-f111-bec7-7c1e5215f4b4,0,n/A,,,,No Impact,1,0,,,24400675,04d25798-3a42-ee11-bdf5-000d3a8fd327,54b391c4-e34e-f111-bec6-000d3a1ce8d4,23511df6-9189-f011-b4cc-7c1e527d2157
50938ffd-e34e-f111-bec7-000d3a8cdfc7,5,Site Engineering involvement needed to delvier on scope,,,,Moderate Impact,1,0,,,24400673,04d25798-3a42-ee11-bdf5-000d3a8fd327,54b391c4-e34e-f111-bec6-000d3a1ce8d4,a633db83-9289-f011-b4cc-7c1e527d2157
b1dac5fc-e34e-f111-bec7-7c1e5215f4b4,1,"N/A
Wont allow ""none""",N/A,,,Low Impact,1,0,,,24400671,04d25798-3a42-ee11-bdf5-000d3a8fd327,54b391c4-e34e-f111-bec6-000d3a1ce8d4,40a9de76-9289-f011-b4cc-7c1e527cd923
c3dac5fc-e34e-f111-bec7-7c1e5215f4b4,0,N/A,,,,No Impact,1,0,,,24400669,04d25798-3a42-ee11-bdf5-000d3a8fd327,54b391c4-e34e-f111-bec6-000d3a1ce8d4,c29afc0a-9289-f011-b4cc-7c1e527d2157
a520fdfc-e34e-f111-bec7-7c1e527cdbd8,0,None,,,,No Impact,1,0,,,24400667,04d25798-3a42-ee11-bdf5-000d3a8fd327,54b391c4-e34e-f111-bec6-000d3a1ce8d4,6e1c0e50-9289-f011-b4cc-002248271486
e5a975fc-e34e-f111-bec6-000d3a1ce8d4,1,Reduce CAPEX spend through bidding of prefered suppliers,"Baseline: 
7.4 O¥ in FY25 CAPEX Indirect costs – represent 20% indirect to total project cost (1.11 oy)
Contractors – CAPEX + Project Costs = 25 HC (0.9 OY)
Impact: FY27 Start
15% reduction in indirect costs
75% non-IFM contractor headcount 
Impact rationale: streamlined project resourcing and workflows
Required investment: 0.4 O¥ ($25K) in consultancy",,,Low Impact,1,0,,,24400665,04d25798-3a42-ee11-bdf5-000d3a8fd327,54b391c4-e34e-f111-bec6-000d3a1ce8d4,740adf46-9289-f011-b4cc-7c1e527cd923
dea975fc-e34e-f111-bec6-000d3a1ce8d4,0,N/A,,,,No Impact,1,0,,,24400663,04d25798-3a42-ee11-bdf5-000d3a8fd327,54b391c4-e34e-f111-bec6-000d3a1ce8d4,fc7f63d0-9189-f011-b4cc-002248271486
e00b9202-e44e-f111-bec6-000d3a1ce8d4,1,Assuming 0.4OY in consultancy cost,Assuming 0.4OY in consultancy cost,,,Low Impact,1,0,,,24400661,04d25798-3a42-ee11-bdf5-000d3a8fd327,54b391c4-e34e-f111-bec6-000d3a1ce8d4,300edd89-9289-f011-b4cc-7c1e527d2157
af792701-e44e-f111-bec7-0022481fc755,0,None,,,,No Impact,1,0,,,24400659,04d25798-3a42-ee11-bdf5-000d3a8fd327,54b391c4-e34e-f111-bec6-000d3a1ce8d4,3182c040-9289-f011-b4cc-7c1e527cd923
b7eff623-e14e-f111-bec7-7c1e5215f4b4,1,"Low complexity, no technical challenges, dedicated OE support",,,,Low Impact,1,0,,,24400607,04d25798-3a42-ee11-bdf5-000d3a8fd327,6ea2cd11-e14e-f111-bec7-000d3a8cdfc7,cba1c26b-9289-f011-b4cc-7c1e527d2157
af609621-e14e-f111-bec7-0022481fc755,0,N/A,,,,No Impact,1,0,,,24400603,04d25798-3a42-ee11-bdf5-000d3a8fd327,6ea2cd11-e14e-f111-bec7-000d3a8cdfc7,c91de0e9-9189-f011-b4cc-7c1e527d2157
ab609621-e14e-f111-bec7-0022481fc755,0,N/A,,,,No Impact,1,0,,,24400601,04d25798-3a42-ee11-bdf5-000d3a8fd327,6ea2cd11-e14e-f111-bec7-000d3a8cdfc7,31d4e7e3-9189-f011-b4cc-7c1e527d2157
a0609621-e14e-f111-bec7-0022481fc755,0,N/A,,,,No Impact,1,0,,,24400599,04d25798-3a42-ee11-bdf5-000d3a8fd327,6ea2cd11-e14e-f111-bec7-000d3a8cdfc7,09e36ed6-9189-f011-b4cc-002248271486
25efce21-e14e-f111-bec6-70a8a53eb3d2,10,Alignment with enterprise expectations and enables expediency in achieving site goals,,,,High Impact,1,0,,,24400595,04d25798-3a42-ee11-bdf5-000d3a8fd327,6ea2cd11-e14e-f111-bec7-000d3a8cdfc7,124ef45c-9289-f011-b4cc-002248271486
60207624-e14e-f111-bec6-000d3a1ce8d4,0,Does not address a risk register item,,,,No Impact,1,0,,,24400593,04d25798-3a42-ee11-bdf5-000d3a8fd327,6ea2cd11-e14e-f111-bec7-000d3a8cdfc7,23511df6-9189-f011-b4cc-7c1e527d2157
61207624-e14e-f111-bec6-000d3a1ce8d4,5,"Core team (2 FTE - 1 100%, 1 50%) for one TIP (<100 days)",,,,Moderate Impact,1,0,,,24400591,04d25798-3a42-ee11-bdf5-000d3a8fd327,6ea2cd11-e14e-f111-bec7-000d3a8cdfc7,a633db83-9289-f011-b4cc-7c1e527d2157
5c207624-e14e-f111-bec6-000d3a1ce8d4,1,C.) No Impact to Production Schedule other than creating resource deployment capacity,,,,Low Impact,1,0,,,24400589,04d25798-3a42-ee11-bdf5-000d3a8fd327,6ea2cd11-e14e-f111-bec7-000d3a8cdfc7,40a9de76-9289-f011-b4cc-7c1e527cd923
944b4a22-e14e-f111-bec7-7c1e527cdbd8,0,B.) Little to No Impact on Production/Yield,,,,No Impact,1,0,,,24400587,04d25798-3a42-ee11-bdf5-000d3a8fd327,6ea2cd11-e14e-f111-bec7-000d3a8cdfc7,c29afc0a-9289-f011-b4cc-7c1e527d2157
784b4a22-e14e-f111-bec7-7c1e527cdbd8,1,Capacity will be released to redirect to higher-value work,,,,Low Impact,1,0,,,24400585,04d25798-3a42-ee11-bdf5-000d3a8fd327,6ea2cd11-e14e-f111-bec7-000d3a8cdfc7,6e1c0e50-9289-f011-b4cc-002248271486
5b207624-e14e-f111-bec6-000d3a1ce8d4,1,Capacity will be released to redeploy to higher-value work,,,,Low Impact,1,0,,,24400583,04d25798-3a42-ee11-bdf5-000d3a8fd327,6ea2cd11-e14e-f111-bec7-000d3a8cdfc7,740adf46-9289-f011-b4cc-7c1e527cd923
cc73631e-e14e-f111-bec6-000d3a1ce8d4,0,No associated EHS Risks,,,,No Impact,1,0,,,24400581,04d25798-3a42-ee11-bdf5-000d3a8fd327,6ea2cd11-e14e-f111-bec7-000d3a8cdfc7,fc7f63d0-9189-f011-b4cc-002248271486
37efce21-e14e-f111-bec6-70a8a53eb3d2,1,Only cost is resource demand,,,,Low Impact,1,0,,,24400567,04d25798-3a42-ee11-bdf5-000d3a8fd327,6ea2cd11-e14e-f111-bec7-000d3a8cdfc7,300edd89-9289-f011-b4cc-7c1e527d2157
5a207624-e14e-f111-bec6-000d3a1ce8d4,0,"Early adoption of enterprise-aligned Goverance and Decision Making framework
capacity for redeployment to higher‑value work",Quantification pending during TIP,,,No Impact,1,0,,,24400565,04d25798-3a42-ee11-bdf5-000d3a8fd327,6ea2cd11-e14e-f111-bec7-000d3a8cdfc7,3182c040-9289-f011-b4cc-7c1e527cd923
1be69160-df4e-f111-bec7-000d3a8cdfc7,1,na,,,,Low Impact,1,0,,,24400487,04d25798-3a42-ee11-bdf5-000d3a8fd327,c497dc08-df4e-f111-bec7-7c1e527cdbd8,09e36ed6-9189-f011-b4cc-002248271486
d1cadd5e-df4e-f111-bec6-000d3a1ce8d4,1,na,,,,Low Impact,1,0,,,24400485,04d25798-3a42-ee11-bdf5-000d3a8fd327,c497dc08-df4e-f111-bec7-7c1e527cdbd8,31d4e7e3-9189-f011-b4cc-7c1e527d2157
52e69160-df4e-f111-bec7-000d3a8cdfc7,5,need oe,,,,Moderate Impact,1,0,,,24400483,04d25798-3a42-ee11-bdf5-000d3a8fd327,c497dc08-df4e-f111-bec7-7c1e527cdbd8,cba1c26b-9289-f011-b4cc-7c1e527d2157
80d9d85d-df4e-f111-bec7-0022481fc755,1,na,,,,Low Impact,1,0,,,24400481,04d25798-3a42-ee11-bdf5-000d3a8fd327,c497dc08-df4e-f111-bec7-7c1e527cdbd8,c91de0e9-9189-f011-b4cc-7c1e527d2157
2ae69160-df4e-f111-bec7-000d3a8cdfc7,15,transformation,,,,Critical Impact,1,0,,,24400475,04d25798-3a42-ee11-bdf5-000d3a8fd327,c497dc08-df4e-f111-bec7-7c1e527cdbd8,124ef45c-9289-f011-b4cc-002248271486
84d9d85d-df4e-f111-bec7-0022481fc755,5,Med,,,,Moderate Impact,1,0,,,24400473,04d25798-3a42-ee11-bdf5-000d3a8fd327,c497dc08-df4e-f111-bec7-7c1e527cdbd8,a633db83-9289-f011-b4cc-7c1e527d2157
d6cadd5e-df4e-f111-bec6-000d3a1ce8d4,1,Low,,,,Low Impact,1,0,,,24400471,04d25798-3a42-ee11-bdf5-000d3a8fd327,c497dc08-df4e-f111-bec7-7c1e527cdbd8,23511df6-9189-f011-b4cc-7c1e527d2157
7bd9d85d-df4e-f111-bec7-0022481fc755,1,Low,,,,Low Impact,1,0,,,24400469,04d25798-3a42-ee11-bdf5-000d3a8fd327,c497dc08-df4e-f111-bec7-7c1e527cdbd8,40a9de76-9289-f011-b4cc-7c1e527cd923
49507560-df4e-f111-bec7-7c1e5215f4b4,1,Low,,,,Low Impact,1,0,,,24400467,04d25798-3a42-ee11-bdf5-000d3a8fd327,c497dc08-df4e-f111-bec7-7c1e527cdbd8,c29afc0a-9289-f011-b4cc-7c1e527d2157
20e69160-df4e-f111-bec7-000d3a8cdfc7,1,enabler,,,,Low Impact,1,0,,,24400465,04d25798-3a42-ee11-bdf5-000d3a8fd327,c497dc08-df4e-f111-bec7-7c1e527cdbd8,6e1c0e50-9289-f011-b4cc-002248271486
78d9d85d-df4e-f111-bec7-0022481fc755,10,FTE Optimization,,,,High Impact,1,0,,,24400461,04d25798-3a42-ee11-bdf5-000d3a8fd327,c497dc08-df4e-f111-bec7-7c1e527cdbd8,740adf46-9289-f011-b4cc-7c1e527cd923
5b1b555d-df4e-f111-bec7-7c1e527cdbd8,1,Low,,,,Low Impact,1,0,,,24400457,04d25798-3a42-ee11-bdf5-000d3a8fd327,c497dc08-df4e-f111-bec7-7c1e527cdbd8,fc7f63d0-9189-f011-b4cc-002248271486
86d9d85d-df4e-f111-bec7-0022481fc755,1,No costs associated w/ this project.,n/a,,,Low Impact,1,0,,,24400453,04d25798-3a42-ee11-bdf5-000d3a8fd327,c497dc08-df4e-f111-bec7-7c1e527cdbd8,300edd89-9289-f011-b4cc-7c1e527d2157
76d9d85d-df4e-f111-bec7-0022481fc755,0,,,,,No Impact,1,0,,,24400438,04d25798-3a42-ee11-bdf5-000d3a8fd327,c497dc08-df4e-f111-bec7-7c1e527cdbd8,3182c040-9289-f011-b4cc-7c1e527cd923
55b2d412-234a-f111-bec6-70a8a53eb3d2,5,commissioning required.,,,,Moderate Impact,1,0,,,24336411,04d25798-3a42-ee11-bdf5-000d3a8fd327,311101dc-224a-f111-bec6-7c1e5215f4b4,a633db83-9289-f011-b4cc-7c1e527d2157
a2e54c71-204a-f111-bec6-7c1e527f1b2f,15,Needed to enable upcoming Mezagitamab Harvest clarification in Recovery 2 that is currently scheduled in November to run alongside a rhASAC in Recovery 1.,,,,Critical Impact,1,0,,,24336399,04d25798-3a42-ee11-bdf5-000d3a8fd327,e32aee5c-204a-f111-bec6-7c1e5215f4b4,124ef45c-9289-f011-b4cc-002248271486
7095a871-204a-f111-bec6-70a8a53eb3d2,5,Asset Loading and commissioning needed.,,,,Moderate Impact,1,0,,,24336397,04d25798-3a42-ee11-bdf5-000d3a8fd327,e32aee5c-204a-f111-bec6-7c1e5215f4b4,a633db83-9289-f011-b4cc-7c1e527d2157
c58f4570-204a-f111-bec6-000d3a55d556,5,Increases capacity and reduces production bottleneck.,,,,Moderate Impact,1,0,,,24336395,04d25798-3a42-ee11-bdf5-000d3a8fd327,e32aee5c-204a-f111-bec6-7c1e5215f4b4,6e1c0e50-9289-f011-b4cc-002248271486
1e2f2675-204a-f111-bec6-7c1e5215f4b4,1,"This project will increase capacity, enabling Mezagitamab Harvest Clarification in Recovery 2 along with a Recovery 1 Harvest Clarification (Replagal, VPRIV, rhASAC)",,,,Low Impact,1,0,,,24336391,04d25798-3a42-ee11-bdf5-000d3a8fd327,e32aee5c-204a-f111-bec6-7c1e5215f4b4,300edd89-9289-f011-b4cc-7c1e527d2157
cb74c4e1-3e49-f111-bec6-000d3a8cdfc7,0,,,,,No Impact,1,0,,,24335290,04d25798-3a42-ee11-bdf5-000d3a8fd327,14e39dd8-3e49-f111-bec6-0022481fc755,300edd89-9289-f011-b4cc-7c1e527d2157
c574c4e1-3e49-f111-bec6-000d3a8cdfc7,0,,,,,No Impact,1,0,,,24335289,04d25798-3a42-ee11-bdf5-000d3a8fd327,14e39dd8-3e49-f111-bec6-0022481fc755,a633db83-9289-f011-b4cc-7c1e527d2157
75d3c9e4-3e49-f111-bec6-7c1e527cdbd8,0,,,,,No Impact,1,0,,,24335288,04d25798-3a42-ee11-bdf5-000d3a8fd327,14e39dd8-3e49-f111-bec6-0022481fc755,cba1c26b-9289-f011-b4cc-7c1e527d2157
6ed3c9e4-3e49-f111-bec6-7c1e527cdbd8,0,,,,,No Impact,1,0,,,24335287,04d25798-3a42-ee11-bdf5-000d3a8fd327,14e39dd8-3e49-f111-bec6-0022481fc755,c29afc0a-9289-f011-b4cc-7c1e527d2157
b574c4e1-3e49-f111-bec6-000d3a8cdfc7,0,,,,,No Impact,1,0,,,24335286,04d25798-3a42-ee11-bdf5-000d3a8fd327,14e39dd8-3e49-f111-bec6-0022481fc755,23511df6-9189-f011-b4cc-7c1e527d2157
b274c4e1-3e49-f111-bec6-000d3a8cdfc7,0,,,,,No Impact,1,0,,,24335285,04d25798-3a42-ee11-bdf5-000d3a8fd327,14e39dd8-3e49-f111-bec6-0022481fc755,c91de0e9-9189-f011-b4cc-7c1e527d2157
b174c4e1-3e49-f111-bec6-000d3a8cdfc7,0,,,,,No Impact,1,0,,,24335284,04d25798-3a42-ee11-bdf5-000d3a8fd327,14e39dd8-3e49-f111-bec6-0022481fc755,31d4e7e3-9189-f011-b4cc-7c1e527d2157
d071f2e5-3e49-f111-bec6-7ced8dcbf17a,0,,,,,No Impact,1,0,,,24335283,04d25798-3a42-ee11-bdf5-000d3a8fd327,14e39dd8-3e49-f111-bec6-0022481fc755,40a9de76-9289-f011-b4cc-7c1e527cd923
42d3c9e4-3e49-f111-bec6-7c1e527cdbd8,0,,,,,No Impact,1,0,,,24335280,04d25798-3a42-ee11-bdf5-000d3a8fd327,14e39dd8-3e49-f111-bec6-0022481fc755,740adf46-9289-f011-b4cc-7c1e527cd923
d769d1df-3e49-f111-bec6-7ced8dcbf17a,0,,,,,No Impact,1,0,,,24335279,04d25798-3a42-ee11-bdf5-000d3a8fd327,14e39dd8-3e49-f111-bec6-0022481fc755,3182c040-9289-f011-b4cc-7c1e527cd923
3634d4e4-3e49-f111-bec6-0022481fc755,0,,,,,No Impact,1,0,,,24335278,04d25798-3a42-ee11-bdf5-000d3a8fd327,14e39dd8-3e49-f111-bec6-0022481fc755,124ef45c-9289-f011-b4cc-002248271486
cee2a3e0-3e49-f111-bec6-7c1e5215f4b4,0,,,,,No Impact,1,0,,,24335274,04d25798-3a42-ee11-bdf5-000d3a8fd327,14e39dd8-3e49-f111-bec6-0022481fc755,6e1c0e50-9289-f011-b4cc-002248271486
0274c4e1-3e49-f111-bec6-000d3a8cdfc7,0,,,,,No Impact,1,0,,,24335273,04d25798-3a42-ee11-bdf5-000d3a8fd327,14e39dd8-3e49-f111-bec6-0022481fc755,09e36ed6-9189-f011-b4cc-002248271486
f073c4e1-3e49-f111-bec6-000d3a8cdfc7,0,,,,,No Impact,1,0,,,24335269,04d25798-3a42-ee11-bdf5-000d3a8fd327,14e39dd8-3e49-f111-bec6-0022481fc755,fc7f63d0-9189-f011-b4cc-002248271486
df0f5a68-a648-f111-bec6-7ced8dcbf17a,0,,,,,No Impact,1,0,,,24333048,04d25798-3a42-ee11-bdf5-000d3a8fd327,262bc547-a648-f111-bec6-000d3a8cdfc7,300edd89-9289-f011-b4cc-7c1e527d2157
87bb0c67-a648-f111-bec6-7c1e527cdbd8,0,,,,,No Impact,1,0,,,24333047,04d25798-3a42-ee11-bdf5-000d3a8fd327,262bc547-a648-f111-bec6-000d3a8cdfc7,a633db83-9289-f011-b4cc-7c1e527d2157
dc0f5a68-a648-f111-bec6-7ced8dcbf17a,0,,,,,No Impact,1,0,,,24333046,04d25798-3a42-ee11-bdf5-000d3a8fd327,262bc547-a648-f111-bec6-000d3a8cdfc7,cba1c26b-9289-f011-b4cc-7c1e527d2157
d70f5a68-a648-f111-bec6-7ced8dcbf17a,0,,,,,No Impact,1,0,,,24333045,04d25798-3a42-ee11-bdf5-000d3a8fd327,262bc547-a648-f111-bec6-000d3a8cdfc7,c29afc0a-9289-f011-b4cc-7c1e527d2157
57fcce64-a648-f111-bec6-0022481fc755,0,,,,,No Impact,1,0,,,24333044,04d25798-3a42-ee11-bdf5-000d3a8fd327,262bc547-a648-f111-bec6-000d3a8cdfc7,23511df6-9189-f011-b4cc-7c1e527d2157
86bb0c67-a648-f111-bec6-7c1e527cdbd8,0,,,,,No Impact,1,0,,,24333043,04d25798-3a42-ee11-bdf5-000d3a8fd327,262bc547-a648-f111-bec6-000d3a8cdfc7,c91de0e9-9189-f011-b4cc-7c1e527d2157
50fcce64-a648-f111-bec6-0022481fc755,0,,,,,No Impact,1,0,,,24333042,04d25798-3a42-ee11-bdf5-000d3a8fd327,262bc547-a648-f111-bec6-000d3a8cdfc7,31d4e7e3-9189-f011-b4cc-7c1e527d2157
3e78fe63-a648-f111-bec6-7c1e5215f4b4,0,,,,,No Impact,1,0,,,24333041,04d25798-3a42-ee11-bdf5-000d3a8fd327,262bc547-a648-f111-bec6-000d3a8cdfc7,40a9de76-9289-f011-b4cc-7c1e527cd923
3f978367-a648-f111-bec6-000d3a8cdfc7,0,,,,,No Impact,1,0,,,24333040,04d25798-3a42-ee11-bdf5-000d3a8fd327,262bc547-a648-f111-bec6-000d3a8cdfc7,740adf46-9289-f011-b4cc-7c1e527cd923
44fcce64-a648-f111-bec6-0022481fc755,0,,,,,No Impact,1,0,,,24333039,04d25798-3a42-ee11-bdf5-000d3a8fd327,262bc547-a648-f111-bec6-000d3a8cdfc7,3182c040-9289-f011-b4cc-7c1e527cd923
2f78fe63-a648-f111-bec6-7c1e5215f4b4,0,,,,,No Impact,1,0,,,24333037,04d25798-3a42-ee11-bdf5-000d3a8fd327,262bc547-a648-f111-bec6-000d3a8cdfc7,124ef45c-9289-f011-b4cc-002248271486
3b978367-a648-f111-bec6-000d3a8cdfc7,0,,,,,No Impact,1,0,,,24333035,04d25798-3a42-ee11-bdf5-000d3a8fd327,262bc547-a648-f111-bec6-000d3a8cdfc7,6e1c0e50-9289-f011-b4cc-002248271486
85bb0c67-a648-f111-bec6-7c1e527cdbd8,0,,,,,No Impact,1,0,,,24333034,04d25798-3a42-ee11-bdf5-000d3a8fd327,262bc547-a648-f111-bec6-000d3a8cdfc7,09e36ed6-9189-f011-b4cc-002248271486
84bb0c67-a648-f111-bec6-7c1e527cdbd8,0,,,,,No Impact,1,0,,,24333032,04d25798-3a42-ee11-bdf5-000d3a8fd327,262bc547-a648-f111-bec6-000d3a8cdfc7,fc7f63d0-9189-f011-b4cc-002248271486
38cf2bd2-0323-f111-8341-7c1e5247a2b3,5,"Cross-functional team of RE, Plant, Process, Automation is required to execute the APMS scope. Many man hours are required from Reliability Engineering during asset class Design and associated Agent deployment.",,,,Moderate Impact,1,0,,,24154181,04d25798-3a42-ee11-bdf5-000d3a8fd327,11e64f6a-0323-f111-8341-7c1e52146c0e,a633db83-9289-f011-b4cc-7c1e527d2157
f8a701d0-0323-f111-8342-7c1e52146908,1,No impact to the production schedule. Pi tags will be moved into SAIL/APMS and project work will occur offline from the equipment itself. No impact,,,,Low Impact,1,0,,,24154081,04d25798-3a42-ee11-bdf5-000d3a8fd327,11e64f6a-0323-f111-8341-7c1e52146c0e,40a9de76-9289-f011-b4cc-7c1e527cd923
fba701d0-0323-f111-8342-7c1e52146908,0,A.)  A Temporary Mitigation Exists but the Root Cause Remains + Little to No Impact on Production/Yield: temporary mitigation being to continue utilizing the existing preventive maintenance strategy.,,,,No Impact,1,0,,,24154079,04d25798-3a42-ee11-bdf5-000d3a8fd327,11e64f6a-0323-f111-8341-7c1e52146c0e,c29afc0a-9289-f011-b4cc-7c1e527d2157
33cf2bd2-0323-f111-8341-7c1e5247a2b3,1,"Requirement to allow for workforce automation and/or AI incentives. 
Increased equipment uptime",,,,Low Impact,1,0,,,24154066,04d25798-3a42-ee11-bdf5-000d3a8fd327,11e64f6a-0323-f111-8341-7c1e52146c0e,6e1c0e50-9289-f011-b4cc-002248271486
7764a0d2-0323-f111-8341-7c1e52146c0e,1,"APMS will allow for less preventive maintenance man hours 
APMS will avoid unplanned failure costs compared to predictive failure finding and increased planned maintenance 
APMS will aid with run based maintenance vs. time based frequency, therefore, savings costs on maintenance 
APMS will help avoid deviations",,,,Low Impact,1,0,,,24154006,04d25798-3a42-ee11-bdf5-000d3a8fd327,11e64f6a-0323-f111-8341-7c1e52146c0e,740adf46-9289-f011-b4cc-7c1e527cd923
dea176cd-0323-f111-8341-000d3a538d48,0,APMS can support safety culture but the scope is more maintenance optimization than safety related.,,,,No Impact,1,0,,,24154004,04d25798-3a42-ee11-bdf5-000d3a8fd327,11e64f6a-0323-f111-8341-7c1e52146c0e,fc7f63d0-9189-f011-b4cc-002248271486
e4b548ce-0323-f111-8341-6045bdd8cc50,1,APMS is a Global Takeda initiatve to enhance predictive maintenance and machine learning (AI) across the network.,,,,Low Impact,1,0,,,24154000,04d25798-3a42-ee11-bdf5-000d3a8fd327,11e64f6a-0323-f111-8341-7c1e52146c0e,3182c040-9289-f011-b4cc-7c1e527cd923
7bc20862-9f44-f111-88b4-7c1e5215f4b4,0,,,,,No Impact,1,0,,,24153988,04d25798-3a42-ee11-bdf5-000d3a8fd327,a1b7d243-9f44-f111-88b4-70a8a53eb3d2,300edd89-9289-f011-b4cc-7c1e527d2157
7ac20862-9f44-f111-88b4-7c1e5215f4b4,0,,,,,No Impact,1,0,,,24153987,04d25798-3a42-ee11-bdf5-000d3a8fd327,a1b7d243-9f44-f111-88b4-70a8a53eb3d2,a633db83-9289-f011-b4cc-7c1e527d2157
2438ba5e-9f44-f111-88b4-0022481fc755,0,,,,,No Impact,1,0,,,24153986,04d25798-3a42-ee11-bdf5-000d3a8fd327,a1b7d243-9f44-f111-88b4-70a8a53eb3d2,cba1c26b-9289-f011-b4cc-7c1e527d2157
02fd1562-9f44-f111-88b4-70a8a53eb3d2,0,,,,,No Impact,1,0,,,24153985,04d25798-3a42-ee11-bdf5-000d3a8fd327,a1b7d243-9f44-f111-88b4-70a8a53eb3d2,c29afc0a-9289-f011-b4cc-7c1e527d2157
74c20862-9f44-f111-88b4-7c1e5215f4b4,0,,,,,No Impact,1,0,,,24153984,04d25798-3a42-ee11-bdf5-000d3a8fd327,a1b7d243-9f44-f111-88b4-70a8a53eb3d2,23511df6-9189-f011-b4cc-7c1e527d2157
bbaca95f-9f44-f111-88b4-7c1e527cdbd8,0,,,,,No Impact,1,0,,,24153983,04d25798-3a42-ee11-bdf5-000d3a8fd327,a1b7d243-9f44-f111-88b4-70a8a53eb3d2,c91de0e9-9189-f011-b4cc-7c1e527d2157
cef55960-9f44-f111-88b4-000d3a8b49d9,0,,,,,No Impact,1,0,,,24153982,04d25798-3a42-ee11-bdf5-000d3a8fd327,a1b7d243-9f44-f111-88b4-70a8a53eb3d2,31d4e7e3-9189-f011-b4cc-7c1e527d2157
f8fc1562-9f44-f111-88b4-70a8a53eb3d2,0,,,,,No Impact,1,0,,,24153981,04d25798-3a42-ee11-bdf5-000d3a8fd327,a1b7d243-9f44-f111-88b4-70a8a53eb3d2,40a9de76-9289-f011-b4cc-7c1e527cd923
2138ba5e-9f44-f111-88b4-0022481fc755,0,,,,,No Impact,1,0,,,24153979,04d25798-3a42-ee11-bdf5-000d3a8fd327,a1b7d243-9f44-f111-88b4-70a8a53eb3d2,740adf46-9289-f011-b4cc-7c1e527cd923
73c20862-9f44-f111-88b4-7c1e5215f4b4,0,,,,,No Impact,1,0,,,24153978,04d25798-3a42-ee11-bdf5-000d3a8fd327,a1b7d243-9f44-f111-88b4-70a8a53eb3d2,3182c040-9289-f011-b4cc-7c1e527cd923
72c20862-9f44-f111-88b4-7c1e5215f4b4,0,,,,,No Impact,1,0,,,24153976,04d25798-3a42-ee11-bdf5-000d3a8fd327,a1b7d243-9f44-f111-88b4-70a8a53eb3d2,124ef45c-9289-f011-b4cc-002248271486
f6fc1562-9f44-f111-88b4-70a8a53eb3d2,0,,,,,No Impact,1,0,,,24153974,04d25798-3a42-ee11-bdf5-000d3a8fd327,a1b7d243-9f44-f111-88b4-70a8a53eb3d2,6e1c0e50-9289-f011-b4cc-002248271486
9d682160-9f44-f111-88b4-000d3a8cdfc7,0,,,,,No Impact,1,0,,,24153972,04d25798-3a42-ee11-bdf5-000d3a8fd327,a1b7d243-9f44-f111-88b4-70a8a53eb3d2,09e36ed6-9189-f011-b4cc-002248271486
a6aca95f-9f44-f111-88b4-7c1e527cdbd8,0,,,,,No Impact,1,0,,,24153970,04d25798-3a42-ee11-bdf5-000d3a8fd327,a1b7d243-9f44-f111-88b4-70a8a53eb3d2,fc7f63d0-9189-f011-b4cc-002248271486
7482d4e9-0d1f-f111-8341-6045bdd8cc50,0,N/A,,,,No Impact,1,0,,,24153963,04d25798-3a42-ee11-bdf5-000d3a8fd327,9a9db714-0c1f-f111-8341-7c1e52146c0e,c91de0e9-9189-f011-b4cc-7c1e527d2157
99000bde-9c44-f111-88b4-000d3a8cdfc7,5,Lots of experience however high complexity,,,,Moderate Impact,1,0,,,24153956,04d25798-3a42-ee11-bdf5-000d3a8fd327,42b12f09-9b44-f111-88b4-0022481fc755,cba1c26b-9289-f011-b4cc-7c1e527d2157
b3eda9df-9c44-f111-88b4-7c1e527cdbd8,0,N/A,,,,No Impact,1,0,,,24153954,04d25798-3a42-ee11-bdf5-000d3a8fd327,42b12f09-9b44-f111-88b4-0022481fc755,09e36ed6-9189-f011-b4cc-002248271486
ce8e63e2-9c44-f111-88b4-7c1e5215f4b4,0,N/A,,,,No Impact,1,0,,,24153952,04d25798-3a42-ee11-bdf5-000d3a8fd327,42b12f09-9b44-f111-88b4-0022481fc755,31d4e7e3-9189-f011-b4cc-7c1e527d2157
c99f6ede-9c44-f111-88b4-000d3a55d556,0,N/A,,,,No Impact,1,0,,,24153950,04d25798-3a42-ee11-bdf5-000d3a8fd327,42b12f09-9b44-f111-88b4-0022481fc755,c91de0e9-9189-f011-b4cc-7c1e527d2157
86000bde-9c44-f111-88b4-000d3a8cdfc7,10,Supports transition to ATF for perfusion for VPRIV,,,,High Impact,1,0,,,24153948,04d25798-3a42-ee11-bdf5-000d3a8fd327,42b12f09-9b44-f111-88b4-0022481fc755,124ef45c-9289-f011-b4cc-002248271486
c1eda9df-9c44-f111-88b4-7c1e527cdbd8,0,N/A,,,,No Impact,1,0,,,24153946,04d25798-3a42-ee11-bdf5-000d3a8fd327,42b12f09-9b44-f111-88b4-0022481fc755,23511df6-9189-f011-b4cc-7c1e527d2157
de8e63e2-9c44-f111-88b4-7c1e5215f4b4,15,Full Upstream ENG Run,"33 days in a 2k BRX plus cell expansion steps 

All MS lab work has already been completed 

process validation, MS, ENG support and quality",,,Critical Impact,1,0,,,24153944,04d25798-3a42-ee11-bdf5-000d3a8fd327,42b12f09-9b44-f111-88b4-0022481fc755,a633db83-9289-f011-b4cc-7c1e527d2157
d10edede-9c44-f111-88b4-0022481fc755,1,Depends on MRP volumes if an ENG run can fit into the schedule,MRP volume dependent,,,Low Impact,1,0,,,24153942,04d25798-3a42-ee11-bdf5-000d3a8fd327,42b12f09-9b44-f111-88b4-0022481fc755,40a9de76-9289-f011-b4cc-7c1e527cd923
d78e63e2-9c44-f111-88b4-7c1e5215f4b4,0,N/A,,,,No Impact,1,0,,,24153940,04d25798-3a42-ee11-bdf5-000d3a8fd327,42b12f09-9b44-f111-88b4-0022481fc755,c29afc0a-9289-f011-b4cc-7c1e527d2157
fac0d8e0-9c44-f111-88b4-70a8a53eb3d2,5,UPB output will increase will additional volume per batch,1500L to 1800L working volume,,,Moderate Impact,1,0,,,24153938,04d25798-3a42-ee11-bdf5-000d3a8fd327,42b12f09-9b44-f111-88b4-0022481fc755,6e1c0e50-9289-f011-b4cc-002248271486
b9eda9df-9c44-f111-88b4-7c1e527cdbd8,1,Reduction in 1 in every 5 batches required,"according to SPOT record: $8,600,000 operating cost avoidance",,,Low Impact,1,0,,,24153909,04d25798-3a42-ee11-bdf5-000d3a8fd327,42b12f09-9b44-f111-88b4-0022481fc755,740adf46-9289-f011-b4cc-7c1e527cd923
f5c0d8e0-9c44-f111-88b4-70a8a53eb3d2,0,N/A,,,,No Impact,1,0,,,24153695,04d25798-3a42-ee11-bdf5-000d3a8fd327,42b12f09-9b44-f111-88b4-0022481fc755,fc7f63d0-9189-f011-b4cc-002248271486
e08e63e2-9c44-f111-88b4-7c1e5215f4b4,10,Requires an at scale ENG run,"cost of an upstream eng run: $3million 
Opportunity to combine with new equipment to reduce / capitize",,,High Impact,1,0,,,24153687,04d25798-3a42-ee11-bdf5-000d3a8fd327,42b12f09-9b44-f111-88b4-0022481fc755,300edd89-9289-f011-b4cc-7c1e527d2157
fec0d8e0-9c44-f111-88b4-70a8a53eb3d2,0,No risk,,,,No Impact,1,0,,,24153678,04d25798-3a42-ee11-bdf5-000d3a8fd327,42b12f09-9b44-f111-88b4-0022481fc755,3182c040-9289-f011-b4cc-7c1e527cd923
7682d4e9-0d1f-f111-8341-6045bdd8cc50,1,Biocap probes are used in the lab and PPO,,,,Low Impact,1,0,,,24097927,04d25798-3a42-ee11-bdf5-000d3a8fd327,9a9db714-0c1f-f111-8341-7c1e52146c0e,cba1c26b-9289-f011-b4cc-7c1e527d2157
3e2a71e9-0d1f-f111-8341-7c1e5247a2b3,0,N/A,,,,No Impact,1,0,,,24097925,04d25798-3a42-ee11-bdf5-000d3a8fd327,9a9db714-0c1f-f111-8341-7c1e52146c0e,09e36ed6-9189-f011-b4cc-002248271486
7382d4e9-0d1f-f111-8341-6045bdd8cc50,0,N/A,,,,No Impact,1,0,,,24097921,04d25798-3a42-ee11-bdf5-000d3a8fd327,9a9db714-0c1f-f111-8341-7c1e52146c0e,31d4e7e3-9189-f011-b4cc-7c1e527d2157
412a71e9-0d1f-f111-8341-7c1e5247a2b3,15,Increasing using PAT on site is a strategic objective,,,,Critical Impact,1,0,,,24097918,04d25798-3a42-ee11-bdf5-000d3a8fd327,9a9db714-0c1f-f111-8341-7c1e52146c0e,124ef45c-9289-f011-b4cc-002248271486
7582d4e9-0d1f-f111-8341-6045bdd8cc50,0,N/A,,,,No Impact,1,0,,,24097916,04d25798-3a42-ee11-bdf5-000d3a8fd327,9a9db714-0c1f-f111-8341-7c1e52146c0e,23511df6-9189-f011-b4cc-7c1e527d2157
22e6dae7-0d1f-f111-8341-000d3a538d48,5,Rough estimate to get biocap probes install,,,,Moderate Impact,1,0,,,24097914,04d25798-3a42-ee11-bdf5-000d3a8fd327,9a9db714-0c1f-f111-8341-7c1e52146c0e,a633db83-9289-f011-b4cc-7c1e527d2157
598cc8ea-0d1f-f111-8341-7c1e52146c0e,1,We are not fixing a problem with this project.  We are creating new PAT to help with future sampling reduction and improve BRX controls.,,,,Low Impact,1,0,,,24097912,04d25798-3a42-ee11-bdf5-000d3a8fd327,9a9db714-0c1f-f111-8341-7c1e52146c0e,c29afc0a-9289-f011-b4cc-7c1e527d2157
402a71e9-0d1f-f111-8341-7c1e5247a2b3,0,TBD - Feedback from MS is biocap could help returning RepAF back to titer levels,,,,No Impact,1,0,,,24097907,04d25798-3a42-ee11-bdf5-000d3a8fd327,9a9db714-0c1f-f111-8341-7c1e52146c0e,6e1c0e50-9289-f011-b4cc-002248271486
7182d4e9-0d1f-f111-8341-6045bdd8cc50,1,This project will enable reduction in BRX sampling for cell counts.,,,,Low Impact,1,0,,,24097905,04d25798-3a42-ee11-bdf5-000d3a8fd327,9a9db714-0c1f-f111-8341-7c1e52146c0e,740adf46-9289-f011-b4cc-7c1e527cd923
7082d4e9-0d1f-f111-8341-6045bdd8cc50,0,None,,,,No Impact,1,0,,,24097900,04d25798-3a42-ee11-bdf5-000d3a8fd327,9a9db714-0c1f-f111-8341-7c1e52146c0e,fc7f63d0-9189-f011-b4cc-002248271486
23e6dae7-0d1f-f111-8341-000d3a538d48,5,rough estimate.  EUR in development,,,,Moderate Impact,1,0,,,24097894,04d25798-3a42-ee11-bdf5-000d3a8fd327,9a9db714-0c1f-f111-8341-7c1e52146c0e,300edd89-9289-f011-b4cc-7c1e527d2157
d453e84e-923e-f111-88b4-70a8a53eb3d2,0,,,,,No Impact,1,0,,,23960362,04d25798-3a42-ee11-bdf5-000d3a8fd327,ea75bf2a-923e-f111-88b4-70a8a53eb3d2,300edd89-9289-f011-b4cc-7c1e527d2157
9577a14f-923e-f111-88b4-000d3a8cdfc7,0,,,,,No Impact,1,0,,,23960361,04d25798-3a42-ee11-bdf5-000d3a8fd327,ea75bf2a-923e-f111-88b4-70a8a53eb3d2,a633db83-9289-f011-b4cc-7c1e527d2157
afd33b4b-923e-f111-88b4-0022481fc755,0,,,,,No Impact,1,0,,,23960360,04d25798-3a42-ee11-bdf5-000d3a8fd327,ea75bf2a-923e-f111-88b4-70a8a53eb3d2,cba1c26b-9289-f011-b4cc-7c1e527d2157
c045ed4f-923e-f111-88b4-000d3a8b49d9,0,,,,,No Impact,1,0,,,23960359,04d25798-3a42-ee11-bdf5-000d3a8fd327,ea75bf2a-923e-f111-88b4-70a8a53eb3d2,c29afc0a-9289-f011-b4cc-7c1e527d2157
bccf284b-923e-f111-88b4-7c1e527cdbd8,0,,,,,No Impact,1,0,,,23960358,04d25798-3a42-ee11-bdf5-000d3a8fd327,ea75bf2a-923e-f111-88b4-70a8a53eb3d2,23511df6-9189-f011-b4cc-7c1e527d2157
ba45ed4f-923e-f111-88b4-000d3a8b49d9,0,,,,,No Impact,1,0,,,23960357,04d25798-3a42-ee11-bdf5-000d3a8fd327,ea75bf2a-923e-f111-88b4-70a8a53eb3d2,c91de0e9-9189-f011-b4cc-7c1e527d2157
bbcf284b-923e-f111-88b4-7c1e527cdbd8,0,,,,,No Impact,1,0,,,23960356,04d25798-3a42-ee11-bdf5-000d3a8fd327,ea75bf2a-923e-f111-88b4-70a8a53eb3d2,31d4e7e3-9189-f011-b4cc-7c1e527d2157
a9d33b4b-923e-f111-88b4-0022481fc755,0,,,,,No Impact,1,0,,,23960355,04d25798-3a42-ee11-bdf5-000d3a8fd327,ea75bf2a-923e-f111-88b4-70a8a53eb3d2,40a9de76-9289-f011-b4cc-7c1e527cd923
8b77a14f-923e-f111-88b4-000d3a8cdfc7,0,,,,,No Impact,1,0,,,23960354,04d25798-3a42-ee11-bdf5-000d3a8fd327,ea75bf2a-923e-f111-88b4-70a8a53eb3d2,740adf46-9289-f011-b4cc-7c1e527cd923
8977a14f-923e-f111-88b4-000d3a8cdfc7,0,,,,,No Impact,1,0,,,23960353,04d25798-3a42-ee11-bdf5-000d3a8fd327,ea75bf2a-923e-f111-88b4-70a8a53eb3d2,3182c040-9289-f011-b4cc-7c1e527cd923
77c4f449-923e-f111-88b4-000d3a8b49d9,0,,,,,No Impact,1,0,,,23960352,04d25798-3a42-ee11-bdf5-000d3a8fd327,ea75bf2a-923e-f111-88b4-70a8a53eb3d2,124ef45c-9289-f011-b4cc-002248271486
a5cf284b-923e-f111-88b4-7c1e527cdbd8,0,,,,,No Impact,1,0,,,23960350,04d25798-3a42-ee11-bdf5-000d3a8fd327,ea75bf2a-923e-f111-88b4-70a8a53eb3d2,6e1c0e50-9289-f011-b4cc-002248271486
a3d33b4b-923e-f111-88b4-0022481fc755,0,,,,,No Impact,1,0,,,23960348,04d25798-3a42-ee11-bdf5-000d3a8fd327,ea75bf2a-923e-f111-88b4-70a8a53eb3d2,09e36ed6-9189-f011-b4cc-002248271486
9f2fa949-923e-f111-88b4-000d3a8cdfc7,0,,,,,No Impact,1,0,,,23960346,04d25798-3a42-ee11-bdf5-000d3a8fd327,ea75bf2a-923e-f111-88b4-70a8a53eb3d2,fc7f63d0-9189-f011-b4cc-002248271486
b6b0dbe8-683e-f111-88b4-000d3a8cdfc7,0,,,,,No Impact,1,0,,,23958534,04d25798-3a42-ee11-bdf5-000d3a8fd327,03224b6e-833d-f111-88b4-000d3a8b46c5,300edd89-9289-f011-b4cc-7c1e527d2157
e38114e4-683e-f111-88b4-000d3a8b49d9,0,,,,,No Impact,1,0,,,23958533,04d25798-3a42-ee11-bdf5-000d3a8fd327,03224b6e-833d-f111-88b4-000d3a8b46c5,a633db83-9289-f011-b4cc-7c1e527d2157
ffc155e7-683e-f111-88b4-7c1e5215f4b4,0,,,,,No Impact,1,0,,,23958532,04d25798-3a42-ee11-bdf5-000d3a8fd327,03224b6e-833d-f111-88b4-000d3a8b46c5,cba1c26b-9289-f011-b4cc-7c1e527d2157
dbbac1e7-683e-f111-88b4-0022481fc755,0,,,,,No Impact,1,0,,,23958531,04d25798-3a42-ee11-bdf5-000d3a8fd327,03224b6e-833d-f111-88b4-000d3a8b46c5,c29afc0a-9289-f011-b4cc-7c1e527d2157
d9bac1e7-683e-f111-88b4-0022481fc755,0,,,,,No Impact,1,0,,,23958530,04d25798-3a42-ee11-bdf5-000d3a8fd327,03224b6e-833d-f111-88b4-000d3a8b46c5,23511df6-9189-f011-b4cc-7c1e527d2157
49b107e5-683e-f111-88b4-000d3a55d556,0,,,,,No Impact,1,0,,,23958527,04d25798-3a42-ee11-bdf5-000d3a8fd327,03224b6e-833d-f111-88b4-000d3a8b46c5,c91de0e9-9189-f011-b4cc-7c1e527d2157
e8bde0e2-683e-f111-88b4-000d3a8cdfc7,0,,,,,No Impact,1,0,,,23958526,04d25798-3a42-ee11-bdf5-000d3a8fd327,03224b6e-833d-f111-88b4-000d3a8b46c5,31d4e7e3-9189-f011-b4cc-7c1e527d2157
51f826e8-683e-f111-88b4-7c1e527cdbd8,0,,,,,No Impact,1,0,,,23958525,04d25798-3a42-ee11-bdf5-000d3a8fd327,03224b6e-833d-f111-88b4-000d3a8b46c5,40a9de76-9289-f011-b4cc-7c1e527cd923
e7bde0e2-683e-f111-88b4-000d3a8cdfc7,0,,,,,No Impact,1,0,,,23958523,04d25798-3a42-ee11-bdf5-000d3a8fd327,03224b6e-833d-f111-88b4-000d3a8b46c5,740adf46-9289-f011-b4cc-7c1e527cd923
479063e5-683e-f111-88b4-70a8a53eb3d2,0,,,,,No Impact,1,0,,,23958521,04d25798-3a42-ee11-bdf5-000d3a8fd327,03224b6e-833d-f111-88b4-000d3a8b46c5,3182c040-9289-f011-b4cc-7c1e527cd923
e9c155e7-683e-f111-88b4-7c1e5215f4b4,0,,,,,No Impact,1,0,,,23958519,04d25798-3a42-ee11-bdf5-000d3a8fd327,03224b6e-833d-f111-88b4-000d3a8b46c5,124ef45c-9289-f011-b4cc-002248271486
d18114e4-683e-f111-88b4-000d3a8b49d9,0,,,,,No Impact,1,0,,,23958517,04d25798-3a42-ee11-bdf5-000d3a8fd327,03224b6e-833d-f111-88b4-000d3a8b46c5,6e1c0e50-9289-f011-b4cc-002248271486
ec19e2e1-683e-f111-88b4-7c1e527cdbd8,0,,,,,No Impact,1,0,,,23958516,04d25798-3a42-ee11-bdf5-000d3a8fd327,03224b6e-833d-f111-88b4-000d3a8b46c5,09e36ed6-9189-f011-b4cc-002248271486
c129a5e1-683e-f111-88b4-0022481fc755,0,,,,,No Impact,1,0,,,23958515,04d25798-3a42-ee11-bdf5-000d3a8fd327,03224b6e-833d-f111-88b4-000d3a8b46c5,fc7f63d0-9189-f011-b4cc-002248271486
5c667f33-bc3d-f111-88b4-000d3a8b49d9,1,Experience required for Small CAPEX existis within the funcitonal areas,,,,Low Impact,1,0,,,23949819,04d25798-3a42-ee11-bdf5-000d3a8fd327,98c49b2e-bc3d-f111-88b4-7c1e5215f4b4,cba1c26b-9289-f011-b4cc-7c1e527d2157
8cf4eb34-bc3d-f111-88b4-7c1e527cdbd8,0,N/A,,,,No Impact,1,0,,,23949817,04d25798-3a42-ee11-bdf5-000d3a8fd327,98c49b2e-bc3d-f111-88b4-7c1e5215f4b4,c91de0e9-9189-f011-b4cc-7c1e527d2157
82f4eb34-bc3d-f111-88b4-7c1e527cdbd8,0,N/A,,,,No Impact,1,0,,,23949815,04d25798-3a42-ee11-bdf5-000d3a8fd327,98c49b2e-bc3d-f111-88b4-7c1e5215f4b4,09e36ed6-9189-f011-b4cc-002248271486
8882b736-bc3d-f111-88b4-000d3a8cdfc7,0,N/A,,,,No Impact,1,0,,,23949813,04d25798-3a42-ee11-bdf5-000d3a8fd327,98c49b2e-bc3d-f111-88b4-7c1e5215f4b4,31d4e7e3-9189-f011-b4cc-7c1e527d2157
402e7534-bc3d-f111-88b4-70a8a53eb3d2,5,on a per-project basis,,,,Moderate Impact,1,0,,,23949811,04d25798-3a42-ee11-bdf5-000d3a8fd327,98c49b2e-bc3d-f111-88b4-7c1e5215f4b4,124ef45c-9289-f011-b4cc-002248271486
84e7e934-bc3d-f111-88b4-7c1e5215f4b4,5,Can be leveraged to addresss the above.,,,,Moderate Impact,1,0,,,23949808,04d25798-3a42-ee11-bdf5-000d3a8fd327,98c49b2e-bc3d-f111-88b4-7c1e5215f4b4,23511df6-9189-f011-b4cc-7c1e527d2157
85e7e934-bc3d-f111-88b4-7c1e5215f4b4,1,"Small capex purchases intended to be carried out by vendor/installer, low impact to Takeda resources",,,,Low Impact,1,0,,,23949805,04d25798-3a42-ee11-bdf5-000d3a8fd327,98c49b2e-bc3d-f111-88b4-7c1e5215f4b4,a633db83-9289-f011-b4cc-7c1e527d2157
85f4eb34-bc3d-f111-88b4-7c1e527cdbd8,1,asset support for MFG production,,,,Low Impact,1,0,,,23949803,04d25798-3a42-ee11-bdf5-000d3a8fd327,98c49b2e-bc3d-f111-88b4-7c1e5215f4b4,40a9de76-9289-f011-b4cc-7c1e527cd923
482e7534-bc3d-f111-88b4-70a8a53eb3d2,1,Asset support mitigates the above identified risk,,,,Low Impact,1,0,,,23949800,04d25798-3a42-ee11-bdf5-000d3a8fd327,98c49b2e-bc3d-f111-88b4-7c1e5215f4b4,c29afc0a-9289-f011-b4cc-7c1e527d2157
6a5d2c37-bc3d-f111-88b4-0022481fc755,1,potential to enabled the above benefits.,,,,Low Impact,1,0,,,23949798,04d25798-3a42-ee11-bdf5-000d3a8fd327,98c49b2e-bc3d-f111-88b4-7c1e5215f4b4,6e1c0e50-9289-f011-b4cc-002248271486
4f667f33-bc3d-f111-88b4-000d3a8b49d9,0,N/A,,,,No Impact,1,0,,,23949796,04d25798-3a42-ee11-bdf5-000d3a8fd327,98c49b2e-bc3d-f111-88b4-7c1e5215f4b4,fc7f63d0-9189-f011-b4cc-002248271486
452e7534-bc3d-f111-88b4-70a8a53eb3d2,1,Replacement of assets for less than 35k,,,,Low Impact,1,0,,,23949794,04d25798-3a42-ee11-bdf5-000d3a8fd327,98c49b2e-bc3d-f111-88b4-7c1e5215f4b4,740adf46-9289-f011-b4cc-7c1e527cd923
885d2c37-bc3d-f111-88b4-0022481fc755,5,based on small capex budget,,,,Moderate Impact,1,0,,,23949792,04d25798-3a42-ee11-bdf5-000d3a8fd327,98c49b2e-bc3d-f111-88b4-7c1e5215f4b4,300edd89-9289-f011-b4cc-7c1e527d2157
57667f33-bc3d-f111-88b4-000d3a8b49d9,1,"Would not be able to streamline small CAPEX investments and small projects linked to the AIMP program that require asset replacement.

A delay in a smaller, early-stage project can cause the project to miss critical milestones, making it challenging to meet the final deadline.",,,,Low Impact,1,0,,,23949790,04d25798-3a42-ee11-bdf5-000d3a8fd327,98c49b2e-bc3d-f111-88b4-7c1e5215f4b4,3182c040-9289-f011-b4cc-7c1e527cd923
1f5fa498-f33c-f111-88b4-7c1e5215f4b4,5,NPI,NPI,,,Moderate Impact,1,0,,,23934855,04d25798-3a42-ee11-bdf5-000d3a8fd327,94978808-e43c-f111-88b4-000d3a8b49d9,cba1c26b-9289-f011-b4cc-7c1e527d2157
c714a49a-f33c-f111-88b4-7c1e527cdbd8,0,NPI - N/A,NPI - N/A,,,No Impact,1,0,,,23934853,04d25798-3a42-ee11-bdf5-000d3a8fd327,94978808-e43c-f111-88b4-000d3a8b49d9,31d4e7e3-9189-f011-b4cc-7c1e527d2157
4f799c98-f33c-f111-88b4-70a8a53eb3d2,0,NPI - N/A,NPI - N/A,,,No Impact,1,0,,,23934851,04d25798-3a42-ee11-bdf5-000d3a8fd327,94978808-e43c-f111-88b4-000d3a8b49d9,c91de0e9-9189-f011-b4cc-7c1e527d2157
3b799c98-f33c-f111-88b4-70a8a53eb3d2,0,NPI - N/A,NPI - N/A,,,No Impact,1,0,,,23934849,04d25798-3a42-ee11-bdf5-000d3a8fd327,94978808-e43c-f111-88b4-000d3a8b49d9,09e36ed6-9189-f011-b4cc-002248271486
a455b797-f33c-f111-88b4-0022481fc755,15,NPI,NPI,,,Critical Impact,1,0,,,23934847,04d25798-3a42-ee11-bdf5-000d3a8fd327,94978808-e43c-f111-88b4-000d3a8b49d9,124ef45c-9289-f011-b4cc-002248271486
50799c98-f33c-f111-88b4-70a8a53eb3d2,0,NPI - N/A,NPI - N/A,,,No Impact,1,0,,,23934845,04d25798-3a42-ee11-bdf5-000d3a8fd327,94978808-e43c-f111-88b4-000d3a8b49d9,23511df6-9189-f011-b4cc-7c1e527d2157
53799c98-f33c-f111-88b4-70a8a53eb3d2,5,Additional Equipment,TBD,,,Moderate Impact,1,0,,,23934843,04d25798-3a42-ee11-bdf5-000d3a8fd327,94978808-e43c-f111-88b4-000d3a8b49d9,a633db83-9289-f011-b4cc-7c1e527d2157
156a8394-f33c-f111-88b4-7c1e527cdbd8,1,NPI - N/A,NPI - N/A,,,Low Impact,1,0,,,23934841,04d25798-3a42-ee11-bdf5-000d3a8fd327,94978808-e43c-f111-88b4-000d3a8b49d9,40a9de76-9289-f011-b4cc-7c1e527cd923
b955b797-f33c-f111-88b4-0022481fc755,0,NPI - N/A,NPI - N/A,,,No Impact,1,0,,,23934839,04d25798-3a42-ee11-bdf5-000d3a8fd327,94978808-e43c-f111-88b4-000d3a8b49d9,c29afc0a-9289-f011-b4cc-7c1e527d2157
3e799c98-f33c-f111-88b4-70a8a53eb3d2,1,NPI - N/A,NPI - N/A,,,Low Impact,1,0,,,23934837,04d25798-3a42-ee11-bdf5-000d3a8fd327,94978808-e43c-f111-88b4-000d3a8b49d9,6e1c0e50-9289-f011-b4cc-002248271486
115fa498-f33c-f111-88b4-7c1e5215f4b4,0,NPI - N/A,NPI - N/A,,,No Impact,1,0,,,23934834,04d25798-3a42-ee11-bdf5-000d3a8fd327,94978808-e43c-f111-88b4-000d3a8b49d9,740adf46-9289-f011-b4cc-7c1e527cd923
09950194-f33c-f111-88b4-000d3a8b49d9,0,NPI - N/A,NPI - N/A,,,No Impact,1,0,,,23934832,04d25798-3a42-ee11-bdf5-000d3a8fd327,94978808-e43c-f111-88b4-000d3a8b49d9,fc7f63d0-9189-f011-b4cc-002248271486
54799c98-f33c-f111-88b4-70a8a53eb3d2,15,Feasibility Confirmed,CAPEX Cost Sheet - Approved by MSC,,,Critical Impact,1,0,,,23934830,04d25798-3a42-ee11-bdf5-000d3a8fd327,94978808-e43c-f111-88b4-000d3a8b49d9,300edd89-9289-f011-b4cc-7c1e527d2157
0d5fa498-f33c-f111-88b4-7c1e5215f4b4,0,None - NPI,None - NPI,,,No Impact,1,0,,,23934828,04d25798-3a42-ee11-bdf5-000d3a8fd327,94978808-e43c-f111-88b4-000d3a8b49d9,3182c040-9289-f011-b4cc-7c1e527cd923
7e4d81b5-0839-f111-88b4-000d3a8b49d9,1,This project involves minimal technical challanges. It is a simple line-item capital purchase of like-for-like replacements to be immediately installed online.,,,,Low Impact,1,0,,,23884531,04d25798-3a42-ee11-bdf5-000d3a8fd327,122027a3-0839-f111-88b4-70a8a53eb3d2,cba1c26b-9289-f011-b4cc-7c1e527d2157
532449b7-0839-f111-88b4-7c1e527cdbd8,0,N/A,,,,No Impact,1,0,,,23884529,04d25798-3a42-ee11-bdf5-000d3a8fd327,122027a3-0839-f111-88b4-70a8a53eb3d2,23511df6-9189-f011-b4cc-7c1e527d2157
cdfea7b7-0839-f111-88b4-000d3a8cdfc7,1,Effort for this project should be minimal. The project consists only of line-item material purchases for the replacement CDI units. The unit replacement will take place under maintenance WOs.,,,,Low Impact,1,0,,,23884527,04d25798-3a42-ee11-bdf5-000d3a8fd327,122027a3-0839-f111-88b4-70a8a53eb3d2,a633db83-9289-f011-b4cc-7c1e527d2157
f2f48eb5-0839-f111-88b4-70a8a53eb3d2,1,These purchased CDIs can be swapped out for the units inline on 400SW RO Train #1 and 300SW RO Train #2 while their redundant alternate trains (400SW RO Train #2 and 300SW RO Train #1) are kept online. There should be no impact to production.,,,,Low Impact,1,0,,,23884525,04d25798-3a42-ee11-bdf5-000d3a8fd327,122027a3-0839-f111-88b4-70a8a53eb3d2,40a9de76-9289-f011-b4cc-7c1e527cd923
680f9db6-0839-f111-88b4-7c1e5215f4b4,1,"Current production critical CDIs are degraded and approaching failure. There are insufficient replacement units available. 
 
400SW manufacturing relies on purified water for its operation, with the purified water stream reliant upon redundant RO trains (Train #1 and #2). These RO trains include CDI (continuous deionizing) units which are integral to the purification stream. If the CDIs on RO Train #1 (currently displaying unacceptable performance) fail completely, then mitigation to the PW stream impact would take the form of redundant RO Train #2. However, without the purchase of new replacement CDIs, this mitigation method would be considered temporary. Insufficient CDIs are available in inventory to replace the failed inline units on RO Train #1, so the failed CDIs would need to be sent out for refurbishment (if even eligible). This process takes 8-12 weeks, during which time there would be no remaining redundancy for the PW stream, putting the entirety of 400SW manufacturing at risk.",,,,Low Impact,1,0,,,23884522,04d25798-3a42-ee11-bdf5-000d3a8fd327,122027a3-0839-f111-88b4-70a8a53eb3d2,c29afc0a-9289-f011-b4cc-7c1e527d2157
0978a3b1-0839-f111-88b4-000d3a8cdfc7,0,This project (material procurement) will improve the reliability of the impacted manufacturing support system (RO trains and purified water streams) and preserve required capacity.,,,,No Impact,1,0,,,23884520,04d25798-3a42-ee11-bdf5-000d3a8fd327,122027a3-0839-f111-88b4-70a8a53eb3d2,6e1c0e50-9289-f011-b4cc-002248271486
1678a3b1-0839-f111-88b4-000d3a8cdfc7,1,Avoiding possible loss of manufacturing production at 400SW.  A number of  in-service CDIs are degrading in condition affecting Reverse Osmosis process parameters and our ability to reliably produce purified water for production. There are insufficient available assets to replace failing CDIs. Executing the CDI purchase will enable direct replacements to the in-service at risk assets and preserve ability to produce purified water for production.,,,,Low Impact,1,0,,,23884518,04d25798-3a42-ee11-bdf5-000d3a8fd327,122027a3-0839-f111-88b4-70a8a53eb3d2,740adf46-9289-f011-b4cc-7c1e527cd923
744d81b5-0839-f111-88b4-000d3a8b49d9,1,Worn CDIs can force the system to compensate for the decreased efficiency and therefore generate excess heat. Overheating and excess heat can create safety hazards.,,,,Low Impact,1,0,,,23884515,04d25798-3a42-ee11-bdf5-000d3a8fd327,122027a3-0839-f111-88b4-70a8a53eb3d2,fc7f63d0-9189-f011-b4cc-002248271486
6b0f9db6-0839-f111-88b4-7c1e5215f4b4,1,"The project would involve the purchase of 3 units of IP-LXHI-30 at $19,642.00 at each, and 1 unit of IP-LXHI-18 at $14,772.00 at each. This would amount to $73,068 total purchase cost. $73,068 is equivalent to ¥11,632,242, or 0.116 OkuYen.",,,,Low Impact,1,0,,,23884513,04d25798-3a42-ee11-bdf5-000d3a8fd327,122027a3-0839-f111-88b4-70a8a53eb3d2,300edd89-9289-f011-b4cc-7c1e527d2157
1578a3b1-0839-f111-88b4-000d3a8cdfc7,10,"There are currently insufficient spare CDI units to replace the inline units on 400SW RO Train #1 and 300SW RO Train #2 in the event that their already degraded performance worsens to the point that the RO trains must be shut down. If 400SW RO Train #1 must shutdown, 400SW manufacturing will be reliant on just a single RO train for its purified water stream, removing system redundancy. The lead time for unit refurbishment is 8-10 weeks, and in this scenario, manufacturing would face a serious reliability risk for 2+ months.",,,,High Impact,1,0,,,23884511,04d25798-3a42-ee11-bdf5-000d3a8fd327,122027a3-0839-f111-88b4-70a8a53eb3d2,3182c040-9289-f011-b4cc-7c1e527cd923
9e4617b1-0839-f111-88b4-7c1e527cdbd8,0,N/A,,,,No Impact,1,0,,,23884305,04d25798-3a42-ee11-bdf5-000d3a8fd327,122027a3-0839-f111-88b4-70a8a53eb3d2,124ef45c-9289-f011-b4cc-002248271486
70993beb-a439-f111-88b4-7c1e5215f4b4,5,Chamber replacements are performed annually. Experience is available. Qualification needed.,,,,Moderate Impact,1,0,,,23884042,04d25798-3a42-ee11-bdf5-000d3a8fd327,5ea428df-a439-f111-88b4-0022481fc755,cba1c26b-9289-f011-b4cc-7c1e527d2157
2de46b11-dc9e-f011-b41c-7c1e5209fc28,5,Chamber replacements are performed annually. Experience is available. Qualification needed.,,,,Moderate Impact,1,0,,,23884040,04d25798-3a42-ee11-bdf5-000d3a8fd327,564de39d-db9e-f011-b41b-7c1e527d2157,cba1c26b-9289-f011-b4cc-7c1e527d2157
65993beb-a439-f111-88b4-7c1e5215f4b4,1,Newer chambers are expected to be more effecient than older models.,,,,Low Impact,1,0,,,23884039,04d25798-3a42-ee11-bdf5-000d3a8fd327,5ea428df-a439-f111-88b4-0022481fc755,09e36ed6-9189-f011-b4cc-002248271486
391ca30e-dc9e-f011-b41b-7c1e5246e632,1,Newer chambers are expected to be more effecient than older models.,,,,Low Impact,1,0,,,23884037,04d25798-3a42-ee11-bdf5-000d3a8fd327,564de39d-db9e-f011-b41b-7c1e527d2157,09e36ed6-9189-f011-b4cc-002248271486
67993beb-a439-f111-88b4-7c1e5215f4b4,5,"AIMP Project to support overall equipment health, performance, and availability.",,,,Moderate Impact,1,0,,,23884035,04d25798-3a42-ee11-bdf5-000d3a8fd327,5ea428df-a439-f111-88b4-0022481fc755,124ef45c-9289-f011-b4cc-002248271486
d48d5310-dc9e-f011-b41c-002248271486,5,"AIMP Project to support overall equipment health, performance, and availability.",,,,Moderate Impact,1,0,,,23884033,04d25798-3a42-ee11-bdf5-000d3a8fd327,564de39d-db9e-f011-b41b-7c1e527d2157,124ef45c-9289-f011-b4cc-002248271486
f187cc0d-dc9e-f011-b41b-7c1e52598de0,5,Some chambers support lab equipment lifecycle.,,,,Moderate Impact,1,0,,,23884030,04d25798-3a42-ee11-bdf5-000d3a8fd327,564de39d-db9e-f011-b41b-7c1e527d2157,23511df6-9189-f011-b4cc-7c1e527d2157
6d993beb-a439-f111-88b4-7c1e5215f4b4,5,Some chambers support lab equipment lifecycle.,,,,Moderate Impact,1,0,,,23884028,04d25798-3a42-ee11-bdf5-000d3a8fd327,5ea428df-a439-f111-88b4-0022481fc755,23511df6-9189-f011-b4cc-7c1e527d2157
93f597eb-a439-f111-88b4-0022481fc755,10,"Estimate 550 total labor hours per chamber. 

Estimated 7 chambers based on available FY 26 AIMP budget",,,,High Impact,1,0,,,23884026,04d25798-3a42-ee11-bdf5-000d3a8fd327,5ea428df-a439-f111-88b4-0022481fc755,a633db83-9289-f011-b4cc-7c1e527d2157
36a0e513-dc9e-f011-b41c-7c1e527cd923,10,"Estimate 550 total labor hours per chamber. 

Estimated 6 chambers based on available FY 26 AIMP budget",,,,High Impact,1,0,,,23884024,04d25798-3a42-ee11-bdf5-000d3a8fd327,564de39d-db9e-f011-b41b-7c1e527d2157,a633db83-9289-f011-b4cc-7c1e527d2157
6a993beb-a439-f111-88b4-7c1e5215f4b4,1,Redundancy exists. Equipment being replaced can be used until the new equipment becomes available.,,,,Low Impact,1,0,,,23884023,04d25798-3a42-ee11-bdf5-000d3a8fd327,5ea428df-a439-f111-88b4-0022481fc755,40a9de76-9289-f011-b4cc-7c1e527cd923
d78d5310-dc9e-f011-b41c-002248271486,1,Redundancy exists. Equipment being replaced can be used until the new equipment becomes available.,,,,Low Impact,1,0,,,23884021,04d25798-3a42-ee11-bdf5-000d3a8fd327,564de39d-db9e-f011-b41b-7c1e527d2157,40a9de76-9289-f011-b4cc-7c1e527cd923
68993beb-a439-f111-88b4-7c1e5215f4b4,1,c) Operating cost avoidance - new units are expected to fail less and therefore have lower operating costs.,,,,Low Impact,1,0,,,23884019,04d25798-3a42-ee11-bdf5-000d3a8fd327,5ea428df-a439-f111-88b4-0022481fc755,740adf46-9289-f011-b4cc-7c1e527cd923
fe51a30d-dc9e-f011-b41c-7c1e527cd923,1,c) Operating cost avoidance - new units are expected to fail less and therefore have lower operating costs.,,,,Low Impact,1,0,,,23884016,04d25798-3a42-ee11-bdf5-000d3a8fd327,564de39d-db9e-f011-b41b-7c1e527d2157,740adf46-9289-f011-b4cc-7c1e527cd923
71993beb-a439-f111-88b4-7c1e5215f4b4,5,"90k per chamber. Planning to have 7 chambers replaced
7 chambers = $630,000 = .93 OkuYen

Final number will be decided based on remaining FY 26 AIMP Budget",,,,Moderate Impact,1,0,,,23884015,04d25798-3a42-ee11-bdf5-000d3a8fd327,5ea428df-a439-f111-88b4-0022481fc755,300edd89-9289-f011-b4cc-7c1e527d2157
1cf3f311-dc9e-f011-b41c-7c1e527e91a1,5,"90k per chamber. Planning to have 6 chambers replaced
6 chambers = $540,000 = .80 OkuYen

Final number will be decided based on remaining FY 26 AIMP Budget",,,,Moderate Impact,1,0,,,23884013,04d25798-3a42-ee11-bdf5-000d3a8fd327,564de39d-db9e-f011-b41b-7c1e527d2157,300edd89-9289-f011-b4cc-7c1e527d2157
7a1ec2ef-a439-f111-88b4-7c1e527cdbd8,5,"Required for site road map, redundancy exists but would cause delays if needing to move from chamber to chamber.",,,,Moderate Impact,1,0,,,23883942,04d25798-3a42-ee11-bdf5-000d3a8fd327,5ea428df-a439-f111-88b4-0022481fc755,3182c040-9289-f011-b4cc-7c1e527cd923
9c4617b1-0839-f111-88b4-7c1e527cdbd8,0,N/A,,,,No Impact,1,0,,,23883888,04d25798-3a42-ee11-bdf5-000d3a8fd327,122027a3-0839-f111-88b4-70a8a53eb3d2,09e36ed6-9189-f011-b4cc-002248271486
f5f48eb5-0839-f111-88b4-70a8a53eb3d2,0,N/A,,,,No Impact,1,0,,,23883886,04d25798-3a42-ee11-bdf5-000d3a8fd327,122027a3-0839-f111-88b4-70a8a53eb3d2,31d4e7e3-9189-f011-b4cc-7c1e527d2157
49dafab2-0839-f111-88b4-0022481fc755,0,N/A,,,,No Impact,1,0,,,23883884,04d25798-3a42-ee11-bdf5-000d3a8fd327,122027a3-0839-f111-88b4-70a8a53eb3d2,c91de0e9-9189-f011-b4cc-7c1e527d2157
6f993beb-a439-f111-88b4-7c1e5215f4b4,0,,,,,No Impact,1,0,,,23883762,04d25798-3a42-ee11-bdf5-000d3a8fd327,5ea428df-a439-f111-88b4-0022481fc755,c29afc0a-9289-f011-b4cc-7c1e527d2157
7d1ec2ef-a439-f111-88b4-7c1e527cdbd8,0,,,,,No Impact,1,0,,,23883760,04d25798-3a42-ee11-bdf5-000d3a8fd327,5ea428df-a439-f111-88b4-0022481fc755,c91de0e9-9189-f011-b4cc-7c1e527d2157
6c993beb-a439-f111-88b4-7c1e5215f4b4,0,,,,,No Impact,1,0,,,23883759,04d25798-3a42-ee11-bdf5-000d3a8fd327,5ea428df-a439-f111-88b4-0022481fc755,31d4e7e3-9189-f011-b4cc-7c1e527d2157
9abc4aed-a439-f111-88b4-000d3a8cdfc7,0,,,,,No Impact,1,0,,,23883752,04d25798-3a42-ee11-bdf5-000d3a8fd327,5ea428df-a439-f111-88b4-0022481fc755,6e1c0e50-9289-f011-b4cc-002248271486
5af597eb-a439-f111-88b4-0022481fc755,0,,,,,No Impact,1,0,,,23883748,04d25798-3a42-ee11-bdf5-000d3a8fd327,5ea428df-a439-f111-88b4-0022481fc755,fc7f63d0-9189-f011-b4cc-002248271486
be095130-a039-f111-88b4-7c1e5215f4b4,5,Qualification requirements are needed but the overall process is straightforward. Medium complexity.,,,,Moderate Impact,1,0,,,23883466,04d25798-3a42-ee11-bdf5-000d3a8fd327,84bc98c6-9f39-f111-88b4-7c1e5215f4b4,cba1c26b-9289-f011-b4cc-7c1e527d2157
e474c24e-dc9e-f011-b41c-002248271486,5,Qualification requirements are needed but the overall process is straightforward. Medium complexity.,,,,Moderate Impact,1,0,,,23883464,04d25798-3a42-ee11-bdf5-000d3a8fd327,762c2bc4-db9e-f011-b41b-7c1e52598de0,cba1c26b-9289-f011-b4cc-7c1e527d2157
caeba42a-a039-f111-88b4-7c1e527cdbd8,15,"AIMP Project to support overall equipment health, performance, and availability.Will contibute to Right First Time initiative.",,,,Critical Impact,1,0,,,23883462,04d25798-3a42-ee11-bdf5-000d3a8fd327,84bc98c6-9f39-f111-88b4-7c1e5215f4b4,124ef45c-9289-f011-b4cc-002248271486
0ae0324d-dc9e-f011-b41b-7c1e527d2157,15,"AIMP Project to support overall equipment health, performance, and availability. Will contibute to Right First Time initiative.",,,,Critical Impact,1,0,,,23883459,04d25798-3a42-ee11-bdf5-000d3a8fd327,762c2bc4-db9e-f011-b41b-7c1e52598de0,124ef45c-9289-f011-b4cc-002248271486
8fd81450-dc9e-f011-b41c-002248276c98,5,"Project will likely be in the hundreds, not thousands, of hours to replace the existing tube sealers and commision/qualify as necessary.",,,,Moderate Impact,1,0,,,23883455,04d25798-3a42-ee11-bdf5-000d3a8fd327,762c2bc4-db9e-f011-b41b-7c1e52598de0,a633db83-9289-f011-b4cc-7c1e527d2157
47e54a4d-dc9e-f011-b41c-6045bddb6d09,1,Redundancy exists. Equipment being replaced can be used until the new equipment becomes available.,,,,Low Impact,1,0,,,23883453,04d25798-3a42-ee11-bdf5-000d3a8fd327,762c2bc4-db9e-f011-b41b-7c1e52598de0,40a9de76-9289-f011-b4cc-7c1e527cd923
deaf192f-a039-f111-88b4-0022481fc755,1,C. Costs of repair for equipment are expected to reduce due to more reliable equipment replacing old equipment. Elimination / reduction of poor seals on single use components within 400SW expected.,,,,Low Impact,1,0,,,23883452,04d25798-3a42-ee11-bdf5-000d3a8fd327,84bc98c6-9f39-f111-88b4-7c1e5215f4b4,740adf46-9289-f011-b4cc-7c1e527cd923
88d81450-dc9e-f011-b41c-002248276c98,1,C. Costs of repair for equipment are expected to reduce due to more reliable equipment replacing old equipment. Elimination / reduction of poor seals on single use components within 400SW expected.,,,,Low Impact,1,0,,,23883450,04d25798-3a42-ee11-bdf5-000d3a8fd327,762c2bc4-db9e-f011-b41b-7c1e52598de0,740adf46-9289-f011-b4cc-7c1e527cd923
2875152c-a039-f111-88b4-70a8a53eb3d2,5,"$40,000 per tube sealer, 50% soft costs

~320K USD
~0.466 OkuYen",,,,Moderate Impact,1,0,,,23883448,04d25798-3a42-ee11-bdf5-000d3a8fd327,84bc98c6-9f39-f111-88b4-7c1e5215f4b4,300edd89-9289-f011-b4cc-7c1e527d2157
13e0324d-dc9e-f011-b41b-7c1e527d2157,5,"$40,000 per tube sealer, 50% soft costs

~400K USD
~0.583 OkuYen",,,,Moderate Impact,1,0,,,23883446,04d25798-3a42-ee11-bdf5-000d3a8fd327,762c2bc4-db9e-f011-b41b-7c1e52598de0,300edd89-9289-f011-b4cc-7c1e527d2157
bf095130-a039-f111-88b4-7c1e5215f4b4,5,"Project will likely be in the hundreds, not thousands, of hours to replace the existing tube sealers and commision/qualify as necessary.",,,,Moderate Impact,1,0,,,23883434,04d25798-3a42-ee11-bdf5-000d3a8fd327,84bc98c6-9f39-f111-88b4-7c1e5215f4b4,a633db83-9289-f011-b4cc-7c1e527d2157
b4095130-a039-f111-88b4-7c1e5215f4b4,1,Redundancy exists. Equipment being replaced can be used until the new equipment becomes available.,,,,Low Impact,1,0,,,23883432,04d25798-3a42-ee11-bdf5-000d3a8fd327,84bc98c6-9f39-f111-88b4-7c1e5215f4b4,40a9de76-9289-f011-b4cc-7c1e527cd923
dbaf192f-a039-f111-88b4-0022481fc755,5,Failed equipment results in the time required to replace the equipment with other units and decreases productivity.,,,,Moderate Impact,1,0,,,23883430,04d25798-3a42-ee11-bdf5-000d3a8fd327,84bc98c6-9f39-f111-88b4-7c1e5215f4b4,3182c040-9289-f011-b4cc-7c1e527cd923
b9095130-a039-f111-88b4-7c1e5215f4b4,0,,,,,No Impact,1,0,,,23883425,04d25798-3a42-ee11-bdf5-000d3a8fd327,84bc98c6-9f39-f111-88b4-7c1e5215f4b4,c29afc0a-9289-f011-b4cc-7c1e527d2157
1a3cc72f-a039-f111-88b4-000d3a8b49d9,0,,,,,No Impact,1,0,,,23883424,04d25798-3a42-ee11-bdf5-000d3a8fd327,84bc98c6-9f39-f111-88b4-7c1e5215f4b4,23511df6-9189-f011-b4cc-7c1e527d2157
e1af192f-a039-f111-88b4-0022481fc755,0,,,,,No Impact,1,0,,,23883423,04d25798-3a42-ee11-bdf5-000d3a8fd327,84bc98c6-9f39-f111-88b4-7c1e5215f4b4,c91de0e9-9189-f011-b4cc-7c1e527d2157
193cc72f-a039-f111-88b4-000d3a8b49d9,0,,,,,No Impact,1,0,,,23883422,04d25798-3a42-ee11-bdf5-000d3a8fd327,84bc98c6-9f39-f111-88b4-7c1e5215f4b4,31d4e7e3-9189-f011-b4cc-7c1e527d2157
b2095130-a039-f111-88b4-7c1e5215f4b4,0,,,,,No Impact,1,0,,,23883416,04d25798-3a42-ee11-bdf5-000d3a8fd327,84bc98c6-9f39-f111-88b4-7c1e5215f4b4,6e1c0e50-9289-f011-b4cc-002248271486
b1095130-a039-f111-88b4-7c1e5215f4b4,0,,,,,No Impact,1,0,,,23883414,04d25798-3a42-ee11-bdf5-000d3a8fd327,84bc98c6-9f39-f111-88b4-7c1e5215f4b4,09e36ed6-9189-f011-b4cc-002248271486
173cc72f-a039-f111-88b4-000d3a8b49d9,0,,,,,No Impact,1,0,,,23883413,04d25798-3a42-ee11-bdf5-000d3a8fd327,84bc98c6-9f39-f111-88b4-7c1e5215f4b4,fc7f63d0-9189-f011-b4cc-002248271486
aa1b040f-8532-f111-88b3-7c1e5247a2b3,5,Based on work that was completed during diagnostic phase.,Based on work that was completed during diagnostic phase.,,,Moderate Impact,1,0,,,23831137,04d25798-3a42-ee11-bdf5-000d3a8fd327,75974fe6-8432-f111-88b4-7c1e52146908,cba1c26b-9289-f011-b4cc-7c1e527d2157
c145070c-8532-f111-88b4-000d3a538d48,10,"QC maintenance cost reduction with vendors, QC equipment decomissioning, material spend reduction through negotiations with suppliers.",This estimate is bsaed on 3 TIP phases of 120 days each with full time support from 1 person and partial support from other functions.,,,High Impact,1,0,,,23831134,04d25798-3a42-ee11-bdf5-000d3a8fd327,75974fe6-8432-f111-88b4-7c1e52146908,a633db83-9289-f011-b4cc-7c1e527d2157
7df64e0c-8532-f111-88b4-7c1e52146c0e,1,"QC maintenance cost reduction with vendors, QC equipment decomissioning, material spend reduction through negotiations with suppliers.

Base business work will continue without interruption throughout project.","QC maintenance cost reduction with vendors, QC equipment decomissioning, material spend reduction through negotiations with suppliers.",,,Low Impact,1,0,,,23831125,04d25798-3a42-ee11-bdf5-000d3a8fd327,75974fe6-8432-f111-88b4-7c1e52146908,40a9de76-9289-f011-b4cc-7c1e527cd923
80f64e0c-8532-f111-88b4-7c1e52146c0e,10,"QC maintenance cost reduction with vendors, QC equipment decomissioning, material spend reduction through negotiations with suppliers.","QC maintenance cost reduction with vendors, QC equipment decomissioning, material spend reduction through negotiations with suppliers.",,,High Impact,1,0,,,23831123,04d25798-3a42-ee11-bdf5-000d3a8fd327,75974fe6-8432-f111-88b4-7c1e52146908,300edd89-9289-f011-b4cc-7c1e527d2157
7cf64e0c-8532-f111-88b4-7c1e52146c0e,5,This workstream is estimated to save approximately 1OY.,This is based on diagnostic work performed as part of QC boost transformation project.,,,Moderate Impact,1,0,,,23831121,04d25798-3a42-ee11-bdf5-000d3a8fd327,75974fe6-8432-f111-88b4-7c1e52146908,3182c040-9289-f011-b4cc-7c1e527cd923
a91b040f-8532-f111-88b3-7c1e5247a2b3,0,,,,,No Impact,1,0,,,23831117,04d25798-3a42-ee11-bdf5-000d3a8fd327,75974fe6-8432-f111-88b4-7c1e52146908,c29afc0a-9289-f011-b4cc-7c1e527d2157
a81b040f-8532-f111-88b3-7c1e5247a2b3,0,,,,,No Impact,1,0,,,23831116,04d25798-3a42-ee11-bdf5-000d3a8fd327,75974fe6-8432-f111-88b4-7c1e52146908,23511df6-9189-f011-b4cc-7c1e527d2157
ba91340c-8532-f111-88b4-6045bdd8cc50,0,,,,,No Impact,1,0,,,23831115,04d25798-3a42-ee11-bdf5-000d3a8fd327,75974fe6-8432-f111-88b4-7c1e52146908,c91de0e9-9189-f011-b4cc-7c1e527d2157
c045070c-8532-f111-88b4-000d3a538d48,0,,,,,No Impact,1,0,,,23831114,04d25798-3a42-ee11-bdf5-000d3a8fd327,75974fe6-8432-f111-88b4-7c1e52146908,31d4e7e3-9189-f011-b4cc-7c1e527d2157
be45070c-8532-f111-88b4-000d3a538d48,0,,,,,No Impact,1,0,,,23831112,04d25798-3a42-ee11-bdf5-000d3a8fd327,75974fe6-8432-f111-88b4-7c1e52146908,740adf46-9289-f011-b4cc-7c1e527cd923
7bf64e0c-8532-f111-88b4-7c1e52146c0e,0,,,,,No Impact,1,0,,,23831110,04d25798-3a42-ee11-bdf5-000d3a8fd327,75974fe6-8432-f111-88b4-7c1e52146908,124ef45c-9289-f011-b4cc-002248271486
7af64e0c-8532-f111-88b4-7c1e52146c0e,0,,,,,No Impact,1,0,,,23831108,04d25798-3a42-ee11-bdf5-000d3a8fd327,75974fe6-8432-f111-88b4-7c1e52146908,6e1c0e50-9289-f011-b4cc-002248271486
69a9bc08-8532-f111-88b3-7c1e5247a2b3,0,,,,,No Impact,1,0,,,23831107,04d25798-3a42-ee11-bdf5-000d3a8fd327,75974fe6-8432-f111-88b4-7c1e52146908,09e36ed6-9189-f011-b4cc-002248271486
64a9bc08-8532-f111-88b3-7c1e5247a2b3,0,,,,,No Impact,1,0,,,23831105,04d25798-3a42-ee11-bdf5-000d3a8fd327,75974fe6-8432-f111-88b4-7c1e52146908,fc7f63d0-9189-f011-b4cc-002248271486
380b8064-78d0-f011-bbd3-002248271486,10,"Range of changes with different levels of team knowledge and experience:
- Reduced RM Testing: known change method with extensive documentation requirements
- Reduced Activity Assays: unclear change requirements ranging from potential JDI to extended level 2 change control
- Testing Optimization: limited team experience, extensive improvement process with multiple critical sustainment actions",,,,High Impact,1,0,,,23819700,04d25798-3a42-ee11-bdf5-000d3a8fd327,915dfad9-e5ca-f011-bbd3-002248271486,cba1c26b-9289-f011-b4cc-7c1e527d2157
04a70063-78d0-f011-bbd3-7c1e5280488a,0,Unrelated to water usage reduction,,,,No Impact,1,0,,,23819698,04d25798-3a42-ee11-bdf5-000d3a8fd327,915dfad9-e5ca-f011-bbd3-002248271486,c91de0e9-9189-f011-b4cc-7c1e527d2157
74157c66-78d0-f011-bbd3-7c1e527d2157,0,Unrelated to landfill reduction,,,,No Impact,1,0,,,23819696,04d25798-3a42-ee11-bdf5-000d3a8fd327,915dfad9-e5ca-f011-bbd3-002248271486,31d4e7e3-9189-f011-b4cc-7c1e527d2157
ce605b63-78d0-f011-8543-000d3a8eda5b,0,Unrelated to carbon reduction,,,,No Impact,1,0,,,23819694,04d25798-3a42-ee11-bdf5-000d3a8fd327,915dfad9-e5ca-f011-bbd3-002248271486,09e36ed6-9189-f011-b4cc-002248271486
d0605b63-78d0-f011-8543-000d3a8eda5b,15,Site priority to reduce operating cost in QC operations and drive improved productivity,,,,Critical Impact,1,0,,,23819692,04d25798-3a42-ee11-bdf5-000d3a8fd327,915dfad9-e5ca-f011-bbd3-002248271486,124ef45c-9289-f011-b4cc-002248271486
330b8064-78d0-f011-bbd3-002248271486,0,Changes are not related to the Quality Risk Register,,,,No Impact,1,0,,,23819690,04d25798-3a42-ee11-bdf5-000d3a8fd327,915dfad9-e5ca-f011-bbd3-002248271486,23511df6-9189-f011-b4cc-7c1e527d2157
d6605b63-78d0-f011-8543-000d3a8eda5b,1,Minor daily delays possible due to video observations and potential activity assay handoff actions,,,,Low Impact,1,0,,,23819688,04d25798-3a42-ee11-bdf5-000d3a8fd327,915dfad9-e5ca-f011-bbd3-002248271486,40a9de76-9289-f011-b4cc-7c1e527cd923
d189d762-78d0-f011-bbd3-7c1e527cd923,0,This project does not target a process defect or failure scenario. This project improves productivity of the department,,,,No Impact,1,0,,,23819686,04d25798-3a42-ee11-bdf5-000d3a8fd327,915dfad9-e5ca-f011-bbd3-002248271486,c29afc0a-9289-f011-b4cc-7c1e527d2157
03a70063-78d0-f011-bbd3-7c1e5280488a,15,Productivity improvment targeting highest demand assays with defined standard times and improved performance will improve QC process capability.,,,,Critical Impact,1,0,,,23819684,04d25798-3a42-ee11-bdf5-000d3a8fd327,915dfad9-e5ca-f011-bbd3-002248271486,6e1c0e50-9289-f011-b4cc-002248271486
a1206161-78d0-f011-bbd3-6045bddb6d09,5,"~$211,000 in reduced CTL costs due to RM reduced testing program addtions.  This equates to ~0.31OY",,,,Moderate Impact,1,0,,,23819682,04d25798-3a42-ee11-bdf5-000d3a8fd327,915dfad9-e5ca-f011-bbd3-002248271486,740adf46-9289-f011-b4cc-7c1e527cd923
4d517565-78d0-f011-8543-6045bded595e,0,No changes add HSE risks. These changes optimize ways of work and leverage processes already in existence.,,,,No Impact,1,0,,,23819677,04d25798-3a42-ee11-bdf5-000d3a8fd327,915dfad9-e5ca-f011-bbd3-002248271486,fc7f63d0-9189-f011-b4cc-002248271486
77517565-78d0-f011-8543-6045bded595e,1,No costs expected,All improvements are within current systems. Optimizations will reduce costs,,,Low Impact,1,0,,,23819673,04d25798-3a42-ee11-bdf5-000d3a8fd327,915dfad9-e5ca-f011-bbd3-002248271486,300edd89-9289-f011-b4cc-7c1e527d2157
d2605b63-78d0-f011-8543-000d3a8eda5b,0,No immediate direct changes to equipment or processes that risk business continuity.  No changes are required for future processing.,,,,No Impact,1,0,,,23819671,04d25798-3a42-ee11-bdf5-000d3a8fd327,915dfad9-e5ca-f011-bbd3-002248271486,3182c040-9289-f011-b4cc-7c1e527cd923
74517565-78d0-f011-8543-6045bded595e,10,"Estimation based on current anticipated needs:

Testing Optimzation: ~17 weeks - 7 members (1500-2000 hrs)
Reduced RM Testing: ~12 weeks - 5 members (250-500 hrs)
Reduced Activity Assays: ~12 weeks - 5 members (250-500 hrs)",,,,High Impact,1,0,,,23786652,04d25798-3a42-ee11-bdf5-000d3a8fd327,915dfad9-e5ca-f011-bbd3-002248271486,a633db83-9289-f011-b4cc-7c1e527d2157
dd918484-a62e-f111-88b4-7c1e52146c0e,1,There are no Capex or Opex purchases to be made for this project.,,,,Low Impact,1,0,,,23773633,04d25798-3a42-ee11-bdf5-000d3a8fd327,08fbfb71-a62e-f111-88b4-7c1e52146908,300edd89-9289-f011-b4cc-7c1e527d2157
ab337ed9-a02e-f111-88b4-7c1e52146c0e,5,The different approaches to scheduling and work to simplify to a single workflow represents a medium complexity challenge.,Based on the number of labs and the need to harmonize scheduling where they have evolved to approach the task with different approaches.,,,Moderate Impact,1,0,,,23773496,04d25798-3a42-ee11-bdf5-000d3a8fd327,628acecc-a02e-f111-88b4-7c1e52146c0e,cba1c26b-9289-f011-b4cc-7c1e527d2157
a0337ed9-a02e-f111-88b4-7c1e52146c0e,0,Not applicable,N/A,,,No Impact,1,0,,,23773494,04d25798-3a42-ee11-bdf5-000d3a8fd327,628acecc-a02e-f111-88b4-7c1e52146c0e,31d4e7e3-9189-f011-b4cc-7c1e527d2157
1dc57bdc-a02e-f111-88b3-70a8a53ff435,0,Not applicable,N/A,,,No Impact,1,0,,,23773492,04d25798-3a42-ee11-bdf5-000d3a8fd327,628acecc-a02e-f111-88b4-7c1e52146c0e,c91de0e9-9189-f011-b4cc-7c1e527d2157
6ccc60d9-a02e-f111-88b4-6045bdd8cc50,0,Driver for this change is efficiency and FTE hours.,N/A,,,No Impact,1,0,,,23773490,04d25798-3a42-ee11-bdf5-000d3a8fd327,628acecc-a02e-f111-88b4-7c1e52146c0e,09e36ed6-9189-f011-b4cc-002248271486
06f356dd-a02e-f111-88b4-7c1e52146908,0,No related risk register item.,N/A,,,No Impact,1,0,,,23773331,04d25798-3a42-ee11-bdf5-000d3a8fd327,628acecc-a02e-f111-88b4-7c1e52146c0e,23511df6-9189-f011-b4cc-7c1e527d2157
9b337ed9-a02e-f111-88b4-7c1e52146c0e,10,The QC Boost is a site goal.,The effort is captured as a site goal.,,,High Impact,1,0,,,23773329,04d25798-3a42-ee11-bdf5-000d3a8fd327,628acecc-a02e-f111-88b4-7c1e52146c0e,124ef45c-9289-f011-b4cc-002248271486
60f30e83-a62e-f111-88b4-000d3a538d48,0,Not related to EHS risk register,,,,No Impact,1,0,,,23773215,04d25798-3a42-ee11-bdf5-000d3a8fd327,08fbfb71-a62e-f111-88b4-7c1e52146908,fc7f63d0-9189-f011-b4cc-002248271486
dc918484-a62e-f111-88b4-7c1e52146c0e,5,This project will create process maps for the 3 Lab Support processes. There are multiple SMEs who perform these tasks and support  from Business Excellence to identify and eliminate the waste is available. No existing process maps exist for these processes and therefore some technical challenges are expected. These are Medium complexity processes,,,,Moderate Impact,1,0,,,23773127,04d25798-3a42-ee11-bdf5-000d3a8fd327,08fbfb71-a62e-f111-88b4-7c1e52146908,cba1c26b-9289-f011-b4cc-7c1e527d2157
bae73c83-a62e-f111-88b3-7c1e5247a2b3,0,This project is not targetting a reduction in carbon,,,,No Impact,1,0,,,23773125,04d25798-3a42-ee11-bdf5-000d3a8fd327,08fbfb71-a62e-f111-88b4-7c1e52146908,09e36ed6-9189-f011-b4cc-002248271486
2149ce81-a62e-f111-88b4-6045bdd8cc50,0,This project is not targetting reduced water usage,,,,No Impact,1,0,,,23773123,04d25798-3a42-ee11-bdf5-000d3a8fd327,08fbfb71-a62e-f111-88b4-7c1e52146908,c91de0e9-9189-f011-b4cc-7c1e527d2157
64f30e83-a62e-f111-88b4-000d3a538d48,0,This project is not targetting waste diversoin from landfill,,,,No Impact,1,0,,,23773121,04d25798-3a42-ee11-bdf5-000d3a8fd327,08fbfb71-a62e-f111-88b4-7c1e52146908,31d4e7e3-9189-f011-b4cc-7c1e527d2157
0156c884-a62e-f111-88b4-7c1e52146908,5,This project is part of the QC Boost which has measurable impact on the site's strategy,,,,Moderate Impact,1,0,,,23773119,04d25798-3a42-ee11-bdf5-000d3a8fd327,08fbfb71-a62e-f111-88b4-7c1e52146908,124ef45c-9289-f011-b4cc-002248271486
2349ce81-a62e-f111-88b4-6045bdd8cc50,0,This project does not address any quality risk register items,,,,No Impact,1,0,,,23773115,04d25798-3a42-ee11-bdf5-000d3a8fd327,08fbfb71-a62e-f111-88b4-7c1e52146908,23511df6-9189-f011-b4cc-7c1e527d2157
67f30e83-a62e-f111-88b4-000d3a538d48,5,"This project will require

Workstream lead: 32 hours/wk for 16 weeks
Business Excellence support: 16 hours/wk for 16 weeks
Additional Team members: 4 hours/wk for 16 weeks
Lab supervisors and analysts: 2 hours/wk for 6 weeks",,,,Moderate Impact,1,0,,,23773113,04d25798-3a42-ee11-bdf5-000d3a8fd327,08fbfb71-a62e-f111-88b4-7c1e52146908,a633db83-9289-f011-b4cc-7c1e527d2157
c4e73c83-a62e-f111-88b3-7c1e5247a2b3,1,This project scope is QC lab support processes and does not impact production schedules,,,,Low Impact,1,0,,,23773111,04d25798-3a42-ee11-bdf5-000d3a8fd327,08fbfb71-a62e-f111-88b4-7c1e52146908,40a9de76-9289-f011-b4cc-7c1e527cd923
66f30e83-a62e-f111-88b4-000d3a538d48,0,This project does not pose any risk to production as the scope is limited to QC lab support operations,,,,No Impact,1,0,,,23773106,04d25798-3a42-ee11-bdf5-000d3a8fd327,08fbfb71-a62e-f111-88b4-7c1e52146908,c29afc0a-9289-f011-b4cc-7c1e527d2157
d6918484-a62e-f111-88b4-7c1e52146c0e,5,This project will identify areas of waste and increase the time it takes to complete lab support processes,,,,Moderate Impact,1,0,,,23773104,04d25798-3a42-ee11-bdf5-000d3a8fd327,08fbfb71-a62e-f111-88b4-7c1e52146908,6e1c0e50-9289-f011-b4cc-002248271486
1e49ce81-a62e-f111-88b4-6045bdd8cc50,1,The outcome of this effort will identify areas of waste and determine the financial benefits to be realized in a future phase of the QC Boost,,,,Low Impact,1,0,,,23773098,04d25798-3a42-ee11-bdf5-000d3a8fd327,08fbfb71-a62e-f111-88b4-7c1e52146908,740adf46-9289-f011-b4cc-7c1e527cd923
bfe73c83-a62e-f111-88b3-7c1e5247a2b3,5,This project is part of the QC Boost which is a critical site objective.,,,,Moderate Impact,1,0,,,23773094,04d25798-3a42-ee11-bdf5-000d3a8fd327,08fbfb71-a62e-f111-88b4-7c1e52146908,3182c040-9289-f011-b4cc-7c1e527cd923
ac337ed9-a02e-f111-88b4-7c1e52146c0e,5,960 hours.,"There are two co-leads.  One is dedicated ~90% and one is dedicated ~30%.  From April to end of July this is ~800 hours over the 4 month period.  In addition to time from these resources feedback is required from QC schedulers, QC managers, Boost co-leads, and system admins to ensure SME feedback is incorporated.  This will require a an additional ~160 hours with 10 hours across functions assumed for input per week.",,,Moderate Impact,1,0,,,23773057,04d25798-3a42-ee11-bdf5-000d3a8fd327,628acecc-a02e-f111-88b4-7c1e52146c0e,a633db83-9289-f011-b4cc-7c1e527d2157
03f356dd-a02e-f111-88b4-7c1e52146908,1,C - No impact to production schedules.  These changes require input from the Manufacturing schedule for projection purpsoes but do not negatively impact the manufacturing schedule.  There will be no impact to annual batches delivered as the decision process for sample prioritization will incoproate BOTD.,There is no down-time required to impelemnt the changes internal to QC scheduling.,,,Low Impact,1,0,,,23773021,04d25798-3a42-ee11-bdf5-000d3a8fd327,628acecc-a02e-f111-88b4-7c1e52146c0e,40a9de76-9289-f011-b4cc-7c1e527cd923
b09ce4da-a02e-f111-88b3-7c1e5247a2b3,0,QC testing is required to support production and timely release of product.  Implementing optimized QC scheduling will result in cost savings by reducing the number of times assays are run and ultimately reducing the support staff reequired to manage schduling.  This does not impact the manufacturing production yield however.   As part of the complete scheudling soltuion this should help ensure that cycle times for lot release are mantained or improved as must start dates for samples related to product batches will be standardized and enforced ultimately through an automated scheduling tool that is a later phase.,There is no quantification as this is to enable reduction in work within QC for scheduling and running assays.,,,No Impact,1,0,,,23773019,04d25798-3a42-ee11-bdf5-000d3a8fd327,628acecc-a02e-f111-88b4-7c1e52146c0e,6e1c0e50-9289-f011-b4cc-002248271486
ea5877de-a02e-f111-88b4-000d3a538d48,0,C.  Currently scheduling is permanently managed across multiple QC departmental resources for a combined 2 FTE.  This is an inconsitent process resulting in loss of efficiency and increased cost but scheduling of assays does occur.,No calculation required for this question.,,,No Impact,1,0,,,23773011,04d25798-3a42-ee11-bdf5-000d3a8fd327,628acecc-a02e-f111-88b4-7c1e52146c0e,c29afc0a-9289-f011-b4cc-7c1e527d2157
9f337ed9-a02e-f111-88b4-7c1e52146c0e,1,"An hourly savings of 4,950 hours.","This was provided in the initial assessment.  This is the result of an 11% improvement in batch optimization across 50,000 testing hours with a 90% confidence interval applies.",,,Low Impact,1,0,,,23772986,04d25798-3a42-ee11-bdf5-000d3a8fd327,628acecc-a02e-f111-88b4-7c1e52146c0e,740adf46-9289-f011-b4cc-7c1e527cd923
69cc60d9-a02e-f111-88b4-6045bdd8cc50,0,This is not related to the EHS Risk Register.,This is not related to the EHS Risk Register.,,,No Impact,1,0,,,23772893,04d25798-3a42-ee11-bdf5-000d3a8fd327,628acecc-a02e-f111-88b4-7c1e52146c0e,fc7f63d0-9189-f011-b4cc-002248271486
ad337ed9-a02e-f111-88b4-7c1e52146c0e,1,"The cost to deploy the digital solution is not part of this Tip.  ""None' as a cost is not an available option that allows this screen to proceed.",Resources are FTE.,,,Low Impact,1,0,,,23772890,04d25798-3a42-ee11-bdf5-000d3a8fd327,628acecc-a02e-f111-88b4-7c1e52146c0e,300edd89-9289-f011-b4cc-7c1e527d2157
e75877de-a02e-f111-88b4-000d3a538d48,1,"Tip 1 will enable future digitization by identifying data requirements and working to resolve ahead of the digital solution.  Phase 1 will also result in an hourly saving of 4,950 hours based on optimal batching.","This is a result of moving from 64% optimal batching to 75%.  Total testing time was calculated as 50,000 hours.  The 11% improvement with a 90% proboability of success score results in 4,950 hours.",,,Low Impact,1,0,,,23772887,04d25798-3a42-ee11-bdf5-000d3a8fd327,628acecc-a02e-f111-88b4-7c1e52146c0e,3182c040-9289-f011-b4cc-7c1e527cd923
cb941e70-9224-f111-8341-7c1e52146c0e,1,"Based on feedback from Sartorius, the act of performing the upgrade is a 3 hour exercise per unit, and well understood by their support team who will be executing the exercise. 

MBO site has experience in changes to the Sartorius Sartocheck 5 units (configuration changes, upgrades, etc). Will require phased based approach to implement, with likely more detailed testing for one unit to ensure functionality is retained.",,,,Low Impact,1,0,,,23772858,04d25798-3a42-ee11-bdf5-000d3a8fd327,07291f66-9224-f111-8341-6045bdd8cc50,cba1c26b-9289-f011-b4cc-7c1e527d2157
11b1b16d-9224-f111-8341-6045bdd8cc50,0,No Carbon Reduction benefits.,,,,No Impact,1,0,,,23772856,04d25798-3a42-ee11-bdf5-000d3a8fd327,07291f66-9224-f111-8341-6045bdd8cc50,09e36ed6-9189-f011-b4cc-002248271486
bdac3871-9224-f111-8341-000d3a538d48,0,No project Water Usage Reduction benefits.,,,,No Impact,1,0,,,23772854,04d25798-3a42-ee11-bdf5-000d3a8fd327,07291f66-9224-f111-8341-6045bdd8cc50,c91de0e9-9189-f011-b4cc-7c1e527d2157
b4ac3871-9224-f111-8341-000d3a538d48,0,No expected Waste to Landfill reduction benefits. Will maintain functionality of the pre-existing Sartocheck units.,,,,No Impact,1,0,,,23772852,04d25798-3a42-ee11-bdf5-000d3a8fd327,07291f66-9224-f111-8341-6045bdd8cc50,31d4e7e3-9189-f011-b4cc-7c1e527d2157
a1ac3871-9224-f111-8341-000d3a538d48,1,"Effort is not a roadmap item, it was identified in SNC Trackwise PR 5772143.",,,,Low Impact,1,0,,,23772850,04d25798-3a42-ee11-bdf5-000d3a8fd327,07291f66-9224-f111-8341-6045bdd8cc50,124ef45c-9289-f011-b4cc-002248271486
bfac3871-9224-f111-8341-000d3a538d48,0,Effort does not relate to a Quality Risk Register item.,,,,No Impact,1,0,,,23772840,04d25798-3a42-ee11-bdf5-000d3a8fd327,07291f66-9224-f111-8341-6045bdd8cc50,23511df6-9189-f011-b4cc-7c1e527d2157
5119aa73-9224-f111-8341-6045bdd8cc50,5,"The vendor has indicated approximately 3 hours per unit. The intent would be to perform these activities outside of the MFG suite. An estimated 300–2,000 labor hours accounts for the need for an escort during upgrade activities for all 25 units, as well as the time required for cross-functional work between Process Engineering, Validation, and QA Validation to qualify the units. This also includes updates to internal Takeda FIT documentation, along with the generation, execution, and approval of applicable protocols.",,,,Moderate Impact,1,0,,,23772838,04d25798-3a42-ee11-bdf5-000d3a8fd327,07291f66-9224-f111-8341-6045bdd8cc50,a633db83-9289-f011-b4cc-7c1e527d2157
afac3871-9224-f111-8341-000d3a538d48,1,"No impact to production schedule. Implementation of the project will likely take a phase based approach with one unit having rigorous testing after the software upgrade to ensure no functional impact, and if successful, other units will follow suit. 

With a phase based approach to the software upgrades, it ensures the MFG teams of ABP and LEX have available qualified units to perform their day to day responsibilities.",,,,Low Impact,1,0,,,23772836,04d25798-3a42-ee11-bdf5-000d3a8fd327,07291f66-9224-f111-8341-6045bdd8cc50,40a9de76-9289-f011-b4cc-7c1e527cd923
5019aa73-9224-f111-8341-6045bdd8cc50,0,"Failure has not yet occurred, given the need to perform upgrades has not yet passed. The only available mitigation to ensure our Sartocheck Sartorius FITs remain supported is by performing the system upgrade. If upgrades are not performed, and 31Dec26 dated passes, we lose the ability for the vendor to support corrective maintenance of the units and we have the potential to reduce or lose redundancy of the equipment to perform filter integrity tests.",,,,No Impact,1,0,,,23772834,04d25798-3a42-ee11-bdf5-000d3a8fd327,07291f66-9224-f111-8341-6045bdd8cc50,c29afc0a-9289-f011-b4cc-7c1e527d2157
9fac3871-9224-f111-8341-000d3a538d48,5,Upgrades will ensure redundancy and availability of the Sartorius Sartocheck FIT fleet to both the ABP and LEX production sites.,,,,Moderate Impact,1,0,,,23772829,04d25798-3a42-ee11-bdf5-000d3a8fd327,07291f66-9224-f111-8341-6045bdd8cc50,6e1c0e50-9289-f011-b4cc-002248271486
4f19aa73-9224-f111-8341-6045bdd8cc50,1,Upgrades to the Sartorius Sartocheck FIT units will promote longevity of the pre-existing units and allow them to remain supported by the vendor for corrective maintenance.,,,,Low Impact,1,0,,,23772827,04d25798-3a42-ee11-bdf5-000d3a8fd327,07291f66-9224-f111-8341-6045bdd8cc50,740adf46-9289-f011-b4cc-7c1e527cd923
10b1b16d-9224-f111-8341-6045bdd8cc50,0,Effort is not on EHS Risk Register.,,,,No Impact,1,0,,,23772368,04d25798-3a42-ee11-bdf5-000d3a8fd327,07291f66-9224-f111-8341-6045bdd8cc50,fc7f63d0-9189-f011-b4cc-002248271486
4e19aa73-9224-f111-8341-6045bdd8cc50,5,"There is redundancy of the FIT units in both the ABP and LEX facilities (25 units across the two sites). However, only two units are slated and configured to support Central Operations that utilize the MES system. Given the change notice from Sartorius, vendor support will be unavailable if a unit fails and cannot be remediated in-house.

As such, while there is potential to utilize other available redundant units, if the number of available units were to dwindle to a few, production impact would be expected.",,,,Moderate Impact,1,0,,,23772366,04d25798-3a42-ee11-bdf5-000d3a8fd327,07291f66-9224-f111-8341-6045bdd8cc50,3182c040-9289-f011-b4cc-7c1e527cd923
f19f0034-fb2d-f111-88b3-7c1e5247a2b3,1,Colaboration with QC Team and GOE. Use of Fabriq system.,,,,Low Impact,1,0,,,23755587,04d25798-3a42-ee11-bdf5-000d3a8fd327,2625111f-fb2d-f111-88b4-7c1e52146695,cba1c26b-9289-f011-b4cc-7c1e527d2157
f29f0034-fb2d-f111-88b3-7c1e5247a2b3,5,"Who:                    Hours Per Week              Total Weeks
Tyler Zbinden               20                                              12           
Paulina                           3                                                8
Kurt                                3                                               8
Dave                               3                                               8
Randy                             3                                               8
Ben Fask                          4                                               8
Melissa Diep                   4                                               8
John Sullivan                   4                                               8               
Connor McNamara          3                                              4        
Nitin Das                         15                                             12",,,,Moderate Impact,1,0,,,23755577,04d25798-3a42-ee11-bdf5-000d3a8fd327,2625111f-fb2d-f111-88b4-7c1e52146695,a633db83-9289-f011-b4cc-7c1e527d2157
77060d37-fb2d-f111-88b4-000d3a538d48,1,No impact to production schedules or annual batches,,,,Low Impact,1,0,,,23755574,04d25798-3a42-ee11-bdf5-000d3a8fd327,2625111f-fb2d-f111-88b4-7c1e52146695,40a9de76-9289-f011-b4cc-7c1e527cd923
6bfc8637-fb2d-f111-88b4-7c1e52146695,1,Meeting time reduction of ~6287 FTE hours Via OPE analysis as part of the QC Booster process.,,,,Low Impact,1,0,,,23755572,04d25798-3a42-ee11-bdf5-000d3a8fd327,2625111f-fb2d-f111-88b4-7c1e52146695,300edd89-9289-f011-b4cc-7c1e527d2157
ce08df34-fb2d-f111-88b3-0022481cf7c4,0,,,,,No Impact,1,0,,,23755565,04d25798-3a42-ee11-bdf5-000d3a8fd327,2625111f-fb2d-f111-88b4-7c1e52146695,c29afc0a-9289-f011-b4cc-7c1e527d2157
2d93e836-fb2d-f111-88b4-6045bda6c590,0,,,,,No Impact,1,0,,,23755564,04d25798-3a42-ee11-bdf5-000d3a8fd327,2625111f-fb2d-f111-88b4-7c1e52146695,23511df6-9189-f011-b4cc-7c1e527d2157
317e7536-fb2d-f111-88b4-7c1e52146c0e,0,,,,,No Impact,1,0,,,23755563,04d25798-3a42-ee11-bdf5-000d3a8fd327,2625111f-fb2d-f111-88b4-7c1e52146695,c91de0e9-9189-f011-b4cc-7c1e527d2157
2a93e836-fb2d-f111-88b4-6045bda6c590,0,,,,,No Impact,1,0,,,23755561,04d25798-3a42-ee11-bdf5-000d3a8fd327,2625111f-fb2d-f111-88b4-7c1e52146695,31d4e7e3-9189-f011-b4cc-7c1e527d2157
307e7536-fb2d-f111-88b4-7c1e52146c0e,0,,,,,No Impact,1,0,,,23755559,04d25798-3a42-ee11-bdf5-000d3a8fd327,2625111f-fb2d-f111-88b4-7c1e52146695,740adf46-9289-f011-b4cc-7c1e527cd923
dcbd0f31-fb2d-f111-88b4-000d3a538d48,0,,,,,No Impact,1,0,,,23755557,04d25798-3a42-ee11-bdf5-000d3a8fd327,2625111f-fb2d-f111-88b4-7c1e52146695,3182c040-9289-f011-b4cc-7c1e527cd923
2f7e7536-fb2d-f111-88b4-7c1e52146c0e,0,,,,,No Impact,1,0,,,23755556,04d25798-3a42-ee11-bdf5-000d3a8fd327,2625111f-fb2d-f111-88b4-7c1e52146695,124ef45c-9289-f011-b4cc-002248271486
2e7e7536-fb2d-f111-88b4-7c1e52146c0e,0,,,,,No Impact,1,0,,,23755554,04d25798-3a42-ee11-bdf5-000d3a8fd327,2625111f-fb2d-f111-88b4-7c1e52146695,6e1c0e50-9289-f011-b4cc-002248271486
d2e65d32-fb2d-f111-88b4-6045bdd8cc50,0,,,,,No Impact,1,0,,,23755553,04d25798-3a42-ee11-bdf5-000d3a8fd327,2625111f-fb2d-f111-88b4-7c1e52146695,09e36ed6-9189-f011-b4cc-002248271486
249e6634-fb2d-f111-88b4-7c1e52146908,0,,,,,No Impact,1,0,,,23755552,04d25798-3a42-ee11-bdf5-000d3a8fd327,2625111f-fb2d-f111-88b4-7c1e52146695,fc7f63d0-9189-f011-b4cc-002248271486
d1ac3871-9224-f111-8341-000d3a538d48,1,"The estimated cost for this project is < $50,000, which is solely the cost of the upgrades for the Sartocheck units at both the ABP and LEX sites. There is a total of 25 units between the sites and a $1,850 cost for each upgrade. This is approximately < 0.1 OkuYen.",,,,Low Impact,1,0,,,23752055,04d25798-3a42-ee11-bdf5-000d3a8fd327,07291f66-9224-f111-8341-6045bdd8cc50,300edd89-9289-f011-b4cc-7c1e527d2157
c6580a30-bd26-f111-8341-6045bdd8cc50,1,No impact to Bioreactors Room 1246 manufacturing operation. There will be a minor interruption (less than a day) to Pre-Viral Pur 1 Room 1511 due to the installation of a new safety anchor on the ceiling but the work will be coordinated with manufacturing to mininize the downtime.,,,,Low Impact,1,0,,,23659319,04d25798-3a42-ee11-bdf5-000d3a8fd327,aad5052a-bd26-f111-8341-6045bdd8cc50,40a9de76-9289-f011-b4cc-7c1e527cd923
f9b3ae33-bd26-f111-8341-7c1e52146c0e,1,The solution is known and accepted by sponsor and EHS representative,,,,Low Impact,1,0,,,23659317,04d25798-3a42-ee11-bdf5-000d3a8fd327,aad5052a-bd26-f111-8341-6045bdd8cc50,cba1c26b-9289-f011-b4cc-7c1e527d2157
f6b3ae33-bd26-f111-8341-7c1e52146c0e,0,N/A,,,,No Impact,1,0,,,23659311,04d25798-3a42-ee11-bdf5-000d3a8fd327,aad5052a-bd26-f111-8341-6045bdd8cc50,09e36ed6-9189-f011-b4cc-002248271486
101f8434-bd26-f111-8341-000d3a538d48,0,N/A,,,,No Impact,1,0,,,23659309,04d25798-3a42-ee11-bdf5-000d3a8fd327,aad5052a-bd26-f111-8341-6045bdd8cc50,c91de0e9-9189-f011-b4cc-7c1e527d2157
0f1f8434-bd26-f111-8341-000d3a538d48,0,N/A,,,,No Impact,1,0,,,23659307,04d25798-3a42-ee11-bdf5-000d3a8fd327,aad5052a-bd26-f111-8341-6045bdd8cc50,31d4e7e3-9189-f011-b4cc-7c1e527d2157
0c1f8434-bd26-f111-8341-000d3a538d48,0,N/A,,,,No Impact,1,0,,,23659305,04d25798-3a42-ee11-bdf5-000d3a8fd327,aad5052a-bd26-f111-8341-6045bdd8cc50,124ef45c-9289-f011-b4cc-002248271486
f7b3ae33-bd26-f111-8341-7c1e52146c0e,0,N/A,,,,No Impact,1,0,,,23659303,04d25798-3a42-ee11-bdf5-000d3a8fd327,aad5052a-bd26-f111-8341-6045bdd8cc50,23511df6-9189-f011-b4cc-7c1e527d2157
fcb3ae33-bd26-f111-8341-7c1e52146c0e,1,Contractor will supply labors and materials to complete the installation.,,,,Low Impact,1,0,,,23659301,04d25798-3a42-ee11-bdf5-000d3a8fd327,aad5052a-bd26-f111-8341-6045bdd8cc50,a633db83-9289-f011-b4cc-7c1e527d2157
f8b3ae33-bd26-f111-8341-7c1e52146c0e,0,N/A,,,,No Impact,1,0,,,23659299,04d25798-3a42-ee11-bdf5-000d3a8fd327,aad5052a-bd26-f111-8341-6045bdd8cc50,c29afc0a-9289-f011-b4cc-7c1e527d2157
0b1f8434-bd26-f111-8341-000d3a538d48,0,N/A,,,,No Impact,1,0,,,23659295,04d25798-3a42-ee11-bdf5-000d3a8fd327,aad5052a-bd26-f111-8341-6045bdd8cc50,6e1c0e50-9289-f011-b4cc-002248271486
0e1f8434-bd26-f111-8341-000d3a538d48,0,N/A,,,,No Impact,1,0,,,23659293,04d25798-3a42-ee11-bdf5-000d3a8fd327,aad5052a-bd26-f111-8341-6045bdd8cc50,740adf46-9289-f011-b4cc-7c1e527cd923
c3580a30-bd26-f111-8341-6045bdd8cc50,1,The project provide engineering control to mitigate the work at height risk for workers when acccessing HEPA at the identified locations.,,,,Low Impact,1,0,,,23659291,04d25798-3a42-ee11-bdf5-000d3a8fd327,aad5052a-bd26-f111-8341-6045bdd8cc50,fc7f63d0-9189-f011-b4cc-002248271486
ca580a30-bd26-f111-8341-6045bdd8cc50,1,"The estimated contractor cost is $54,750 USD.",,,,Low Impact,1,0,,,23659286,04d25798-3a42-ee11-bdf5-000d3a8fd327,aad5052a-bd26-f111-8341-6045bdd8cc50,300edd89-9289-f011-b4cc-7c1e527d2157
0d1f8434-bd26-f111-8341-000d3a538d48,0,,,,,No Impact,1,0,,,23659274,04d25798-3a42-ee11-bdf5-000d3a8fd327,aad5052a-bd26-f111-8341-6045bdd8cc50,3182c040-9289-f011-b4cc-7c1e527cd923
2b7c13e0-0323-f111-8341-000d3a538d48,0,,,,,No Impact,1,0,,,23614683,04d25798-3a42-ee11-bdf5-000d3a8fd327,1ea81741-0023-f111-8342-7c1e52146908,300edd89-9289-f011-b4cc-7c1e527d2157
b77133df-0323-f111-8341-7c1e52146c0e,0,,,,,No Impact,1,0,,,23614682,04d25798-3a42-ee11-bdf5-000d3a8fd327,1ea81741-0023-f111-8342-7c1e52146908,a633db83-9289-f011-b4cc-7c1e527d2157
35cabddc-0323-f111-8342-7c1e52146908,0,,,,,No Impact,1,0,,,23614681,04d25798-3a42-ee11-bdf5-000d3a8fd327,1ea81741-0023-f111-8342-7c1e52146908,cba1c26b-9289-f011-b4cc-7c1e527d2157
e9c047de-0323-f111-8341-7c1e5247a2b3,0,,,,,No Impact,1,0,,,23614680,04d25798-3a42-ee11-bdf5-000d3a8fd327,1ea81741-0023-f111-8342-7c1e52146908,c29afc0a-9289-f011-b4cc-7c1e527d2157
e8c047de-0323-f111-8341-7c1e5247a2b3,0,,,,,No Impact,1,0,,,23614678,04d25798-3a42-ee11-bdf5-000d3a8fd327,1ea81741-0023-f111-8342-7c1e52146908,23511df6-9189-f011-b4cc-7c1e527d2157
78f653da-0323-f111-8341-6045bdd8cc50,0,,,,,No Impact,1,0,,,23614676,04d25798-3a42-ee11-bdf5-000d3a8fd327,1ea81741-0023-f111-8342-7c1e52146908,c91de0e9-9189-f011-b4cc-7c1e527d2157
b67133df-0323-f111-8341-7c1e52146c0e,0,,,,,No Impact,1,0,,,23614675,04d25798-3a42-ee11-bdf5-000d3a8fd327,1ea81741-0023-f111-8342-7c1e52146908,31d4e7e3-9189-f011-b4cc-7c1e527d2157
b57133df-0323-f111-8341-7c1e52146c0e,0,,,,,No Impact,1,0,,,23614674,04d25798-3a42-ee11-bdf5-000d3a8fd327,1ea81741-0023-f111-8342-7c1e52146908,40a9de76-9289-f011-b4cc-7c1e527cd923
b27133df-0323-f111-8341-7c1e52146c0e,0,,,,,No Impact,1,0,,,23614671,04d25798-3a42-ee11-bdf5-000d3a8fd327,1ea81741-0023-f111-8342-7c1e52146908,124ef45c-9289-f011-b4cc-002248271486
af7133df-0323-f111-8341-7c1e52146c0e,0,,,,,No Impact,1,0,,,23614669,04d25798-3a42-ee11-bdf5-000d3a8fd327,1ea81741-0023-f111-8342-7c1e52146908,09e36ed6-9189-f011-b4cc-002248271486
fda701d0-0323-f111-8342-7c1e52146908,0,,,,,No Impact,1,0,,,23614642,04d25798-3a42-ee11-bdf5-000d3a8fd327,11e64f6a-0323-f111-8341-7c1e52146c0e,300edd89-9289-f011-b4cc-7c1e527d2157
fca701d0-0323-f111-8342-7c1e52146908,0,,,,,No Impact,1,0,,,23614640,04d25798-3a42-ee11-bdf5-000d3a8fd327,11e64f6a-0323-f111-8341-7c1e52146c0e,cba1c26b-9289-f011-b4cc-7c1e527d2157
faa701d0-0323-f111-8342-7c1e52146908,0,,,,,No Impact,1,0,,,23614638,04d25798-3a42-ee11-bdf5-000d3a8fd327,11e64f6a-0323-f111-8341-7c1e52146c0e,23511df6-9189-f011-b4cc-7c1e527d2157
e0a176cd-0323-f111-8341-000d3a538d48,0,,,,,No Impact,1,0,,,23614637,04d25798-3a42-ee11-bdf5-000d3a8fd327,11e64f6a-0323-f111-8341-7c1e52146c0e,c91de0e9-9189-f011-b4cc-7c1e527d2157
7864a0d2-0323-f111-8341-7c1e52146c0e,0,,,,,No Impact,1,0,,,23614636,04d25798-3a42-ee11-bdf5-000d3a8fd327,11e64f6a-0323-f111-8341-7c1e52146c0e,31d4e7e3-9189-f011-b4cc-7c1e527d2157
34cf2bd2-0323-f111-8341-7c1e5247a2b3,0,,,,,No Impact,1,0,,,23614630,04d25798-3a42-ee11-bdf5-000d3a8fd327,11e64f6a-0323-f111-8341-7c1e52146c0e,124ef45c-9289-f011-b4cc-002248271486
dfa176cd-0323-f111-8341-000d3a538d48,0,,,,,No Impact,1,0,,,23614627,04d25798-3a42-ee11-bdf5-000d3a8fd327,11e64f6a-0323-f111-8341-7c1e52146c0e,09e36ed6-9189-f011-b4cc-002248271486
9e3744e7-0d1f-f111-8342-7c1e52146908,0,,,,,No Impact,1,0,,,23572321,04d25798-3a42-ee11-bdf5-000d3a8fd327,9a9db714-0c1f-f111-8341-7c1e52146c0e,40a9de76-9289-f011-b4cc-7c1e527cd923
dbce79d1-2417-f111-8341-6045bdd8cc50,1,Typical spend for this type of project,,,,Low Impact,1,0,,,23306355,04d25798-3a42-ee11-bdf5-000d3a8fd327,9f20e6c7-4d13-f111-8406-7c1e52146908,300edd89-9289-f011-b4cc-7c1e527d2157
ae57a2e7-cd0d-f111-8406-6045bdd8cc50,1,Simple project,,,,Low Impact,1,0,,,23245199,04d25798-3a42-ee11-bdf5-000d3a8fd327,042e43de-cd0d-f111-8406-000d3a538d48,cba1c26b-9289-f011-b4cc-7c1e527d2157
56f934ed-cd0d-f111-8406-7c1e5247a2b3,1,"Cost of labor to 
- Level 1 Change Control
- add pressure reducers into Maximo;
- Install pressure reducers
- Update P&IDs
- Excecure commissioning",,,,Low Impact,1,0,,,23245197,04d25798-3a42-ee11-bdf5-000d3a8fd327,042e43de-cd0d-f111-8406-000d3a538d48,a633db83-9289-f011-b4cc-7c1e527d2157
ad57a2e7-cd0d-f111-8406-6045bdd8cc50,1,Centrifuge improvements will be scheduled when equipment is not in operation,,,,Low Impact,1,0,,,23245195,04d25798-3a42-ee11-bdf5-000d3a8fd327,042e43de-cd0d-f111-8406-000d3a538d48,40a9de76-9289-f011-b4cc-7c1e527cd923
ac57a2e7-cd0d-f111-8406-6045bdd8cc50,0,Centrifuges currently perform as indended,,,,No Impact,1,0,,,23245193,04d25798-3a42-ee11-bdf5-000d3a8fd327,042e43de-cd0d-f111-8406-000d3a538d48,fc7f63d0-9189-f011-b4cc-002248271486
4b0db5ed-cd0d-f111-8406-6045bdd8cc50,1,Small line item capital project,"Cost of parts: pressure reducer and associated fiitngs is $300 per centrifuge x 7 centrifuges = $2,100
Cost of labor to 
- Level 1 Change Control
- add pressure reducers into Maximo;
- Install pressure reducers
- Update P&IDs
- Excecure commissioning",,,Low Impact,1,0,,,23245191,04d25798-3a42-ee11-bdf5-000d3a8fd327,042e43de-cd0d-f111-8406-000d3a538d48,300edd89-9289-f011-b4cc-7c1e527d2157
1d309cec-cd0d-f111-8406-7c1e52146c0e,1,This Project will reduce the potential of centrifuge valves not opening fully during operation.,,,,Low Impact,1,0,,,23244912,04d25798-3a42-ee11-bdf5-000d3a8fd327,042e43de-cd0d-f111-8406-000d3a538d48,3182c040-9289-f011-b4cc-7c1e527cd923
229b09ac-c518-f111-8341-7c1e52146c0e,1,"No incremental cost is anticipated for this project. 

It aims to standardize a risk-based leak response that consistently captures the necessary data, triggers appropriate escalation and NCMR use, supports meaningful trending, and translates leak events into timely, effective RCAs and CAPAs—reducing recurrence risk and strengthening sterile assurance decision-making. Most of the effort will be dedicated to significant documentation updates and revisions.",,,,Low Impact,1,0,,,23244905,04d25798-3a42-ee11-bdf5-000d3a8fd327,e1e7a199-c518-f111-8341-7c1e52146c0e,300edd89-9289-f011-b4cc-7c1e527d2157
3f2963aa-c518-f111-8341-6045bdd8cc50,1,"The project aims to standardize a risk-based leak response that consistently captures the necessary data, triggers appropriate escalation and NCMR use, supports meaningful trending, and translates leak events into timely, effective RCAs and CAPAs—reducing recurrence risk and strengthening sterile assurance decision-making. Most of the effort will be dedicated to significant documentation updates and revisions.

This does not impact the production schedule, no slowdown is required, and there is no impact to the annual batches delivered.",,,,Low Impact,1,0,,,23244903,04d25798-3a42-ee11-bdf5-000d3a8fd327,e1e7a199-c518-f111-8341-7c1e52146c0e,40a9de76-9289-f011-b4cc-7c1e527cd923
219b09ac-c518-f111-8341-7c1e52146c0e,1,"Estimated Level of Effort: < 300 hours

The project aims to standardize a risk-based leak response that consistently captures the necessary data, triggers appropriate escalation and NCMR use, supports meaningful trending, and translates leak events into timely, effective RCAs and CAPAs—reducing recurrence risk and strengthening sterile assurance decision-making. Most of the effort will be dedicated to significant documentation updates and revisions.

This will require review of process/ documentation current states from various stakeholders and significant changes to the order-of-execution in operations when responding/ archiving leak events.",,,,Low Impact,1,0,,,23244901,04d25798-3a42-ee11-bdf5-000d3a8fd327,e1e7a199-c518-f111-8341-7c1e52146c0e,a633db83-9289-f011-b4cc-7c1e527d2157
75ec9aaa-c518-f111-8341-000d3a538d48,5,"The project aims to standardize a risk-based leak response that consistently captures the necessary data, triggers appropriate escalation and NCMR use, supports meaningful trending, and translates leak events into timely, effective RCAs and CAPAs—reducing recurrence risk and strengthening sterile assurance decision-making. Most of the effort will be dedicated to significant documentation updates and revisions.

This will require review of process/ documentation current states from various stakeholders and significant changes to the order-of-execution in operations when responding/ archiving leak events.",,,,Moderate Impact,1,0,,,23244899,04d25798-3a42-ee11-bdf5-000d3a8fd327,e1e7a199-c518-f111-8341-7c1e52146c0e,cba1c26b-9289-f011-b4cc-7c1e527d2157
1f9b09ac-c518-f111-8341-7c1e52146c0e,0,,,,,No Impact,1,0,,,23244890,04d25798-3a42-ee11-bdf5-000d3a8fd327,e1e7a199-c518-f111-8341-7c1e52146c0e,c29afc0a-9289-f011-b4cc-7c1e527d2157
402963aa-c518-f111-8341-6045bdd8cc50,0,,,,,No Impact,1,0,,,23244889,04d25798-3a42-ee11-bdf5-000d3a8fd327,e1e7a199-c518-f111-8341-7c1e52146c0e,23511df6-9189-f011-b4cc-7c1e527d2157
6cec9aaa-c518-f111-8341-000d3a538d48,0,,,,,No Impact,1,0,,,23244888,04d25798-3a42-ee11-bdf5-000d3a8fd327,e1e7a199-c518-f111-8341-7c1e52146c0e,c91de0e9-9189-f011-b4cc-7c1e527d2157
66ec9aaa-c518-f111-8341-000d3a538d48,0,,,,,No Impact,1,0,,,23244887,04d25798-3a42-ee11-bdf5-000d3a8fd327,e1e7a199-c518-f111-8341-7c1e52146c0e,31d4e7e3-9189-f011-b4cc-7c1e527d2157
65ec9aaa-c518-f111-8341-000d3a538d48,0,,,,,No Impact,1,0,,,23244885,04d25798-3a42-ee11-bdf5-000d3a8fd327,e1e7a199-c518-f111-8341-7c1e52146c0e,740adf46-9289-f011-b4cc-7c1e527cd923
3e2963aa-c518-f111-8341-6045bdd8cc50,0,,,,,No Impact,1,0,,,23244884,04d25798-3a42-ee11-bdf5-000d3a8fd327,e1e7a199-c518-f111-8341-7c1e52146c0e,3182c040-9289-f011-b4cc-7c1e527cd923
0a9b09ac-c518-f111-8341-7c1e52146c0e,0,,,,,No Impact,1,0,,,23244883,04d25798-3a42-ee11-bdf5-000d3a8fd327,e1e7a199-c518-f111-8341-7c1e52146c0e,124ef45c-9289-f011-b4cc-002248271486
3c2963aa-c518-f111-8341-6045bdd8cc50,0,,,,,No Impact,1,0,,,23244882,04d25798-3a42-ee11-bdf5-000d3a8fd327,e1e7a199-c518-f111-8341-7c1e52146c0e,6e1c0e50-9289-f011-b4cc-002248271486
3b2963aa-c518-f111-8341-6045bdd8cc50,0,,,,,No Impact,1,0,,,23244879,04d25798-3a42-ee11-bdf5-000d3a8fd327,e1e7a199-c518-f111-8341-7c1e52146c0e,09e36ed6-9189-f011-b4cc-002248271486
58ec9aaa-c518-f111-8341-000d3a538d48,0,,,,,No Impact,1,0,,,23244878,04d25798-3a42-ee11-bdf5-000d3a8fd327,e1e7a199-c518-f111-8341-7c1e52146c0e,fc7f63d0-9189-f011-b4cc-002248271486
e78b95cf-2417-f111-8341-7c1e52146c0e,1,Options exist and require evaluation.,,,,Low Impact,1,0,,,23199088,04d25798-3a42-ee11-bdf5-000d3a8fd327,9f20e6c7-4d13-f111-8406-7c1e52146908,cba1c26b-9289-f011-b4cc-7c1e527d2157
e06d4ace-2417-f111-8341-000d3a538d48,0,N/A,,,,No Impact,1,0,,,23199086,04d25798-3a42-ee11-bdf5-000d3a8fd327,9f20e6c7-4d13-f111-8406-7c1e52146908,c91de0e9-9189-f011-b4cc-7c1e527d2157
db6d4ace-2417-f111-8341-000d3a538d48,0,N/A,,,,No Impact,1,0,,,23199084,04d25798-3a42-ee11-bdf5-000d3a8fd327,9f20e6c7-4d13-f111-8406-7c1e52146908,31d4e7e3-9189-f011-b4cc-7c1e527d2157
ce6d4ace-2417-f111-8341-000d3a538d48,0,N/A,,,,No Impact,1,0,,,23199082,04d25798-3a42-ee11-bdf5-000d3a8fd327,9f20e6c7-4d13-f111-8406-7c1e52146908,09e36ed6-9189-f011-b4cc-002248271486
d36d4ace-2417-f111-8341-000d3a538d48,0,Related to TAK-079 deployment,,,,No Impact,1,0,,,23199080,04d25798-3a42-ee11-bdf5-000d3a8fd327,9f20e6c7-4d13-f111-8406-7c1e52146908,124ef45c-9289-f011-b4cc-002248271486
cdce79d1-2417-f111-8341-6045bdd8cc50,0,N/A,,,,No Impact,1,0,,,23199078,04d25798-3a42-ee11-bdf5-000d3a8fd327,9f20e6c7-4d13-f111-8406-7c1e52146908,23511df6-9189-f011-b4cc-7c1e527d2157
e88b95cf-2417-f111-8341-7c1e52146c0e,5,Typical demand for this type of project,,,,Moderate Impact,1,0,,,23199076,04d25798-3a42-ee11-bdf5-000d3a8fd327,9f20e6c7-4d13-f111-8406-7c1e52146908,a633db83-9289-f011-b4cc-7c1e527d2157
cace79d1-2417-f111-8341-6045bdd8cc50,1,no anticipated impact to production schedule to deploy,,,,Low Impact,1,0,,,23199074,04d25798-3a42-ee11-bdf5-000d3a8fd327,9f20e6c7-4d13-f111-8406-7c1e52146908,40a9de76-9289-f011-b4cc-7c1e527cd923
e76d4ace-2417-f111-8341-000d3a538d48,1,past cracked nozzle events were mitigated by using back-up pre-packed columns.  Supply of pre-packed columns is exhausted.,,,,Low Impact,1,0,,,23199072,04d25798-3a42-ee11-bdf5-000d3a8fd327,9f20e6c7-4d13-f111-8406-7c1e52146908,c29afc0a-9289-f011-b4cc-7c1e527d2157
d26d4ace-2417-f111-8341-000d3a538d48,0,None,,,,No Impact,1,0,,,23199070,04d25798-3a42-ee11-bdf5-000d3a8fd327,9f20e6c7-4d13-f111-8406-7c1e52146908,6e1c0e50-9289-f011-b4cc-002248271486
c8ce79d1-2417-f111-8341-6045bdd8cc50,0,None.  This is a supply risk mitigation project.,,,,No Impact,1,0,,,23199068,04d25798-3a42-ee11-bdf5-000d3a8fd327,9f20e6c7-4d13-f111-8406-7c1e52146908,740adf46-9289-f011-b4cc-7c1e527cd923
c0ce79d1-2417-f111-8341-6045bdd8cc50,0,None,,,,No Impact,1,0,,,23199051,04d25798-3a42-ee11-bdf5-000d3a8fd327,9f20e6c7-4d13-f111-8406-7c1e52146908,fc7f63d0-9189-f011-b4cc-002248271486
d66d4ace-2417-f111-8341-000d3a538d48,10,Improved valve design support AEX Column which is needed for TAK-079 downstream operations.    Risk of cracked column nozzle exists without redesign.  cracked column nozzle could result in lost product.,,,,High Impact,1,0,,,23199047,04d25798-3a42-ee11-bdf5-000d3a8fd327,9f20e6c7-4d13-f111-8406-7c1e52146908,3182c040-9289-f011-b4cc-7c1e527cd923
433141bf-2417-f111-8341-6045bdd8cc50,0,,,,,No Impact,1,0,,,23197599,04d25798-3a42-ee11-bdf5-000d3a8fd327,0ac05512-3108-f111-8406-7c1e5247a2b3,300edd89-9289-f011-b4cc-7c1e527d2157
0cd2f6c2-2417-f111-8341-7c1e52146c0e,0,,,,,No Impact,1,0,,,23197598,04d25798-3a42-ee11-bdf5-000d3a8fd327,0ac05512-3108-f111-8406-7c1e5247a2b3,a633db83-9289-f011-b4cc-7c1e527d2157
413141bf-2417-f111-8341-6045bdd8cc50,0,,,,,No Impact,1,0,,,23197597,04d25798-3a42-ee11-bdf5-000d3a8fd327,0ac05512-3108-f111-8406-7c1e5247a2b3,cba1c26b-9289-f011-b4cc-7c1e527d2157
00aea1c1-2417-f111-8341-000d3a538d48,0,,,,,No Impact,1,0,,,23197596,04d25798-3a42-ee11-bdf5-000d3a8fd327,0ac05512-3108-f111-8406-7c1e5247a2b3,c29afc0a-9289-f011-b4cc-7c1e527d2157
3f3141bf-2417-f111-8341-6045bdd8cc50,0,,,,,No Impact,1,0,,,23197595,04d25798-3a42-ee11-bdf5-000d3a8fd327,0ac05512-3108-f111-8406-7c1e5247a2b3,23511df6-9189-f011-b4cc-7c1e527d2157
0ad2f6c2-2417-f111-8341-7c1e52146c0e,0,,,,,No Impact,1,0,,,23197594,04d25798-3a42-ee11-bdf5-000d3a8fd327,0ac05512-3108-f111-8406-7c1e5247a2b3,c91de0e9-9189-f011-b4cc-7c1e527d2157
fbada1c1-2417-f111-8341-000d3a538d48,0,,,,,No Impact,1,0,,,23197593,04d25798-3a42-ee11-bdf5-000d3a8fd327,0ac05512-3108-f111-8406-7c1e5247a2b3,31d4e7e3-9189-f011-b4cc-7c1e527d2157
f8ada1c1-2417-f111-8341-000d3a538d48,0,,,,,No Impact,1,0,,,23197592,04d25798-3a42-ee11-bdf5-000d3a8fd327,0ac05512-3108-f111-8406-7c1e5247a2b3,40a9de76-9289-f011-b4cc-7c1e527cd923
3d3141bf-2417-f111-8341-6045bdd8cc50,0,,,,,No Impact,1,0,,,23197591,04d25798-3a42-ee11-bdf5-000d3a8fd327,0ac05512-3108-f111-8406-7c1e5247a2b3,740adf46-9289-f011-b4cc-7c1e527cd923
f0ada1c1-2417-f111-8341-000d3a538d48,0,,,,,No Impact,1,0,,,23197590,04d25798-3a42-ee11-bdf5-000d3a8fd327,0ac05512-3108-f111-8406-7c1e5247a2b3,3182c040-9289-f011-b4cc-7c1e527cd923
eaada1c1-2417-f111-8341-000d3a538d48,0,,,,,No Impact,1,0,,,23197588,04d25798-3a42-ee11-bdf5-000d3a8fd327,0ac05512-3108-f111-8406-7c1e5247a2b3,124ef45c-9289-f011-b4cc-002248271486
52d9d5bc-2417-f111-8341-7c1e52146c0e,0,,,,,No Impact,1,0,,,23197587,04d25798-3a42-ee11-bdf5-000d3a8fd327,0ac05512-3108-f111-8406-7c1e5247a2b3,6e1c0e50-9289-f011-b4cc-002248271486
2e3141bf-2417-f111-8341-6045bdd8cc50,0,,,,,No Impact,1,0,,,23197585,04d25798-3a42-ee11-bdf5-000d3a8fd327,0ac05512-3108-f111-8406-7c1e5247a2b3,09e36ed6-9189-f011-b4cc-002248271486
51d9d5bc-2417-f111-8341-7c1e52146c0e,0,,,,,No Impact,1,0,,,23197584,04d25798-3a42-ee11-bdf5-000d3a8fd327,0ac05512-3108-f111-8406-7c1e5247a2b3,fc7f63d0-9189-f011-b4cc-002248271486
5bf657c5-800e-f111-8406-000d3a538d48,5,Thsi effort will deliver solutions along the complexity spectrum but we should have the internal resource knowledge and ability to execute them.,,,,Moderate Impact,1,0,,,23078834,04d25798-3a42-ee11-bdf5-000d3a8fd327,c966717f-7a0e-f111-8406-7c1e5247a2b3,cba1c26b-9289-f011-b4cc-7c1e527d2157
966117c4-800e-f111-8406-6045bdd8cc50,15,FY26 Strategy will be 100% centered around transformation efforts,,,,Critical Impact,1,0,,,23078832,04d25798-3a42-ee11-bdf5-000d3a8fd327,c966717f-7a0e-f111-8406-7c1e5247a2b3,124ef45c-9289-f011-b4cc-002248271486
59f657c5-800e-f111-8406-000d3a538d48,10,"While this project will support effort related to quality risk register items, specifically in the area of methods.",,,,High Impact,1,0,,,23078830,04d25798-3a42-ee11-bdf5-000d3a8fd327,c966717f-7a0e-f111-8406-7c1e5247a2b3,23511df6-9189-f011-b4cc-7c1e527d2157
5cf657c5-800e-f111-8406-000d3a538d48,15,This project will require signification resource dedication to complete.,"Diagnostic phase alone will be ~1600 hrs (~20 FTEx2 weeks of work), data gathering appears to have demand of 800-1200 hrs.  then implementation will come after that but resources have not been defined as of yet.",,,Critical Impact,1,0,,,23078828,04d25798-3a42-ee11-bdf5-000d3a8fd327,c966717f-7a0e-f111-8406-7c1e5247a2b3,a633db83-9289-f011-b4cc-7c1e527d2157
976117c4-800e-f111-8406-6045bdd8cc50,1,N/A,,,,Low Impact,1,0,,,23078706,04d25798-3a42-ee11-bdf5-000d3a8fd327,c966717f-7a0e-f111-8406-7c1e5247a2b3,40a9de76-9289-f011-b4cc-7c1e527cd923
5af657c5-800e-f111-8406-000d3a538d48,10,"Efficienty operations/process across department has impact, in some instance, the ability to produce and release batches of manufactured UPB or DS.",,,,High Impact,1,0,,,23078704,04d25798-3a42-ee11-bdf5-000d3a8fd327,c966717f-7a0e-f111-8406-7c1e5247a2b3,c29afc0a-9289-f011-b4cc-7c1e527d2157
906117c4-800e-f111-8406-6045bdd8cc50,15,This project will reveiw cycle time across key bottleneck step to identify and deliver improvement to increase site throughput,,,,Critical Impact,1,0,,,23078702,04d25798-3a42-ee11-bdf5-000d3a8fd327,c966717f-7a0e-f111-8406-7c1e5247a2b3,6e1c0e50-9289-f011-b4cc-002248271486
3133f4c5-800e-f111-8406-7c1e52146c0e,15,This project is scoped to deliver 8O¥ in cost savings to the site.,"This prediced savings will most likely result from reductions in resource hours, increased throughput capacity, and yield improvement",,,Critical Impact,1,0,,,23078700,04d25798-3a42-ee11-bdf5-000d3a8fd327,c966717f-7a0e-f111-8406-7c1e5247a2b3,740adf46-9289-f011-b4cc-7c1e527cd923
233458bf-800e-f111-8406-000d3a538d48,0,N/A,,,,No Impact,1,0,,,23078698,04d25798-3a42-ee11-bdf5-000d3a8fd327,c966717f-7a0e-f111-8406-7c1e5247a2b3,fc7f63d0-9189-f011-b4cc-002248271486
9b6117c4-800e-f111-8406-6045bdd8cc50,10,There are significant opportunities to improve site operations. Delivering some of these improvements may require capital expenditures (CAPEX) and/or operating expenditures (OPEX).,,,,High Impact,1,0,,,23078696,04d25798-3a42-ee11-bdf5-000d3a8fd327,c966717f-7a0e-f111-8406-7c1e5247a2b3,300edd89-9289-f011-b4cc-7c1e527d2157
2e33f4c5-800e-f111-8406-7c1e52146c0e,15,"To serve patients in new markest cost of good need to reduced, the transformation effort is designed to reducue operation cost so that takeda can expand market access.",Current cost of good concerns has limited expansion to markets such as China,,,Critical Impact,1,0,,,23078693,04d25798-3a42-ee11-bdf5-000d3a8fd327,c966717f-7a0e-f111-8406-7c1e5247a2b3,3182c040-9289-f011-b4cc-7c1e527cd923
58f657c5-800e-f111-8406-000d3a538d48,0,,,,,No Impact,1,0,,,23078686,04d25798-3a42-ee11-bdf5-000d3a8fd327,c966717f-7a0e-f111-8406-7c1e5247a2b3,c91de0e9-9189-f011-b4cc-7c1e527d2157
57f657c5-800e-f111-8406-000d3a538d48,0,,,,,No Impact,1,0,,,23078685,04d25798-3a42-ee11-bdf5-000d3a8fd327,c966717f-7a0e-f111-8406-7c1e5247a2b3,31d4e7e3-9189-f011-b4cc-7c1e527d2157
243458bf-800e-f111-8406-000d3a538d48,0,,,,,No Impact,1,0,,,23078678,04d25798-3a42-ee11-bdf5-000d3a8fd327,c966717f-7a0e-f111-8406-7c1e5247a2b3,09e36ed6-9189-f011-b4cc-002248271486
20309cec-cd0d-f111-8406-7c1e52146c0e,0,,,,,No Impact,1,0,,,23074708,04d25798-3a42-ee11-bdf5-000d3a8fd327,042e43de-cd0d-f111-8406-000d3a538d48,c29afc0a-9289-f011-b4cc-7c1e527d2157
55f934ed-cd0d-f111-8406-7c1e5247a2b3,0,,,,,No Impact,1,0,,,23074706,04d25798-3a42-ee11-bdf5-000d3a8fd327,042e43de-cd0d-f111-8406-000d3a538d48,23511df6-9189-f011-b4cc-7c1e527d2157
1f309cec-cd0d-f111-8406-7c1e52146c0e,0,,,,,No Impact,1,0,,,23074705,04d25798-3a42-ee11-bdf5-000d3a8fd327,042e43de-cd0d-f111-8406-000d3a538d48,c91de0e9-9189-f011-b4cc-7c1e527d2157
14683feb-cd0d-f111-8406-000d3a538d48,0,,,,,No Impact,1,0,,,23074704,04d25798-3a42-ee11-bdf5-000d3a8fd327,042e43de-cd0d-f111-8406-000d3a538d48,31d4e7e3-9189-f011-b4cc-7c1e527d2157
1e309cec-cd0d-f111-8406-7c1e52146c0e,0,,,,,No Impact,1,0,,,23074702,04d25798-3a42-ee11-bdf5-000d3a8fd327,042e43de-cd0d-f111-8406-000d3a538d48,740adf46-9289-f011-b4cc-7c1e527cd923
1c309cec-cd0d-f111-8406-7c1e52146c0e,0,,,,,No Impact,1,0,,,23074700,04d25798-3a42-ee11-bdf5-000d3a8fd327,042e43de-cd0d-f111-8406-000d3a538d48,124ef45c-9289-f011-b4cc-002248271486
0d683feb-cd0d-f111-8406-000d3a538d48,0,,,,,No Impact,1,0,,,23074699,04d25798-3a42-ee11-bdf5-000d3a8fd327,042e43de-cd0d-f111-8406-000d3a538d48,6e1c0e50-9289-f011-b4cc-002248271486
07683feb-cd0d-f111-8406-000d3a538d48,0,,,,,No Impact,1,0,,,23074697,04d25798-3a42-ee11-bdf5-000d3a8fd327,042e43de-cd0d-f111-8406-000d3a538d48,09e36ed6-9189-f011-b4cc-002248271486
31c49f10-6b07-f111-8406-7c1e52146c0e,10,Have the people but no capacity to do the work on site.,,,,High Impact,1,0,,,22940372,04d25798-3a42-ee11-bdf5-000d3a8fd327,18fc5a13-5f07-f111-8406-7c1e5247a2b3,cba1c26b-9289-f011-b4cc-7c1e527d2157
58156610-6b07-f111-8407-6045bda6c590,15,On time batch release is required to achieve inventory target and meet patient demand.,,,,Critical Impact,1,0,,,22940370,04d25798-3a42-ee11-bdf5-000d3a8fd327,18fc5a13-5f07-f111-8406-7c1e5247a2b3,124ef45c-9289-f011-b4cc-002248271486
30c49f10-6b07-f111-8406-7c1e52146c0e,10,Methods is current risk with numerous OOS with trends across quarters,,,,High Impact,1,0,,,22940368,04d25798-3a42-ee11-bdf5-000d3a8fd327,18fc5a13-5f07-f111-8406-7c1e5247a2b3,23511df6-9189-f011-b4cc-7c1e527d2157
5f156610-6b07-f111-8407-6045bda6c590,5,300-2000 hours selected base on estimated resource demand to complete work.,,,,Moderate Impact,1,0,,,22940366,04d25798-3a42-ee11-bdf5-000d3a8fd327,18fc5a13-5f07-f111-8406-7c1e5247a2b3,a633db83-9289-f011-b4cc-7c1e527d2157
5b156610-6b07-f111-8407-6045bda6c590,1,No impact to MFG production schedule,,,,Low Impact,1,0,,,22940364,04d25798-3a42-ee11-bdf5-000d3a8fd327,18fc5a13-5f07-f111-8406-7c1e5247a2b3,40a9de76-9289-f011-b4cc-7c1e527cd923
5b8be20c-6b07-f111-8406-7c1e52146908,10,Currently no mitigation exist for the assay failure rates.,,,,High Impact,1,0,,,22940362,04d25798-3a42-ee11-bdf5-000d3a8fd327,18fc5a13-5f07-f111-8406-7c1e5247a2b3,c29afc0a-9289-f011-b4cc-7c1e527d2157
40a96b0d-6b07-f111-8406-000d3a538d48,15,Reduce batch release cycle times.,,,,Critical Impact,1,0,,,22940360,04d25798-3a42-ee11-bdf5-000d3a8fd327,18fc5a13-5f07-f111-8406-7c1e5247a2b3,6e1c0e50-9289-f011-b4cc-002248271486
5a156610-6b07-f111-8407-6045bda6c590,15,Assay failure have the potential to create full batch discards if not mitigated.,,,,Critical Impact,1,0,,,22940358,04d25798-3a42-ee11-bdf5-000d3a8fd327,18fc5a13-5f07-f111-8406-7c1e5247a2b3,740adf46-9289-f011-b4cc-7c1e527cd923
3aa96b0d-6b07-f111-8406-000d3a538d48,0,None,,,,No Impact,1,0,,,22940356,04d25798-3a42-ee11-bdf5-000d3a8fd327,18fc5a13-5f07-f111-8406-7c1e5247a2b3,fc7f63d0-9189-f011-b4cc-002248271486
43ebc30f-6b07-f111-8407-7c1e52146695,5,Cost associted to resrouce demand required to support the effort.,,,,Moderate Impact,1,0,,,22940354,04d25798-3a42-ee11-bdf5-000d3a8fd327,18fc5a13-5f07-f111-8406-7c1e5247a2b3,300edd89-9289-f011-b4cc-7c1e527d2157
c5b8d00d-6b07-f111-8406-7c1e5247a2b3,10,This method has a high rate of invalided creating rework and preveneting on time disposition activites.,This method has a 50% failure rate,,,High Impact,1,0,,,22940352,04d25798-3a42-ee11-bdf5-000d3a8fd327,18fc5a13-5f07-f111-8406-7c1e5247a2b3,3182c040-9289-f011-b4cc-7c1e527cd923
30f9a606-6b07-f111-8406-7c1e52146908,10,Have the people but no capacity to do the work on site.,,,,High Impact,1,0,,,22940348,04d25798-3a42-ee11-bdf5-000d3a8fd327,95908f0e-6107-f111-8406-6045bdd8cc50,cba1c26b-9289-f011-b4cc-7c1e527d2157
7880660a-6b07-f111-8407-6045bda6c590,15,On time batch release is required to achieve inventory target and meet patient demand.,,,,Critical Impact,1,0,,,22940346,04d25798-3a42-ee11-bdf5-000d3a8fd327,95908f0e-6107-f111-8406-6045bdd8cc50,124ef45c-9289-f011-b4cc-002248271486
566f4a0a-6b07-f111-8406-7c1e52146c0e,5,300-2000 hours selected based on estimated resource demand to complete work.,,,,Moderate Impact,1,0,,,22940344,04d25798-3a42-ee11-bdf5-000d3a8fd327,95908f0e-6107-f111-8406-6045bdd8cc50,a633db83-9289-f011-b4cc-7c1e527d2157
babb6907-6b07-f111-8406-000d3a538d48,1,No impact to the MFG schedule,,,,Low Impact,1,0,,,22940342,04d25798-3a42-ee11-bdf5-000d3a8fd327,95908f0e-6107-f111-8406-6045bdd8cc50,40a9de76-9289-f011-b4cc-7c1e527cd923
8dade108-6b07-f111-8407-7c1e52146695,10,Currently no mitigation exist for the assay failure rates.,,,,High Impact,1,0,,,22940340,04d25798-3a42-ee11-bdf5-000d3a8fd327,95908f0e-6107-f111-8406-6045bdd8cc50,c29afc0a-9289-f011-b4cc-7c1e527d2157
87ade108-6b07-f111-8407-7c1e52146695,15,Reduce batch release cycle times.,,,,Critical Impact,1,0,,,22940338,04d25798-3a42-ee11-bdf5-000d3a8fd327,95908f0e-6107-f111-8406-6045bdd8cc50,6e1c0e50-9289-f011-b4cc-002248271486
8aade108-6b07-f111-8407-7c1e52146695,15,Assay failures have the potential to create full batch discards if not mitigated.,,,,Critical Impact,1,0,,,22940336,04d25798-3a42-ee11-bdf5-000d3a8fd327,95908f0e-6107-f111-8406-6045bdd8cc50,740adf46-9289-f011-b4cc-7c1e527cd923
7780660a-6b07-f111-8407-6045bda6c590,0,None,,,,No Impact,1,0,,,22940334,04d25798-3a42-ee11-bdf5-000d3a8fd327,95908f0e-6107-f111-8406-6045bdd8cc50,fc7f63d0-9189-f011-b4cc-002248271486
576f4a0a-6b07-f111-8406-7c1e52146c0e,5,Cost associted to resrouce demand required to support the effort.,,,,Moderate Impact,1,0,,,22940332,04d25798-3a42-ee11-bdf5-000d3a8fd327,95908f0e-6107-f111-8406-6045bdd8cc50,300edd89-9289-f011-b4cc-7c1e527d2157
2ef9a606-6b07-f111-8406-7c1e52146908,10,This method has a high rate of invalided creating rework and preveneting on time disposition activites.,This method as ~30% invalid rate,,,High Impact,1,0,,,22940330,04d25798-3a42-ee11-bdf5-000d3a8fd327,95908f0e-6107-f111-8406-6045bdd8cc50,3182c040-9289-f011-b4cc-7c1e527cd923
7eda47fa-6a07-f111-8406-7c1e52146908,15,On time batch release is required to achieve inventory target and meet patient demand.,,,,Critical Impact,1,0,,,22940322,04d25798-3a42-ee11-bdf5-000d3a8fd327,a5fc8fc4-6207-f111-8406-7c1e5247a2b3,124ef45c-9289-f011-b4cc-002248271486
b63c30fe-6a07-f111-8407-6045bda6c590,10,"Methods is current risk with numerous OOS with missed stabilities, called out in the QPL (Quality Plan) - 222450.",,,,High Impact,1,0,,,22940320,04d25798-3a42-ee11-bdf5-000d3a8fd327,a5fc8fc4-6207-f111-8406-7c1e5247a2b3,23511df6-9189-f011-b4cc-7c1e527d2157
d55cb4fb-6a07-f111-8406-7c1e5247a2b3,5,300-2000 hours selected base on estimated resource demand to complete work.,,,,Moderate Impact,1,0,,,22940318,04d25798-3a42-ee11-bdf5-000d3a8fd327,a5fc8fc4-6207-f111-8406-7c1e5247a2b3,a633db83-9289-f011-b4cc-7c1e527d2157
b43c30fe-6a07-f111-8407-6045bda6c590,1,No impact to production schedule,,,,Low Impact,1,0,,,22940316,04d25798-3a42-ee11-bdf5-000d3a8fd327,a5fc8fc4-6207-f111-8406-7c1e5247a2b3,40a9de76-9289-f011-b4cc-7c1e527cd923
d45cb4fb-6a07-f111-8406-7c1e5247a2b3,10,Currently no mitigation exist for the assay failure rates.,,,,High Impact,1,0,,,22940314,04d25798-3a42-ee11-bdf5-000d3a8fd327,a5fc8fc4-6207-f111-8406-7c1e5247a2b3,c29afc0a-9289-f011-b4cc-7c1e527d2157
7cda47fa-6a07-f111-8406-7c1e52146908,15,Reduce batch release cycle times.,Current VPRIV batch release time is exceeding 300 days.,,,Critical Impact,1,0,,,22940310,04d25798-3a42-ee11-bdf5-000d3a8fd327,a5fc8fc4-6207-f111-8406-7c1e5247a2b3,6e1c0e50-9289-f011-b4cc-002248271486
b9e8ccfd-6a07-f111-8406-7c1e52146c0e,15,Assay failure have the potential to create full batch discards if not mitigated.,,,,Critical Impact,1,0,,,22940302,04d25798-3a42-ee11-bdf5-000d3a8fd327,a5fc8fc4-6207-f111-8406-7c1e5247a2b3,740adf46-9289-f011-b4cc-7c1e527cd923
c45cb4fb-6a07-f111-8406-7c1e5247a2b3,0,N/A,,,,No Impact,1,0,,,22940299,04d25798-3a42-ee11-bdf5-000d3a8fd327,a5fc8fc4-6207-f111-8406-7c1e5247a2b3,fc7f63d0-9189-f011-b4cc-002248271486
bfe8ccfd-6a07-f111-8406-7c1e52146c0e,5,Cost associted to resrouce demand required to support the effort.,,,,Moderate Impact,1,0,,,22940297,04d25798-3a42-ee11-bdf5-000d3a8fd327,a5fc8fc4-6207-f111-8406-7c1e5247a2b3,300edd89-9289-f011-b4cc-7c1e527d2157
b33c30fe-6a07-f111-8407-6045bda6c590,10,THsi method has a high rate of invalided creating rework and preveneting on time disposition activites.,This method as ~30% invalid rate,,,High Impact,1,0,,,22940295,04d25798-3a42-ee11-bdf5-000d3a8fd327,a5fc8fc4-6207-f111-8406-7c1e5247a2b3,3182c040-9289-f011-b4cc-7c1e527cd923
bfbb6907-6b07-f111-8406-000d3a538d48,10,"CAlled out in QPL-222450, and reviewed during FDA inspection",Invalid rate of 2-40%,,,High Impact,1,0,,,22939043,04d25798-3a42-ee11-bdf5-000d3a8fd327,95908f0e-6107-f111-8406-6045bdd8cc50,23511df6-9189-f011-b4cc-7c1e527d2157
a0756afb-6a07-f111-8406-000d3a538d48,10,Have the people but no capacity to do the work on site.,,,,High Impact,1,0,,,22939034,04d25798-3a42-ee11-bdf5-000d3a8fd327,a5fc8fc4-6207-f111-8406-7c1e5247a2b3,cba1c26b-9289-f011-b4cc-7c1e527d2157
4d3d6df5-6a07-f111-8406-000d3a538d48,10,internally we have the people capacity but not the space to do the work.,,,,High Impact,1,0,,,22939028,04d25798-3a42-ee11-bdf5-000d3a8fd327,bf266a61-6707-f111-8406-7c1e52146908,cba1c26b-9289-f011-b4cc-7c1e527d2157
d7be4cf4-6a07-f111-8406-7c1e52146908,0,N/A,,,,No Impact,1,0,,,22939025,04d25798-3a42-ee11-bdf5-000d3a8fd327,bf266a61-6707-f111-8406-7c1e52146908,09e36ed6-9189-f011-b4cc-002248271486
4629c1f1-6a07-f111-8407-6045bda6c590,0,N/A,,,,No Impact,1,0,,,22939023,04d25798-3a42-ee11-bdf5-000d3a8fd327,bf266a61-6707-f111-8406-7c1e52146908,c91de0e9-9189-f011-b4cc-7c1e527d2157
443d6df5-6a07-f111-8406-000d3a538d48,0,N/A,,,,No Impact,1,0,,,22939021,04d25798-3a42-ee11-bdf5-000d3a8fd327,bf266a61-6707-f111-8406-7c1e52146908,31d4e7e3-9189-f011-b4cc-7c1e527d2157
8b1278f5-6a07-f111-8407-7c1e52146695,10,Needed to achieve MPS plan and DS delivery for DP production.,,,,High Impact,1,0,,,22939019,04d25798-3a42-ee11-bdf5-000d3a8fd327,bf266a61-6707-f111-8406-7c1e52146908,124ef45c-9289-f011-b4cc-002248271486
b865a8f5-6a07-f111-8406-7c1e5247a2b3,10,"MAjor deficiency within our ability to use this  method and we have BPDR on this method, with one more coming.",,,,High Impact,1,0,,,22939017,04d25798-3a42-ee11-bdf5-000d3a8fd327,bf266a61-6707-f111-8406-7c1e52146908,23511df6-9189-f011-b4cc-7c1e527d2157
4f3d6df5-6a07-f111-8406-000d3a538d48,5,Multiple analysis performing investigation work and metho remediation,,,,Moderate Impact,1,0,,,22939015,04d25798-3a42-ee11-bdf5-000d3a8fd327,bf266a61-6707-f111-8406-7c1e52146908,a633db83-9289-f011-b4cc-7c1e527d2157
dfbe4cf4-6a07-f111-8406-7c1e52146908,5,Potential to impact the deliver of batch due to invalid rate delaying production release.,,,,Moderate Impact,1,0,,,22939013,04d25798-3a42-ee11-bdf5-000d3a8fd327,bf266a61-6707-f111-8406-7c1e52146908,40a9de76-9289-f011-b4cc-7c1e527cd923
e1be4cf4-6a07-f111-8406-7c1e52146908,15,Methods are currently being addressed but there is not mitigation at this time to fix the invalid rates.,,,,Critical Impact,1,0,,,22939011,04d25798-3a42-ee11-bdf5-000d3a8fd327,bf266a61-6707-f111-8406-7c1e52146908,c29afc0a-9289-f011-b4cc-7c1e527d2157
8e0176f0-6a07-f111-8406-7c1e52146c0e,5,Batch Batch dispo cycle time reduciton,"VRPIV Currently has great 300 days, well over our target dispostion timeframe.",,,Moderate Impact,1,0,,,22939009,04d25798-3a42-ee11-bdf5-000d3a8fd327,bf266a61-6707-f111-8406-7c1e52146908,6e1c0e50-9289-f011-b4cc-002248271486
debe4cf4-6a07-f111-8406-7c1e52146908,15,Invalid leads to potential for product lost and requlatory scrutitny.,,,,Critical Impact,1,0,,,22939007,04d25798-3a42-ee11-bdf5-000d3a8fd327,bf266a61-6707-f111-8406-7c1e52146908,740adf46-9289-f011-b4cc-7c1e527cd923
8a65a8f5-6a07-f111-8406-7c1e5247a2b3,0,N/A,,,,No Impact,1,0,,,22939005,04d25798-3a42-ee11-bdf5-000d3a8fd327,bf266a61-6707-f111-8406-7c1e52146908,fc7f63d0-9189-f011-b4cc-002248271486
4829c1f1-6a07-f111-8407-6045bda6c590,5,Related to resoruce time and method validation costs,,,,Moderate Impact,1,0,,,22939003,04d25798-3a42-ee11-bdf5-000d3a8fd327,bf266a61-6707-f111-8406-7c1e52146908,300edd89-9289-f011-b4cc-7c1e527d2157
4429c1f1-6a07-f111-8407-6045bda6c590,15,VPRIV  method with high invalid rate due to system suitability risk causing extended release timelines,Target is <10% but this method we are at 38% invalide,,,Critical Impact,1,0,,,22939001,04d25798-3a42-ee11-bdf5-000d3a8fd327,bf266a61-6707-f111-8406-7c1e52146908,3182c040-9289-f011-b4cc-7c1e527cd923
2fc49f10-6b07-f111-8406-7c1e52146c0e,0,,,,,No Impact,1,0,,,22938861,04d25798-3a42-ee11-bdf5-000d3a8fd327,18fc5a13-5f07-f111-8406-7c1e5247a2b3,c91de0e9-9189-f011-b4cc-7c1e527d2157
5d156610-6b07-f111-8407-6045bda6c590,0,,,,,No Impact,1,0,,,22938860,04d25798-3a42-ee11-bdf5-000d3a8fd327,18fc5a13-5f07-f111-8406-7c1e5247a2b3,31d4e7e3-9189-f011-b4cc-7c1e527d2157
57156610-6b07-f111-8407-6045bda6c590,0,,,,,No Impact,1,0,,,22938852,04d25798-3a42-ee11-bdf5-000d3a8fd327,18fc5a13-5f07-f111-8406-7c1e5247a2b3,09e36ed6-9189-f011-b4cc-002248271486
2ff9a606-6b07-f111-8406-7c1e52146908,0,,,,,No Impact,1,0,,,22938839,04d25798-3a42-ee11-bdf5-000d3a8fd327,95908f0e-6107-f111-8406-6045bdd8cc50,c91de0e9-9189-f011-b4cc-7c1e527d2157
6220d807-6b07-f111-8406-7c1e5247a2b3,0,,,,,No Impact,1,0,,,22938837,04d25798-3a42-ee11-bdf5-000d3a8fd327,95908f0e-6107-f111-8406-6045bdd8cc50,31d4e7e3-9189-f011-b4cc-7c1e527d2157
b3bb6907-6b07-f111-8406-000d3a538d48,0,,,,,No Impact,1,0,,,22938829,04d25798-3a42-ee11-bdf5-000d3a8fd327,95908f0e-6107-f111-8406-6045bdd8cc50,09e36ed6-9189-f011-b4cc-002248271486
b5fffbf8-6a07-f111-8406-6045bdd8cc50,0,,,,,No Impact,1,0,,,22938813,04d25798-3a42-ee11-bdf5-000d3a8fd327,a5fc8fc4-6207-f111-8406-7c1e5247a2b3,c91de0e9-9189-f011-b4cc-7c1e527d2157
9b756afb-6a07-f111-8406-000d3a538d48,0,,,,,No Impact,1,0,,,22938811,04d25798-3a42-ee11-bdf5-000d3a8fd327,a5fc8fc4-6207-f111-8406-7c1e5247a2b3,31d4e7e3-9189-f011-b4cc-7c1e527d2157
b2fffbf8-6a07-f111-8406-6045bdd8cc50,0,,,,,No Impact,1,0,,,22938802,04d25798-3a42-ee11-bdf5-000d3a8fd327,a5fc8fc4-6207-f111-8406-7c1e5247a2b3,09e36ed6-9189-f011-b4cc-002248271486
cdef0cab-6e03-f111-8406-7c1e52146908,5,we'll use in-house technical solutions,,,,Moderate Impact,1,0,,,22917241,04d25798-3a42-ee11-bdf5-000d3a8fd327,2aea4248-6e03-f111-8406-000d3a538d48,cba1c26b-9289-f011-b4cc-7c1e527d2157
5cbdc5a6-6e03-f111-8406-7c1e5247a2b3,1,Phase 1 required minimum resources.,only three MBO colleagues are working on this project as of Feb-2026,,,Low Impact,1,0,,,22917239,04d25798-3a42-ee11-bdf5-000d3a8fd327,2aea4248-6e03-f111-8406-000d3a538d48,a633db83-9289-f011-b4cc-7c1e527d2157
ca8fa4a6-6e03-f111-8406-000d3a538d48,1,"This project will improve production by increasing predictability and stability during Post TT production campaigns. The Scrum based execution model enables earlier identification and mitigation of production risks, reduces reactive issue management, and supports more efficient cross functional coordination during active campaigns.","Metrics will be refined and validated during initial deployment using campaign level indicators (e.g., timing of risk identification, recurrence of known issues, execution stability).",,,Low Impact,1,0,,,22917237,04d25798-3a42-ee11-bdf5-000d3a8fd327,2aea4248-6e03-f111-8406-000d3a538d48,40a9de76-9289-f011-b4cc-7c1e527cd923
0190a4a6-6e03-f111-8406-000d3a538d48,5,"The estimated total project cost is ≤ 0.5 to 1 OkuYen, consisting primarily of incremental OPEX associated with internal labor, facilitation, training, and limited external support to design and deploy the Scrum based execution framework for Post TT production campaigns. No material CAPEX investment is anticipated, as the solution leverages existing systems, facilities, and operational infrastructure.","The proposed benefit is quantified using a cost avoidance and efficiency improvement approach, based on historical Post TT production performance and observed execution patterns. Rather than assuming direct cost savings, the analysis focuses on the avoidance of operational inefficiencies associated with late risk identification, unplanned work, and repeated execution issues.
Specifically, the benefit estimation considers:
•	Reduction in effort spent on reactive issue management during production campaigns
•	Improved execution efficiency through earlier identification of known root causes to production issues
•	Avoidance of downstream impacts such as schedule adjustments, unplanned deviations, and resource contention
Benefits are estimated qualitatively and directionally using historical campaign experience, lessons learned reviews, and subject matter expert input, with the intent to validate and refine metrics post deployment through operational performance indicators (e.g., campaign predictability, issue recurrence).",,,Moderate Impact,1,0,,,22917008,04d25798-3a42-ee11-bdf5-000d3a8fd327,2aea4248-6e03-f111-8406-000d3a538d48,300edd89-9289-f011-b4cc-7c1e527d2157
ccef0cab-6e03-f111-8406-7c1e52146908,0,,,,,No Impact,1,0,,,22916978,04d25798-3a42-ee11-bdf5-000d3a8fd327,2aea4248-6e03-f111-8406-000d3a538d48,c29afc0a-9289-f011-b4cc-7c1e527d2157
fa3575a6-6e03-f111-8406-6045bdd8cc50,0,,,,,No Impact,1,0,,,22916977,04d25798-3a42-ee11-bdf5-000d3a8fd327,2aea4248-6e03-f111-8406-000d3a538d48,23511df6-9189-f011-b4cc-7c1e527d2157
5abdc5a6-6e03-f111-8406-7c1e5247a2b3,0,,,,,No Impact,1,0,,,22916976,04d25798-3a42-ee11-bdf5-000d3a8fd327,2aea4248-6e03-f111-8406-000d3a538d48,c91de0e9-9189-f011-b4cc-7c1e527d2157
59bdc5a6-6e03-f111-8406-7c1e5247a2b3,0,,,,,No Impact,1,0,,,22916974,04d25798-3a42-ee11-bdf5-000d3a8fd327,2aea4248-6e03-f111-8406-000d3a538d48,31d4e7e3-9189-f011-b4cc-7c1e527d2157
dfb7b8a5-6e03-f111-8406-7c1e52146c0e,0,,,,,No Impact,1,0,,,22916971,04d25798-3a42-ee11-bdf5-000d3a8fd327,2aea4248-6e03-f111-8406-000d3a538d48,740adf46-9289-f011-b4cc-7c1e527cd923
deb7b8a5-6e03-f111-8406-7c1e52146c0e,0,,,,,No Impact,1,0,,,22916970,04d25798-3a42-ee11-bdf5-000d3a8fd327,2aea4248-6e03-f111-8406-000d3a538d48,3182c040-9289-f011-b4cc-7c1e527cd923
dcb7b8a5-6e03-f111-8406-7c1e52146c0e,0,,,,,No Impact,1,0,,,22916969,04d25798-3a42-ee11-bdf5-000d3a8fd327,2aea4248-6e03-f111-8406-000d3a538d48,124ef45c-9289-f011-b4cc-002248271486
f93575a6-6e03-f111-8406-6045bdd8cc50,0,,,,,No Impact,1,0,,,22916968,04d25798-3a42-ee11-bdf5-000d3a8fd327,2aea4248-6e03-f111-8406-000d3a538d48,6e1c0e50-9289-f011-b4cc-002248271486
f83575a6-6e03-f111-8406-6045bdd8cc50,0,,,,,No Impact,1,0,,,22916966,04d25798-3a42-ee11-bdf5-000d3a8fd327,2aea4248-6e03-f111-8406-000d3a538d48,09e36ed6-9189-f011-b4cc-002248271486
d7b7b8a5-6e03-f111-8406-7c1e52146c0e,0,,,,,No Impact,1,0,,,22916965,04d25798-3a42-ee11-bdf5-000d3a8fd327,2aea4248-6e03-f111-8406-000d3a538d48,fc7f63d0-9189-f011-b4cc-002248271486
ed90aec2-0e02-f111-8406-6045bdd8cc50,1,N?A,,,,Low Impact,1,0,,,22909522,04d25798-3a42-ee11-bdf5-000d3a8fd327,a4e66bb7-0e02-f111-8407-6045bda6c590,cba1c26b-9289-f011-b4cc-7c1e527d2157
890b56c1-0e02-f111-8406-7c1e5247a2b3,0,N/A,,,,No Impact,1,0,,,22909520,04d25798-3a42-ee11-bdf5-000d3a8fd327,a4e66bb7-0e02-f111-8407-6045bda6c590,09e36ed6-9189-f011-b4cc-002248271486
53ccd3c3-0e02-f111-8407-6045bda6c590,0,N/A,,,,No Impact,1,0,,,22909516,04d25798-3a42-ee11-bdf5-000d3a8fd327,a4e66bb7-0e02-f111-8407-6045bda6c590,c91de0e9-9189-f011-b4cc-7c1e527d2157
a58a34bf-0e02-f111-8406-0022481cae89,0,N/A,,,,No Impact,1,0,,,22909507,04d25798-3a42-ee11-bdf5-000d3a8fd327,a4e66bb7-0e02-f111-8407-6045bda6c590,31d4e7e3-9189-f011-b4cc-7c1e527d2157
920b56c1-0e02-f111-8406-7c1e5247a2b3,10,FoF Endorsed,,,,High Impact,1,0,,,22909505,04d25798-3a42-ee11-bdf5-000d3a8fd327,a4e66bb7-0e02-f111-8407-6045bda6c590,124ef45c-9289-f011-b4cc-002248271486
a40b56c1-0e02-f111-8406-7c1e5247a2b3,0,N?A,,,,No Impact,1,0,,,22909503,04d25798-3a42-ee11-bdf5-000d3a8fd327,a4e66bb7-0e02-f111-8407-6045bda6c590,23511df6-9189-f011-b4cc-7c1e527d2157
55ccd3c3-0e02-f111-8407-6045bda6c590,5,Standard project,,,,Moderate Impact,1,0,,,22909500,04d25798-3a42-ee11-bdf5-000d3a8fd327,a4e66bb7-0e02-f111-8407-6045bda6c590,a633db83-9289-f011-b4cc-7c1e527d2157
81868bc2-0e02-f111-8406-7c1e52146908,1,No impact to implement,,,,Low Impact,1,0,,,22909498,04d25798-3a42-ee11-bdf5-000d3a8fd327,a4e66bb7-0e02-f111-8407-6045bda6c590,40a9de76-9289-f011-b4cc-7c1e527cd923
82868bc2-0e02-f111-8406-7c1e52146908,0,N/A,,,,No Impact,1,0,,,22909495,04d25798-3a42-ee11-bdf5-000d3a8fd327,a4e66bb7-0e02-f111-8407-6045bda6c590,c29afc0a-9289-f011-b4cc-7c1e527d2157
a18a34bf-0e02-f111-8406-0022481cae89,15,2k 9 hour decrease in cycle time per batch,,,,Critical Impact,1,0,,,22909493,04d25798-3a42-ee11-bdf5-000d3a8fd327,a4e66bb7-0e02-f111-8407-6045bda6c590,6e1c0e50-9289-f011-b4cc-002248271486
ec90aec2-0e02-f111-8406-6045bdd8cc50,5,supports larger 2k set up and media fill improvements,,,,Moderate Impact,1,0,,,22909491,04d25798-3a42-ee11-bdf5-000d3a8fd327,a4e66bb7-0e02-f111-8407-6045bda6c590,740adf46-9289-f011-b4cc-7c1e527cd923
9635dec1-0e02-f111-8406-7c1e52146c0e,0,N/A,,,,No Impact,1,0,,,22909489,04d25798-3a42-ee11-bdf5-000d3a8fd327,a4e66bb7-0e02-f111-8407-6045bda6c590,fc7f63d0-9189-f011-b4cc-002248271486
83868bc2-0e02-f111-8406-7c1e52146908,5,probes and controllers,,,,Moderate Impact,1,0,,,22909485,04d25798-3a42-ee11-bdf5-000d3a8fd327,a4e66bb7-0e02-f111-8407-6045bda6c590,300edd89-9289-f011-b4cc-7c1e527d2157
930b56c1-0e02-f111-8406-7c1e5247a2b3,1,N/A,,,,Low Impact,1,0,,,22909483,04d25798-3a42-ee11-bdf5-000d3a8fd327,a4e66bb7-0e02-f111-8407-6045bda6c590,3182c040-9289-f011-b4cc-7c1e527cd923
9ae00832-0a02-f111-8406-7c1e5247a2b3,1,MS has lots of experience,,,,Low Impact,1,0,,,22909384,04d25798-3a42-ee11-bdf5-000d3a8fd327,0769b519-0a02-f111-8406-6045bdd8cc50,cba1c26b-9289-f011-b4cc-7c1e527d2157
09e9e22b-0a02-f111-8406-7c1e5247a2b3,0,N/A,,,,No Impact,1,0,,,22909382,04d25798-3a42-ee11-bdf5-000d3a8fd327,0769b519-0a02-f111-8406-6045bdd8cc50,31d4e7e3-9189-f011-b4cc-7c1e527d2157
08e9e22b-0a02-f111-8406-7c1e5247a2b3,0,N/A,,,,No Impact,1,0,,,22909380,04d25798-3a42-ee11-bdf5-000d3a8fd327,0769b519-0a02-f111-8406-6045bdd8cc50,09e36ed6-9189-f011-b4cc-002248271486
69f28c31-0a02-f111-8406-0022481cae89,0,N/A,,,,No Impact,1,0,,,22909378,04d25798-3a42-ee11-bdf5-000d3a8fd327,0769b519-0a02-f111-8406-6045bdd8cc50,c91de0e9-9189-f011-b4cc-7c1e527d2157
43f5f02b-0a02-f111-8406-6045bdd8cc50,10,FoF Endorsed - supports Replagal LCM,,,,High Impact,1,0,,,22909376,04d25798-3a42-ee11-bdf5-000d3a8fd327,0769b519-0a02-f111-8406-6045bdd8cc50,124ef45c-9289-f011-b4cc-002248271486
45f5f02b-0a02-f111-8406-6045bdd8cc50,0,Will reduce deviations,,,,No Impact,1,0,,,22909374,04d25798-3a42-ee11-bdf5-000d3a8fd327,0769b519-0a02-f111-8406-6045bdd8cc50,23511df6-9189-f011-b4cc-7c1e527d2157
106e282d-0a02-f111-8406-7c1e52146c0e,5,"MS, ENG, Automation QAV resources required",,,,Moderate Impact,1,0,,,22909372,04d25798-3a42-ee11-bdf5-000d3a8fd327,0769b519-0a02-f111-8406-6045bdd8cc50,a633db83-9289-f011-b4cc-7c1e527d2157
722bc52c-0a02-f111-8406-7c1e52146908,1,No impact to production,,,,Low Impact,1,0,,,22909370,04d25798-3a42-ee11-bdf5-000d3a8fd327,0769b519-0a02-f111-8406-6045bdd8cc50,40a9de76-9289-f011-b4cc-7c1e527cd923
752bc52c-0a02-f111-8406-7c1e52146908,0,N/A,,,,No Impact,1,0,,,22909368,04d25798-3a42-ee11-bdf5-000d3a8fd327,0769b519-0a02-f111-8406-6045bdd8cc50,c29afc0a-9289-f011-b4cc-7c1e527d2157
343f942b-0a02-f111-8406-0022481cae89,10,10% titer increase,,,,High Impact,1,0,,,22909366,04d25798-3a42-ee11-bdf5-000d3a8fd327,0769b519-0a02-f111-8406-6045bdd8cc50,6e1c0e50-9289-f011-b4cc-002248271486
363f942b-0a02-f111-8406-0022481cae89,15,"10% titer increase 
 
based off LRF total 8.23OY 
with 1.37 within MRP if implemented by FY28",10% titer increase,,,Critical Impact,1,0,,,22909364,04d25798-3a42-ee11-bdf5-000d3a8fd327,0769b519-0a02-f111-8406-6045bdd8cc50,740adf46-9289-f011-b4cc-7c1e527cd923
07e9e22b-0a02-f111-8406-7c1e5247a2b3,0,N/A,,,,No Impact,1,0,,,22909362,04d25798-3a42-ee11-bdf5-000d3a8fd327,0769b519-0a02-f111-8406-6045bdd8cc50,fc7f63d0-9189-f011-b4cc-002248271486
9ce00832-0a02-f111-8406-7c1e5247a2b3,5,Cost of the probes and controllers,,,,Moderate Impact,1,0,,,22909360,04d25798-3a42-ee11-bdf5-000d3a8fd327,0769b519-0a02-f111-8406-6045bdd8cc50,300edd89-9289-f011-b4cc-7c1e527d2157
712bc52c-0a02-f111-8406-7c1e52146908,0,N/A,,,,No Impact,1,0,,,22909358,04d25798-3a42-ee11-bdf5-000d3a8fd327,0769b519-0a02-f111-8406-6045bdd8cc50,3182c040-9289-f011-b4cc-7c1e527cd923
06daf0d2-f001-f111-8406-0022481cae89,10,Entire Facility renovation based on external supplier knowledge transfer,,,,High Impact,1,0,,,22908461,04d25798-3a42-ee11-bdf5-000d3a8fd327,ac8eeccc-f001-f111-8406-0022481cae89,cba1c26b-9289-f011-b4cc-7c1e527d2157
fed9f0d2-f001-f111-8406-0022481cae89,15,Global Must Do,,,,Critical Impact,1,0,,,22908459,04d25798-3a42-ee11-bdf5-000d3a8fd327,ac8eeccc-f001-f111-8406-0022481cae89,124ef45c-9289-f011-b4cc-002248271486
04daf0d2-f001-f111-8406-0022481cae89,15,Top 5 gap globally,,,,Critical Impact,1,0,,,22908457,04d25798-3a42-ee11-bdf5-000d3a8fd327,ac8eeccc-f001-f111-8406-0022481cae89,23511df6-9189-f011-b4cc-7c1e527d2157
32df35cf-f001-f111-8406-7c1e5247a2b3,5,Currently producing externally,,,,Moderate Impact,1,0,,,22908455,04d25798-3a42-ee11-bdf5-000d3a8fd327,ac8eeccc-f001-f111-8406-0022481cae89,c29afc0a-9289-f011-b4cc-7c1e527d2157
34df35cf-f001-f111-8406-7c1e5247a2b3,15,Entire facility renovation,,,,Critical Impact,1,0,,,22908453,04d25798-3a42-ee11-bdf5-000d3a8fd327,ac8eeccc-f001-f111-8406-0022481cae89,a633db83-9289-f011-b4cc-7c1e527d2157
1e848dd0-f001-f111-8406-6045bdd8cc50,15,New facility renovation,,,,Critical Impact,1,0,,,22908451,04d25798-3a42-ee11-bdf5-000d3a8fd327,ac8eeccc-f001-f111-8406-0022481cae89,40a9de76-9289-f011-b4cc-7c1e527cd923
fdd9f0d2-f001-f111-8406-0022481cae89,1,a,,,,Low Impact,1,0,,,22908449,04d25798-3a42-ee11-bdf5-000d3a8fd327,ac8eeccc-f001-f111-8406-0022481cae89,6e1c0e50-9289-f011-b4cc-002248271486
31df35cf-f001-f111-8406-7c1e5247a2b3,15,New production assets,,,,Critical Impact,1,0,,,22908447,04d25798-3a42-ee11-bdf5-000d3a8fd327,ac8eeccc-f001-f111-8406-0022481cae89,740adf46-9289-f011-b4cc-7c1e527cd923
6bf000d4-f001-f111-8406-7c1e52146908,15,>50OY,,,,Critical Impact,1,0,,,22908445,04d25798-3a42-ee11-bdf5-000d3a8fd327,ac8eeccc-f001-f111-8406-0022481cae89,300edd89-9289-f011-b4cc-7c1e527d2157
30df35cf-f001-f111-8406-7c1e5247a2b3,15,multiple products need OSD production capacity,,,,Critical Impact,1,0,,,22908443,04d25798-3a42-ee11-bdf5-000d3a8fd327,ac8eeccc-f001-f111-8406-0022481cae89,3182c040-9289-f011-b4cc-7c1e527cd923
03daf0d2-f001-f111-8406-0022481cae89,0,,,,,No Impact,1,0,,,22908423,04d25798-3a42-ee11-bdf5-000d3a8fd327,ac8eeccc-f001-f111-8406-0022481cae89,c91de0e9-9189-f011-b4cc-7c1e527d2157
02daf0d2-f001-f111-8406-0022481cae89,0,,,,,No Impact,1,0,,,22908422,04d25798-3a42-ee11-bdf5-000d3a8fd327,ac8eeccc-f001-f111-8406-0022481cae89,31d4e7e3-9189-f011-b4cc-7c1e527d2157
364503cf-f001-f111-8406-7c1e52146c0e,0,,,,,No Impact,1,0,,,22908413,04d25798-3a42-ee11-bdf5-000d3a8fd327,ac8eeccc-f001-f111-8406-0022481cae89,09e36ed6-9189-f011-b4cc-002248271486
fad9f0d2-f001-f111-8406-0022481cae89,0,,,,,No Impact,1,0,,,22908412,04d25798-3a42-ee11-bdf5-000d3a8fd327,ac8eeccc-f001-f111-8406-0022481cae89,fc7f63d0-9189-f011-b4cc-002248271486
4ada2027-4901-f111-8406-6045bdd8cc50,15,It would be a major tech transfer project.,,,,Critical Impact,1,0,,,22903850,04d25798-3a42-ee11-bdf5-000d3a8fd327,f57acc37-4801-f111-8406-7c1e52146c0e,a633db83-9289-f011-b4cc-7c1e527d2157
05bf3428-4901-f111-8407-7c1e5247a6bf,15,Capacity needed in the GMSGQ network to manufacture this product.,,,,Critical Impact,1,0,,,22903846,04d25798-3a42-ee11-bdf5-000d3a8fd327,f57acc37-4801-f111-8406-7c1e52146c0e,3182c040-9289-f011-b4cc-7c1e527cd923
1dbf3428-4901-f111-8407-7c1e5247a6bf,10,Very high level CAPEX estimate based on initial assessment. To be confirmed further into the facility fit.,,,,High Impact,1,0,,,22903831,04d25798-3a42-ee11-bdf5-000d3a8fd327,f57acc37-4801-f111-8406-7c1e52146c0e,300edd89-9289-f011-b4cc-7c1e527d2157
07bf3428-4901-f111-8407-7c1e5247a6bf,1,No shutdown required but it will require space in the manufacturing schedule to execute.,,,,Low Impact,1,0,,,22903826,04d25798-3a42-ee11-bdf5-000d3a8fd327,f57acc37-4801-f111-8406-7c1e52146c0e,40a9de76-9289-f011-b4cc-7c1e527cd923
5e9a0727-4901-f111-8407-7c1e52146695,5,Tech transfer expertise present at the site. Technical complexity is medium as it mostly fits the manufacturing technology platform at MBO.,,,,Moderate Impact,1,0,,,22903824,04d25798-3a42-ee11-bdf5-000d3a8fd327,f57acc37-4801-f111-8406-7c1e52146c0e,cba1c26b-9289-f011-b4cc-7c1e527d2157
01957427-4901-f111-8406-7c1e52146908,15,Directly aligns with Site's mission and vision to be the launch center of excellence for biologics.,,,,Critical Impact,1,0,,,22903818,04d25798-3a42-ee11-bdf5-000d3a8fd327,f57acc37-4801-f111-8406-7c1e52146c0e,124ef45c-9289-f011-b4cc-002248271486
49da2027-4901-f111-8406-6045bdd8cc50,0,,,,,No Impact,1,0,,,22903803,04d25798-3a42-ee11-bdf5-000d3a8fd327,f57acc37-4801-f111-8406-7c1e52146c0e,c29afc0a-9289-f011-b4cc-7c1e527d2157
00839025-4901-f111-8407-6045bda6c590,0,,,,,No Impact,1,0,,,22903802,04d25798-3a42-ee11-bdf5-000d3a8fd327,f57acc37-4801-f111-8406-7c1e52146c0e,23511df6-9189-f011-b4cc-7c1e527d2157
47da2027-4901-f111-8406-6045bdd8cc50,0,,,,,No Impact,1,0,,,22903800,04d25798-3a42-ee11-bdf5-000d3a8fd327,f57acc37-4801-f111-8406-7c1e52146c0e,c91de0e9-9189-f011-b4cc-7c1e527d2157
07957427-4901-f111-8406-7c1e52146908,0,,,,,No Impact,1,0,,,22903799,04d25798-3a42-ee11-bdf5-000d3a8fd327,f57acc37-4801-f111-8406-7c1e52146c0e,31d4e7e3-9189-f011-b4cc-7c1e527d2157
06bf3428-4901-f111-8407-7c1e5247a6bf,0,,,,,No Impact,1,0,,,22903797,04d25798-3a42-ee11-bdf5-000d3a8fd327,f57acc37-4801-f111-8406-7c1e52146c0e,740adf46-9289-f011-b4cc-7c1e527cd923
1e2eb826-4901-f111-8406-7ced8d1a487c,0,,,,,No Impact,1,0,,,22903792,04d25798-3a42-ee11-bdf5-000d3a8fd327,f57acc37-4801-f111-8406-7c1e52146c0e,6e1c0e50-9289-f011-b4cc-002248271486
1d2eb826-4901-f111-8406-7ced8d1a487c,0,,,,,No Impact,1,0,,,22903790,04d25798-3a42-ee11-bdf5-000d3a8fd327,f57acc37-4801-f111-8406-7c1e52146c0e,09e36ed6-9189-f011-b4cc-002248271486
fb829025-4901-f111-8407-6045bda6c590,0,,,,,No Impact,1,0,,,22903788,04d25798-3a42-ee11-bdf5-000d3a8fd327,f57acc37-4801-f111-8406-7c1e52146c0e,fc7f63d0-9189-f011-b4cc-002248271486
32ebd320-2b01-f111-8406-7ced8d1a487c,5,Essential for DD&T roadmap,,,,Moderate Impact,1,0,,,22902796,04d25798-3a42-ee11-bdf5-000d3a8fd327,c312baf3-2a01-f111-8406-7c1e5247a2b3,124ef45c-9289-f011-b4cc-002248271486
ecaf7c1f-2b01-f111-8406-7c1e52146908,5,cycle time reductions expected,,,,Moderate Impact,1,0,,,22902794,04d25798-3a42-ee11-bdf5-000d3a8fd327,c312baf3-2a01-f111-8406-7c1e5247a2b3,6e1c0e50-9289-f011-b4cc-002248271486
770d591e-2b01-f111-8407-7c1e5247a6bf,15,Above 1 OY,,,,Critical Impact,1,0,,,22902792,04d25798-3a42-ee11-bdf5-000d3a8fd327,c312baf3-2a01-f111-8406-7c1e5247a2b3,740adf46-9289-f011-b4cc-7c1e527cd923
750d591e-2b01-f111-8407-7c1e5247a6bf,5,required for site roadmap,,,,Moderate Impact,1,0,,,22902790,04d25798-3a42-ee11-bdf5-000d3a8fd327,c312baf3-2a01-f111-8406-7c1e5247a2b3,3182c040-9289-f011-b4cc-7c1e527cd923
27128624-2b01-f111-8407-7c1e5247a6bf,5,"MES implemented in Cell Bank, Central Utilities, Upstream but DS has more unit operations",,,,Moderate Impact,1,0,,,22902788,04d25798-3a42-ee11-bdf5-000d3a8fd327,c312baf3-2a01-f111-8406-7c1e5247a2b3,cba1c26b-9289-f011-b4cc-7c1e527d2157
ecda4521-2b01-f111-8406-7c1e52146c0e,10,Project cost estimated at $2mm,,,,High Impact,1,0,,,22902786,04d25798-3a42-ee11-bdf5-000d3a8fd327,c312baf3-2a01-f111-8406-7c1e5247a2b3,300edd89-9289-f011-b4cc-7c1e527d2157
8d310024-2b01-f111-8407-7c1e52146695,5,Will likely require shutdown to implement,,,,Moderate Impact,1,0,,,22902780,04d25798-3a42-ee11-bdf5-000d3a8fd327,c312baf3-2a01-f111-8406-7c1e5247a2b3,40a9de76-9289-f011-b4cc-7c1e527cd923
93310024-2b01-f111-8407-7c1e52146695,15,This is a large project,,,,Critical Impact,1,0,,,22902778,04d25798-3a42-ee11-bdf5-000d3a8fd327,c312baf3-2a01-f111-8406-7c1e5247a2b3,a633db83-9289-f011-b4cc-7c1e527d2157
d25b3520-2b01-f111-8406-6045bdd8cc50,0,,,,,No Impact,1,0,,,22902772,04d25798-3a42-ee11-bdf5-000d3a8fd327,c312baf3-2a01-f111-8406-7c1e5247a2b3,c29afc0a-9289-f011-b4cc-7c1e527d2157
41ebd320-2b01-f111-8406-7ced8d1a487c,0,,,,,No Impact,1,0,,,22902771,04d25798-3a42-ee11-bdf5-000d3a8fd327,c312baf3-2a01-f111-8406-7c1e5247a2b3,23511df6-9189-f011-b4cc-7c1e527d2157
8e310024-2b01-f111-8407-7c1e52146695,0,,,,,No Impact,1,0,,,22902770,04d25798-3a42-ee11-bdf5-000d3a8fd327,c312baf3-2a01-f111-8406-7c1e5247a2b3,c91de0e9-9189-f011-b4cc-7c1e527d2157
3bebd320-2b01-f111-8406-7ced8d1a487c,0,,,,,No Impact,1,0,,,22902769,04d25798-3a42-ee11-bdf5-000d3a8fd327,c312baf3-2a01-f111-8406-7c1e5247a2b3,31d4e7e3-9189-f011-b4cc-7c1e527d2157
730d591e-2b01-f111-8407-7c1e5247a6bf,0,,,,,No Impact,1,0,,,22902759,04d25798-3a42-ee11-bdf5-000d3a8fd327,c312baf3-2a01-f111-8406-7c1e5247a2b3,09e36ed6-9189-f011-b4cc-002248271486
529c601f-2b01-f111-8407-6045bda6c590,0,,,,,No Impact,1,0,,,22902757,04d25798-3a42-ee11-bdf5-000d3a8fd327,c312baf3-2a01-f111-8406-7c1e5247a2b3,fc7f63d0-9189-f011-b4cc-002248271486
3e27f0f4-2801-f111-8406-6045bdd8cc50,1,Pharm Sci has all the experience,,,,Low Impact,1,0,,,22902707,04d25798-3a42-ee11-bdf5-000d3a8fd327,ff6dc0e5-2801-f111-8406-7c1e52146c0e,cba1c26b-9289-f011-b4cc-7c1e527d2157
e78f77f7-2801-f111-8406-7c1e5247a2b3,0,N/A,,,,No Impact,1,0,,,22902704,04d25798-3a42-ee11-bdf5-000d3a8fd327,ff6dc0e5-2801-f111-8406-7c1e52146c0e,c91de0e9-9189-f011-b4cc-7c1e527d2157
e68f77f7-2801-f111-8406-7c1e5247a2b3,0,N/A,,,,No Impact,1,0,,,22902703,04d25798-3a42-ee11-bdf5-000d3a8fd327,ff6dc0e5-2801-f111-8406-7c1e52146c0e,31d4e7e3-9189-f011-b4cc-7c1e527d2157
fc792cf5-2801-f111-8406-7c1e52146908,0,N/A,,,,No Impact,1,0,,,22902701,04d25798-3a42-ee11-bdf5-000d3a8fd327,ff6dc0e5-2801-f111-8406-7c1e52146c0e,09e36ed6-9189-f011-b4cc-002248271486
3527f0f4-2801-f111-8406-6045bdd8cc50,15,FoF Road Map & Clinical Launch Center requirement for MBO,,,,Critical Impact,1,0,,,22902699,04d25798-3a42-ee11-bdf5-000d3a8fd327,ff6dc0e5-2801-f111-8406-7c1e52146c0e,124ef45c-9289-f011-b4cc-002248271486
e8cae7f7-2801-f111-8406-7c1e52146c0e,0,N/A,,,,No Impact,1,0,,,22902697,04d25798-3a42-ee11-bdf5-000d3a8fd327,ff6dc0e5-2801-f111-8406-7c1e52146c0e,23511df6-9189-f011-b4cc-7c1e527d2157
f6cae7f7-2801-f111-8406-7c1e52146c0e,5,Will be coupled with 4th BRX,,,,Moderate Impact,1,0,,,22902695,04d25798-3a42-ee11-bdf5-000d3a8fd327,ff6dc0e5-2801-f111-8406-7c1e52146c0e,a633db83-9289-f011-b4cc-7c1e527d2157
e6d323f8-2801-f111-8406-7ced8d1a487c,1,No impact,,,,Low Impact,1,0,,,22902693,04d25798-3a42-ee11-bdf5-000d3a8fd327,ff6dc0e5-2801-f111-8406-7c1e52146c0e,40a9de76-9289-f011-b4cc-7c1e527cd923
3c27f0f4-2801-f111-8406-6045bdd8cc50,0,No impact- new technology,,,,No Impact,1,0,,,22902691,04d25798-3a42-ee11-bdf5-000d3a8fd327,ff6dc0e5-2801-f111-8406-7c1e52146c0e,c29afc0a-9289-f011-b4cc-7c1e527d2157
3427f0f4-2801-f111-8406-6045bdd8cc50,10,output with 2nd generation mAb process,,,,High Impact,1,0,,,22902689,04d25798-3a42-ee11-bdf5-000d3a8fd327,ff6dc0e5-2801-f111-8406-7c1e52146c0e,6e1c0e50-9289-f011-b4cc-002248271486
e5d323f8-2801-f111-8406-7ced8d1a487c,0,Strategic Investment,PAR lite completed,,,No Impact,1,0,,,22902687,04d25798-3a42-ee11-bdf5-000d3a8fd327,ff6dc0e5-2801-f111-8406-7c1e52146c0e,740adf46-9289-f011-b4cc-7c1e527cd923
fa792cf5-2801-f111-8406-7c1e52146908,0,N/A,,,,No Impact,1,0,,,22902685,04d25798-3a42-ee11-bdf5-000d3a8fd327,ff6dc0e5-2801-f111-8406-7c1e52146c0e,fc7f63d0-9189-f011-b4cc-002248271486
3f27f0f4-2801-f111-8406-6045bdd8cc50,10,estimates from quotes,,,,High Impact,1,0,,,22902683,04d25798-3a42-ee11-bdf5-000d3a8fd327,ff6dc0e5-2801-f111-8406-7c1e52146c0e,300edd89-9289-f011-b4cc-7c1e527d2157
3627f0f4-2801-f111-8406-6045bdd8cc50,0,No impact to current state,,,,No Impact,1,0,,,22902681,04d25798-3a42-ee11-bdf5-000d3a8fd327,ff6dc0e5-2801-f111-8406-7c1e52146c0e,3182c040-9289-f011-b4cc-7c1e527cd923
99bc3ba0-2001-f111-8406-7ced8d1a487c,5,The project team has experience and are working closely with the Thousand Oaks project team for smooth transition.,,,,Moderate Impact,1,0,,,22902449,04d25798-3a42-ee11-bdf5-000d3a8fd327,28b8409a-2001-f111-8406-7ced8d1a487c,cba1c26b-9289-f011-b4cc-7c1e527d2157
9abc3ba0-2001-f111-8406-7ced8d1a487c,5,Estimation is based on the FTE hours involved in the project planning and execution,,,,Moderate Impact,1,0,,,22902447,04d25798-3a42-ee11-bdf5-000d3a8fd327,28b8409a-2001-f111-8406-7ced8d1a487c,a633db83-9289-f011-b4cc-7c1e527d2157
b9765d9f-2001-f111-8406-6045bdd8cc50,1,"The project plan is to have the Thousands Oak operations up and running, so there should be minimal impact to production at Alewife.",,,,Low Impact,1,0,,,22902445,04d25798-3a42-ee11-bdf5-000d3a8fd327,28b8409a-2001-f111-8406-7ced8d1a487c,40a9de76-9289-f011-b4cc-7c1e527cd923
bc765d9f-2001-f111-8406-6045bdd8cc50,5,The Alewife transition project cost at this stage is estimated only for the FTE hours being dedicated on the project,,,,Moderate Impact,1,0,,,22902443,04d25798-3a42-ee11-bdf5-000d3a8fd327,28b8409a-2001-f111-8406-7ced8d1a487c,300edd89-9289-f011-b4cc-7c1e527d2157
98bc3ba0-2001-f111-8406-7ced8d1a487c,0,,,,,No Impact,1,0,,,22902435,04d25798-3a42-ee11-bdf5-000d3a8fd327,28b8409a-2001-f111-8406-7ced8d1a487c,c29afc0a-9289-f011-b4cc-7c1e527d2157
97bc3ba0-2001-f111-8406-7ced8d1a487c,0,,,,,No Impact,1,0,,,22902434,04d25798-3a42-ee11-bdf5-000d3a8fd327,28b8409a-2001-f111-8406-7ced8d1a487c,23511df6-9189-f011-b4cc-7c1e527d2157
96bc3ba0-2001-f111-8406-7ced8d1a487c,0,,,,,No Impact,1,0,,,22902433,04d25798-3a42-ee11-bdf5-000d3a8fd327,28b8409a-2001-f111-8406-7ced8d1a487c,c91de0e9-9189-f011-b4cc-7c1e527d2157
bb765d9f-2001-f111-8406-6045bdd8cc50,0,,,,,No Impact,1,0,,,22902432,04d25798-3a42-ee11-bdf5-000d3a8fd327,28b8409a-2001-f111-8406-7ced8d1a487c,31d4e7e3-9189-f011-b4cc-7c1e527d2157
b8765d9f-2001-f111-8406-6045bdd8cc50,0,,,,,No Impact,1,0,,,22902430,04d25798-3a42-ee11-bdf5-000d3a8fd327,28b8409a-2001-f111-8406-7ced8d1a487c,740adf46-9289-f011-b4cc-7c1e527cd923
b7765d9f-2001-f111-8406-6045bdd8cc50,0,,,,,No Impact,1,0,,,22902429,04d25798-3a42-ee11-bdf5-000d3a8fd327,28b8409a-2001-f111-8406-7ced8d1a487c,3182c040-9289-f011-b4cc-7c1e527cd923
95bc3ba0-2001-f111-8406-7ced8d1a487c,0,,,,,No Impact,1,0,,,22902428,04d25798-3a42-ee11-bdf5-000d3a8fd327,28b8409a-2001-f111-8406-7ced8d1a487c,124ef45c-9289-f011-b4cc-002248271486
94bc3ba0-2001-f111-8406-7ced8d1a487c,0,,,,,No Impact,1,0,,,22902427,04d25798-3a42-ee11-bdf5-000d3a8fd327,28b8409a-2001-f111-8406-7ced8d1a487c,6e1c0e50-9289-f011-b4cc-002248271486
93bc3ba0-2001-f111-8406-7ced8d1a487c,0,,,,,No Impact,1,0,,,22902426,04d25798-3a42-ee11-bdf5-000d3a8fd327,28b8409a-2001-f111-8406-7ced8d1a487c,09e36ed6-9189-f011-b4cc-002248271486
b5765d9f-2001-f111-8406-6045bdd8cc50,0,,,,,No Impact,1,0,,,22902425,04d25798-3a42-ee11-bdf5-000d3a8fd327,28b8409a-2001-f111-8406-7ced8d1a487c,fc7f63d0-9189-f011-b4cc-002248271486
62798cdd-d1ef-f011-8406-00224832861e,1,Only resources to implement change control. Potentially IQ but no additional CAPEX.,,,,Low Impact,1,0,,,22902330,04d25798-3a42-ee11-bdf5-000d3a8fd327,9f3d3db7-d1ef-f011-8407-000d3a12f42f,300edd89-9289-f011-b4cc-7c1e527d2157
8bef9ad8-d1ef-f011-8407-002248271a42,1,Generation and execution of Level 2 change control. IQ required. Potential Regulatory impact. To be confirmed at the PCP endorsement stage.,,,,Low Impact,1,0,,,22902328,04d25798-3a42-ee11-bdf5-000d3a8fd327,9f3d3db7-d1ef-f011-8407-000d3a12f42f,a633db83-9289-f011-b4cc-7c1e527d2157
2c8f99dc-d1ef-f011-8407-000d3a12f42f,1,No changes to process parameters or control strategy. No new materials required.,,,,Low Impact,1,0,,,22902326,04d25798-3a42-ee11-bdf5-000d3a8fd327,9f3d3db7-d1ef-f011-8407-000d3a12f42f,cba1c26b-9289-f011-b4cc-7c1e527d2157
895977d7-d1ef-f011-8406-00224832861e,0,N/A,,,,No Impact,1,0,,,22902324,04d25798-3a42-ee11-bdf5-000d3a8fd327,9f3d3db7-d1ef-f011-8407-000d3a12f42f,09e36ed6-9189-f011-b4cc-002248271486
7942aeda-d1ef-f011-8407-000d3a4db76e,0,N/A,,,,No Impact,1,0,,,22902322,04d25798-3a42-ee11-bdf5-000d3a8fd327,9f3d3db7-d1ef-f011-8407-000d3a12f42f,c91de0e9-9189-f011-b4cc-7c1e527d2157
7842aeda-d1ef-f011-8407-000d3a4db76e,1,Less material usage with filter reduction,,,,Low Impact,1,0,,,22902320,04d25798-3a42-ee11-bdf5-000d3a8fd327,9f3d3db7-d1ef-f011-8407-000d3a12f42f,31d4e7e3-9189-f011-b4cc-7c1e527d2157
8e5977d7-d1ef-f011-8406-00224832861e,5,COGS reduction,,,,Moderate Impact,1,0,,,22902318,04d25798-3a42-ee11-bdf5-000d3a8fd327,9f3d3db7-d1ef-f011-8407-000d3a12f42f,124ef45c-9289-f011-b4cc-002248271486
87ef9ad8-d1ef-f011-8407-002248271a42,0,N/A,,,,No Impact,1,0,,,22902316,04d25798-3a42-ee11-bdf5-000d3a8fd327,9f3d3db7-d1ef-f011-8407-000d3a12f42f,23511df6-9189-f011-b4cc-7c1e527d2157
3e42aeda-d1ef-f011-8407-000d3a4db76e,1,No change in MPS required.,,,,Low Impact,1,0,,,22902312,04d25798-3a42-ee11-bdf5-000d3a8fd327,9f3d3db7-d1ef-f011-8407-000d3a12f42f,40a9de76-9289-f011-b4cc-7c1e527cd923
61798cdd-d1ef-f011-8406-00224832861e,0,Change is to drive continuous improvement and reduce COGS.,,,,No Impact,1,0,,,22902306,04d25798-3a42-ee11-bdf5-000d3a8fd327,9f3d3db7-d1ef-f011-8407-000d3a12f42f,c29afc0a-9289-f011-b4cc-7c1e527d2157
158765d6-d1ef-f011-8407-000d3a12f42f,5,Cost savings from reduction of filters from 10 to 5. Cost of 5 filters is approx. $3152. Over 29 Elaprase DS batch would results in approx. over $90000 in savings,Elaprase DS MPS.,,,Moderate Impact,1,0,,,22902294,04d25798-3a42-ee11-bdf5-000d3a8fd327,9f3d3db7-d1ef-f011-8407-000d3a12f42f,740adf46-9289-f011-b4cc-7c1e527cd923
118765d6-d1ef-f011-8407-000d3a12f42f,0,No change in any process parameters including pressure requirements,,,,No Impact,1,0,,,22902264,04d25798-3a42-ee11-bdf5-000d3a8fd327,9f3d3db7-d1ef-f011-8407-000d3a12f42f,fc7f63d0-9189-f011-b4cc-002248271486
78ef9ad8-d1ef-f011-8407-002248271a42,1,"The project is to reduce materials consumption in the Elaprase DS production. 
IOQ required.",,,,Low Impact,1,0,,,22902252,04d25798-3a42-ee11-bdf5-000d3a8fd327,9f3d3db7-d1ef-f011-8407-000d3a12f42f,3182c040-9289-f011-b4cc-7c1e527cd923
c63e78fd-5a00-f111-8406-7ced8d17503e,1,Global ENG support as well,,,,Low Impact,1,0,,,22897094,04d25798-3a42-ee11-bdf5-000d3a8fd327,01960369-5900-f111-8406-7c1e5247a2b3,cba1c26b-9289-f011-b4cc-7c1e527d2157
be3e78fd-5a00-f111-8406-7ced8d17503e,0,N/A,,,,No Impact,1,0,,,22897092,04d25798-3a42-ee11-bdf5-000d3a8fd327,01960369-5900-f111-8406-7c1e5247a2b3,31d4e7e3-9189-f011-b4cc-7c1e527d2157
e4738b02-5b00-f111-8406-7c1e52146c0e,0,N/A,,,,No Impact,1,0,,,22897090,04d25798-3a42-ee11-bdf5-000d3a8fd327,01960369-5900-f111-8406-7c1e5247a2b3,c91de0e9-9189-f011-b4cc-7c1e527d2157
f6436e01-5b00-f111-8406-6045bdd8cc50,0,N/A,N/A,,,No Impact,1,0,,,22897088,04d25798-3a42-ee11-bdf5-000d3a8fd327,01960369-5900-f111-8406-7c1e5247a2b3,09e36ed6-9189-f011-b4cc-002248271486
90ba84fc-5a00-f111-8406-7c1e52146c0e,15,Approved on FoF road map,Capacity Impact on bottleneck step,,,Critical Impact,1,0,,,22897086,04d25798-3a42-ee11-bdf5-000d3a8fd327,01960369-5900-f111-8406-7c1e5247a2b3,124ef45c-9289-f011-b4cc-002248271486
e6738b02-5b00-f111-8406-7c1e52146c0e,0,None,None,,,No Impact,1,0,,,22897084,04d25798-3a42-ee11-bdf5-000d3a8fd327,01960369-5900-f111-8406-7c1e5247a2b3,23511df6-9189-f011-b4cc-7c1e527d2157
c93e78fd-5a00-f111-8406-7ced8d17503e,1,simple change control nd automation update,,,,Low Impact,1,0,,,22897082,04d25798-3a42-ee11-bdf5-000d3a8fd327,01960369-5900-f111-8406-7c1e5247a2b3,a633db83-9289-f011-b4cc-7c1e527d2157
91ba84fc-5a00-f111-8406-7c1e52146c0e,1,Automation update can be managed during routine production,N/A,,,Low Impact,1,0,,,22897080,04d25798-3a42-ee11-bdf5-000d3a8fd327,01960369-5900-f111-8406-7c1e5247a2b3,40a9de76-9289-f011-b4cc-7c1e527cd923
b93e78fd-5a00-f111-8406-7ced8d17503e,15,Cycle time reduction on 2k BRX,2k BRX is the known bottleneck,,,Critical Impact,1,0,,,22897078,04d25798-3a42-ee11-bdf5-000d3a8fd327,01960369-5900-f111-8406-7c1e5247a2b3,6e1c0e50-9289-f011-b4cc-002248271486
07446e01-5b00-f111-8406-6045bdd8cc50,1,"Will save 1.5 hours of BRX set up time per batch, combined with other slated projects this will have a >1.0OkuYen COP Savings",Creates capacity in the 2k BRX which is MBO's rate limiting factor to total site capacity,,,Low Impact,1,0,,,22897075,04d25798-3a42-ee11-bdf5-000d3a8fd327,01960369-5900-f111-8406-7c1e5247a2b3,740adf46-9289-f011-b4cc-7c1e527cd923
8fba84fc-5a00-f111-8406-7c1e52146c0e,0,No safety impact,,,,No Impact,1,0,,,22897073,04d25798-3a42-ee11-bdf5-000d3a8fd327,01960369-5900-f111-8406-7c1e5247a2b3,fc7f63d0-9189-f011-b4cc-002248271486
cb3e78fd-5a00-f111-8406-7ced8d17503e,1,OpEx: FTE Hours Only,,,,Low Impact,1,0,,,22897071,04d25798-3a42-ee11-bdf5-000d3a8fd327,01960369-5900-f111-8406-7c1e5247a2b3,300edd89-9289-f011-b4cc-7c1e527d2157
06446e01-5b00-f111-8406-6045bdd8cc50,0,Not required,,,,No Impact,1,0,,,22897069,04d25798-3a42-ee11-bdf5-000d3a8fd327,01960369-5900-f111-8406-7c1e5247a2b3,3182c040-9289-f011-b4cc-7c1e527cd923
c53e78fd-5a00-f111-8406-7ced8d17503e,0,,,,,No Impact,1,0,,,22897065,04d25798-3a42-ee11-bdf5-000d3a8fd327,01960369-5900-f111-8406-7c1e5247a2b3,c29afc0a-9289-f011-b4cc-7c1e527d2157
1eddfe60-5400-f111-8406-7c1e52146908,0,Varies by risk identified,,,,No Impact,1,0,,,22896908,04d25798-3a42-ee11-bdf5-000d3a8fd327,f58c9f0b-5400-f111-8406-7ced8d17503e,c29afc0a-9289-f011-b4cc-7c1e527d2157
0cddfe60-5400-f111-8406-7c1e52146908,5,Value Creation is not attributed to this effort but enables other projects that have it,,,,Moderate Impact,1,0,,,22896906,04d25798-3a42-ee11-bdf5-000d3a8fd327,f58c9f0b-5400-f111-8406-7ced8d17503e,124ef45c-9289-f011-b4cc-002248271486
26ddfe60-5400-f111-8406-7c1e52146908,10,Typical level of effort based on previous years,,,,High Impact,1,0,,,22896904,04d25798-3a42-ee11-bdf5-000d3a8fd327,f58c9f0b-5400-f111-8406-7ced8d17503e,a633db83-9289-f011-b4cc-7c1e527d2157
1bddfe60-5400-f111-8406-7c1e52146908,5,Varies by risk identified.  Most risks are quality related,,,,Moderate Impact,1,0,,,22896902,04d25798-3a42-ee11-bdf5-000d3a8fd327,f58c9f0b-5400-f111-8406-7ced8d17503e,23511df6-9189-f011-b4cc-7c1e527d2157
3aa9ae63-5400-f111-8406-6045bdd8cc50,5,Varies by risk identified.  typically response is either known or identified during risk assessment activities,,,,Moderate Impact,1,0,,,22896900,04d25798-3a42-ee11-bdf5-000d3a8fd327,f58c9f0b-5400-f111-8406-7ced8d17503e,cba1c26b-9289-f011-b4cc-7c1e527d2157
33a9ae63-5400-f111-8406-6045bdd8cc50,1,No impact to production.  The risk actions will be documented as separate projects as needed,,,,Low Impact,1,0,,,22896895,04d25798-3a42-ee11-bdf5-000d3a8fd327,f58c9f0b-5400-f111-8406-7ced8d17503e,40a9de76-9289-f011-b4cc-7c1e527cd923
f20cb062-5400-f111-8407-6045bda6c590,1,No capex or unbudgeted opex costs needed.  Uses people already at takeda,,,,Low Impact,1,0,,,22896893,04d25798-3a42-ee11-bdf5-000d3a8fd327,f58c9f0b-5400-f111-8406-7ced8d17503e,300edd89-9289-f011-b4cc-7c1e527d2157
c0818263-5400-f111-8406-7c1e5247a2b3,1,Sometimes impacts systems,,,,Low Impact,1,0,,,22896891,04d25798-3a42-ee11-bdf5-000d3a8fd327,f58c9f0b-5400-f111-8406-7ced8d17503e,3182c040-9289-f011-b4cc-7c1e527cd923
3a2b5e5e-5400-f111-8406-7ced8d17503e,0,,,,,No Impact,1,0,,,22896885,04d25798-3a42-ee11-bdf5-000d3a8fd327,f58c9f0b-5400-f111-8406-7ced8d17503e,c91de0e9-9189-f011-b4cc-7c1e527d2157
eb0cb062-5400-f111-8407-6045bda6c590,0,,,,,No Impact,1,0,,,22896883,04d25798-3a42-ee11-bdf5-000d3a8fd327,f58c9f0b-5400-f111-8406-7ced8d17503e,31d4e7e3-9189-f011-b4cc-7c1e527d2157
362b5e5e-5400-f111-8406-7ced8d17503e,0,,,,,No Impact,1,0,,,22896881,04d25798-3a42-ee11-bdf5-000d3a8fd327,f58c9f0b-5400-f111-8406-7ced8d17503e,740adf46-9289-f011-b4cc-7c1e527cd923
352b5e5e-5400-f111-8406-7ced8d17503e,0,,,,,No Impact,1,0,,,22896876,04d25798-3a42-ee11-bdf5-000d3a8fd327,f58c9f0b-5400-f111-8406-7ced8d17503e,6e1c0e50-9289-f011-b4cc-002248271486
41806d5d-5400-f111-8406-7c1e5247a2b3,0,,,,,No Impact,1,0,,,22896874,04d25798-3a42-ee11-bdf5-000d3a8fd327,f58c9f0b-5400-f111-8406-7ced8d17503e,09e36ed6-9189-f011-b4cc-002248271486
70958d5d-5400-f111-8406-6045bdd8cc50,0,,,,,No Impact,1,0,,,22896872,04d25798-3a42-ee11-bdf5-000d3a8fd327,f58c9f0b-5400-f111-8406-7ced8d17503e,fc7f63d0-9189-f011-b4cc-002248271486
218edaa4-1dfd-f011-8406-6045bdd8cc50,15,Based on projects of similar size.,,,,Critical Impact,1,0,,,22870668,04d25798-3a42-ee11-bdf5-000d3a8fd327,76412135-1dfd-f011-8406-7c1e5247a2b3,a633db83-9289-f011-b4cc-7c1e527d2157
49a9b6a2-1dfd-f011-8406-7c1e52146908,5,Most likely scenario would be a heat pump steam generator.  We do not have local experience with this but the Vienna site does.  We would need to work with a local design engineering firm that has heat pump experience which should not be an issue.,,,,Moderate Impact,1,0,,,22870666,04d25798-3a42-ee11-bdf5-000d3a8fd327,76412135-1dfd-f011-8406-7c1e5247a2b3,cba1c26b-9289-f011-b4cc-7c1e527d2157
1c8edaa4-1dfd-f011-8406-6045bdd8cc50,5,Will require work during a shutdown but should not be a major production schedule impact.,,,,Moderate Impact,1,0,,,22870664,04d25798-3a42-ee11-bdf5-000d3a8fd327,76412135-1dfd-f011-8406-7c1e5247a2b3,40a9de76-9289-f011-b4cc-7c1e527cd923
8540f8a7-1dfd-f011-8407-7c1e52146c0e,15,This project will help MBO achieve Net Zero as required by our Corporate sustainability goals.,Estimate based on the cost of installing new steam boilers and all of the require infrastructure.,,,Critical Impact,1,0,,,22870662,04d25798-3a42-ee11-bdf5-000d3a8fd327,76412135-1dfd-f011-8406-7c1e5247a2b3,300edd89-9289-f011-b4cc-7c1e527d2157
208edaa4-1dfd-f011-8406-6045bdd8cc50,0,,,,,No Impact,1,0,,,22870658,04d25798-3a42-ee11-bdf5-000d3a8fd327,76412135-1dfd-f011-8406-7c1e5247a2b3,c29afc0a-9289-f011-b4cc-7c1e527d2157
48a9b6a2-1dfd-f011-8406-7c1e52146908,0,,,,,No Impact,1,0,,,22870657,04d25798-3a42-ee11-bdf5-000d3a8fd327,76412135-1dfd-f011-8406-7c1e5247a2b3,23511df6-9189-f011-b4cc-7c1e527d2157
f0420fa4-1dfd-f011-8406-6045bda6c590,0,,,,,No Impact,1,0,,,22870656,04d25798-3a42-ee11-bdf5-000d3a8fd327,76412135-1dfd-f011-8406-7c1e5247a2b3,c91de0e9-9189-f011-b4cc-7c1e527d2157
89128ba1-1dfd-f011-8407-7c1e52146c0e,0,,,,,No Impact,1,0,,,22870655,04d25798-3a42-ee11-bdf5-000d3a8fd327,76412135-1dfd-f011-8406-7c1e5247a2b3,31d4e7e3-9189-f011-b4cc-7c1e527d2157
ef420fa4-1dfd-f011-8406-6045bda6c590,0,,,,,No Impact,1,0,,,22870653,04d25798-3a42-ee11-bdf5-000d3a8fd327,76412135-1dfd-f011-8406-7c1e5247a2b3,740adf46-9289-f011-b4cc-7c1e527cd923
1b8edaa4-1dfd-f011-8406-6045bdd8cc50,0,,,,,No Impact,1,0,,,22870652,04d25798-3a42-ee11-bdf5-000d3a8fd327,76412135-1dfd-f011-8406-7c1e5247a2b3,3182c040-9289-f011-b4cc-7c1e527cd923
1a8edaa4-1dfd-f011-8406-6045bdd8cc50,0,,,,,No Impact,1,0,,,22870650,04d25798-3a42-ee11-bdf5-000d3a8fd327,76412135-1dfd-f011-8406-7c1e5247a2b3,124ef45c-9289-f011-b4cc-002248271486
2da9b6a2-1dfd-f011-8406-7c1e52146908,0,,,,,No Impact,1,0,,,22870648,04d25798-3a42-ee11-bdf5-000d3a8fd327,76412135-1dfd-f011-8406-7c1e5247a2b3,6e1c0e50-9289-f011-b4cc-002248271486
88128ba1-1dfd-f011-8407-7c1e52146c0e,0,,,,,No Impact,1,0,,,22870647,04d25798-3a42-ee11-bdf5-000d3a8fd327,76412135-1dfd-f011-8406-7c1e5247a2b3,09e36ed6-9189-f011-b4cc-002248271486
ee420fa4-1dfd-f011-8406-6045bda6c590,0,,,,,No Impact,1,0,,,22870645,04d25798-3a42-ee11-bdf5-000d3a8fd327,76412135-1dfd-f011-8406-7c1e5247a2b3,fc7f63d0-9189-f011-b4cc-002248271486
73af9241-77c1-f011-bbd2-000d3a8f6005,5,Rough estimate based on previous phases (300-2000 Labor Hours).,,,,Moderate Impact,1,0,,,22867281,04d25798-3a42-ee11-bdf5-000d3a8fd327,8b91df39-75ba-f011-bbd3-6045bddb6d09,a633db83-9289-f011-b4cc-7c1e527d2157
5eb42143-77c1-f011-bbd3-7c1e527cd923,1,Minor equipment purchases and labor.,,,,Low Impact,1,0,,,22867268,04d25798-3a42-ee11-bdf5-000d3a8fd327,8b91df39-75ba-f011-bbd3-6045bddb6d09,300edd89-9289-f011-b4cc-7c1e527d2157
bea773e4-69fc-f011-8406-7c1e52146908,10,"Contamination increases the COGS, and decreases RFT.",achieving MPS is needed to meet strategic and site objectives,,,High Impact,1,0,,,22865420,04d25798-3a42-ee11-bdf5-000d3a8fd327,4f78c6d7-69fc-f011-8406-6045bdd8cc50,124ef45c-9289-f011-b4cc-002248271486
64f588e0-69fc-f011-8407-7c1e52146c0e,1,Some controls may exist but CCS assessment may identify more,,,,Low Impact,1,0,,,22865418,04d25798-3a42-ee11-bdf5-000d3a8fd327,4f78c6d7-69fc-f011-8406-6045bdd8cc50,c29afc0a-9289-f011-b4cc-7c1e527d2157
a45f81e2-69fc-f011-8406-7c1e5247a2b3,10,Loss of 7 batches in 2025 equates to reater than 10% yield,The calculation for yield includes the amount of DS produced. The financial calculation for yield includes the discards from contamination (per calculation from finance).,,,High Impact,1,0,,,22865416,04d25798-3a42-ee11-bdf5-000d3a8fd327,4f78c6d7-69fc-f011-8406-6045bdd8cc50,6e1c0e50-9289-f011-b4cc-002248271486
a55f81e2-69fc-f011-8406-7c1e5247a2b3,15,400 Shire Way site has had 14 contaminations (2023-202)  with the cleaning as a potential contributor,Cost per batch is approximately $3M (USD) of which $9M could be attributed to cleaning/sanitization methodology,,,Critical Impact,1,0,,,22865414,04d25798-3a42-ee11-bdf5-000d3a8fd327,4f78c6d7-69fc-f011-8406-6045bdd8cc50,740adf46-9289-f011-b4cc-7c1e527cd923
8a04c9e4-69fc-f011-8406-6045bda6c590,1,Outcome of the CCS assessment may drive cost in the use of consumable items to clean the MFG facilities.,,,,Low Impact,1,0,,,22865412,04d25798-3a42-ee11-bdf5-000d3a8fd327,4f78c6d7-69fc-f011-8406-6045bdd8cc50,300edd89-9289-f011-b4cc-7c1e527d2157
4d0965e5-69fc-f011-8406-6045bdd8cc50,0,N/A,,,,No Impact,1,0,,,22865410,04d25798-3a42-ee11-bdf5-000d3a8fd327,4f78c6d7-69fc-f011-8406-6045bdd8cc50,3182c040-9289-f011-b4cc-7c1e527cd923
a85f81e2-69fc-f011-8406-7c1e5247a2b3,0,None identified,,,,No Impact,1,0,,,22865326,04d25798-3a42-ee11-bdf5-000d3a8fd327,4f78c6d7-69fc-f011-8406-6045bdd8cc50,23511df6-9189-f011-b4cc-7c1e527d2157
520965e5-69fc-f011-8406-6045bdd8cc50,1,Should have outcomes that are easily completed at the site,,,,Low Impact,1,0,,,22865324,04d25798-3a42-ee11-bdf5-000d3a8fd327,4f78c6d7-69fc-f011-8406-6045bdd8cc50,cba1c26b-9289-f011-b4cc-7c1e527d2157
a95f81e2-69fc-f011-8406-7c1e5247a2b3,5,8-10 FTE @ 20 for 4.5 months,,,,Moderate Impact,1,0,,,22865317,04d25798-3a42-ee11-bdf5-000d3a8fd327,4f78c6d7-69fc-f011-8406-6045bdd8cc50,a633db83-9289-f011-b4cc-7c1e527d2157
4e0965e5-69fc-f011-8406-6045bdd8cc50,1,No expected impact to site product schedule,,,,Low Impact,1,0,,,22865315,04d25798-3a42-ee11-bdf5-000d3a8fd327,4f78c6d7-69fc-f011-8406-6045bdd8cc50,40a9de76-9289-f011-b4cc-7c1e527cd923
c4a773e4-69fc-f011-8406-7c1e52146908,0,,,,,No Impact,1,0,,,22865299,04d25798-3a42-ee11-bdf5-000d3a8fd327,4f78c6d7-69fc-f011-8406-6045bdd8cc50,c91de0e9-9189-f011-b4cc-7c1e527d2157
c3a773e4-69fc-f011-8406-7c1e52146908,0,,,,,No Impact,1,0,,,22865298,04d25798-3a42-ee11-bdf5-000d3a8fd327,4f78c6d7-69fc-f011-8406-6045bdd8cc50,31d4e7e3-9189-f011-b4cc-7c1e527d2157
62f588e0-69fc-f011-8407-7c1e52146c0e,0,,,,,No Impact,1,0,,,22865289,04d25798-3a42-ee11-bdf5-000d3a8fd327,4f78c6d7-69fc-f011-8406-6045bdd8cc50,09e36ed6-9189-f011-b4cc-002248271486
61f588e0-69fc-f011-8407-7c1e52146c0e,0,,,,,No Impact,1,0,,,22865287,04d25798-3a42-ee11-bdf5-000d3a8fd327,4f78c6d7-69fc-f011-8406-6045bdd8cc50,fc7f63d0-9189-f011-b4cc-002248271486
bd9f5a2b-5dfc-f011-8406-7c1e5247a2b3,1,leverages solution deployed at 400 sw,,,,Low Impact,1,0,,,22864841,04d25798-3a42-ee11-bdf5-000d3a8fd327,76d35f25-5dfc-f011-8406-7c1e5247a2b3,cba1c26b-9289-f011-b4cc-7c1e527d2157
be9f5a2b-5dfc-f011-8406-7c1e5247a2b3,5,standard project,,,,Moderate Impact,1,0,,,22864839,04d25798-3a42-ee11-bdf5-000d3a8fd327,76d35f25-5dfc-f011-8406-7c1e5247a2b3,a633db83-9289-f011-b4cc-7c1e527d2157
9d7a792d-5dfc-f011-8406-6045bdd8cc50,1,no impact,,,,Low Impact,1,0,,,22864836,04d25798-3a42-ee11-bdf5-000d3a8fd327,76d35f25-5dfc-f011-8406-7c1e5247a2b3,40a9de76-9289-f011-b4cc-7c1e527cd923
a17a792d-5dfc-f011-8406-6045bdd8cc50,1,a,,,,Low Impact,1,0,,,22864834,04d25798-3a42-ee11-bdf5-000d3a8fd327,76d35f25-5dfc-f011-8406-7c1e5247a2b3,300edd89-9289-f011-b4cc-7c1e527d2157
24dd8d29-5dfc-f011-8407-7c1e52146c0e,0,,,,,No Impact,1,0,,,22864786,04d25798-3a42-ee11-bdf5-000d3a8fd327,76d35f25-5dfc-f011-8406-7c1e5247a2b3,c29afc0a-9289-f011-b4cc-7c1e527d2157
23dd8d29-5dfc-f011-8407-7c1e52146c0e,0,,,,,No Impact,1,0,,,22864785,04d25798-3a42-ee11-bdf5-000d3a8fd327,76d35f25-5dfc-f011-8406-7c1e5247a2b3,23511df6-9189-f011-b4cc-7c1e527d2157
22dd8d29-5dfc-f011-8407-7c1e52146c0e,0,,,,,No Impact,1,0,,,22864784,04d25798-3a42-ee11-bdf5-000d3a8fd327,76d35f25-5dfc-f011-8406-7c1e5247a2b3,c91de0e9-9189-f011-b4cc-7c1e527d2157
b69f5a2b-5dfc-f011-8406-7c1e5247a2b3,0,,,,,No Impact,1,0,,,22864783,04d25798-3a42-ee11-bdf5-000d3a8fd327,76d35f25-5dfc-f011-8406-7c1e5247a2b3,31d4e7e3-9189-f011-b4cc-7c1e527d2157
20dd8d29-5dfc-f011-8407-7c1e52146c0e,0,,,,,No Impact,1,0,,,22864780,04d25798-3a42-ee11-bdf5-000d3a8fd327,76d35f25-5dfc-f011-8406-7c1e5247a2b3,740adf46-9289-f011-b4cc-7c1e527cd923
9ac27227-5dfc-f011-8406-6045bdd8cc50,0,,,,,No Impact,1,0,,,22864779,04d25798-3a42-ee11-bdf5-000d3a8fd327,76d35f25-5dfc-f011-8406-7c1e5247a2b3,3182c040-9289-f011-b4cc-7c1e527cd923
ac9f5a2b-5dfc-f011-8406-7c1e5247a2b3,0,,,,,No Impact,1,0,,,22864778,04d25798-3a42-ee11-bdf5-000d3a8fd327,76d35f25-5dfc-f011-8406-7c1e5247a2b3,124ef45c-9289-f011-b4cc-002248271486
99c27227-5dfc-f011-8406-6045bdd8cc50,0,,,,,No Impact,1,0,,,22864777,04d25798-3a42-ee11-bdf5-000d3a8fd327,76d35f25-5dfc-f011-8406-7c1e5247a2b3,6e1c0e50-9289-f011-b4cc-002248271486
a89f5a2b-5dfc-f011-8406-7c1e5247a2b3,0,,,,,No Impact,1,0,,,22864776,04d25798-3a42-ee11-bdf5-000d3a8fd327,76d35f25-5dfc-f011-8406-7c1e5247a2b3,09e36ed6-9189-f011-b4cc-002248271486
97c27227-5dfc-f011-8406-6045bdd8cc50,0,,,,,No Impact,1,0,,,22864774,04d25798-3a42-ee11-bdf5-000d3a8fd327,76d35f25-5dfc-f011-8406-7c1e5247a2b3,fc7f63d0-9189-f011-b4cc-002248271486
45a51579-05fb-f011-8406-6045bdd8cc50,5,"The project will reduce waste since media prep will be performed at time of use and at the right volume, thius avoiding need to make large preps at 400SW or other DS sites","300L of media is prepared by DS manufacturing site to support 10-15L manufacturing./QC needs, leaving 290L to be disposed of. It's aniticipated  that we need media made ~ 3x per year so close to 900L of reduction in water usage.",,,Moderate Impact,1,0,,,22864225,04d25798-3a42-ee11-bdf5-000d3a8fd327,985d5f2f-05fb-f011-8406-6045bdd8cc50,c91de0e9-9189-f011-b4cc-7c1e527d2157
bc952c77-05fb-f011-8406-7c1e5247a2b3,1,CB CoE will be able to schedule its manufacturing and QC needs independently of DS manufacturing sites scheduling. This also contributes to the agility of CB CoE to support cell banking needs for acquired/partnered programs.,"Not all celll banks are made by Takeda or supported by media prep from a Takeda site. To enable any new cell banks manufacturing at 200SW, will require scoping 400SW or external location in the change control, and creats additional burden and timeline. This project will make the CB CoE a more attractive choice to manufacture new cell banks, no matter what the media composition might be.",,,Low Impact,1,0,,,22861129,04d25798-3a42-ee11-bdf5-000d3a8fd327,985d5f2f-05fb-f011-8406-6045bdd8cc50,6e1c0e50-9289-f011-b4cc-002248271486
e34ba873-05fb-f011-8406-6045bda6c590,1,"81K-100K operating cost avoidance due to excess media waste, and deviations resulting from missed stability data points.","It costed ~27.9K to make 300L media for ADT5 clinical cell bank in 400SW, only 10L were used to manufacture and test the bank (~$900). $27K in savings per clinical cell bank, with ~3 clinical cell bank manufacturing per year.

Deviations cost ~ $20K (~$55-$60 per hour,  7 FTEs (QA, 2xQC , CMC (Reg, GMSCI,, POL, PQL) to support the deviation wih a total of ~ 350 h from start to finish)",,,Low Impact,1,0,,,22861126,04d25798-3a42-ee11-bdf5-000d3a8fd327,985d5f2f-05fb-f011-8406-6045bdd8cc50,740adf46-9289-f011-b4cc-7c1e527cd923
a896d077-05fb-f011-8407-7c1e52146029,10,"By eliminating the need for a DS manufacturing site and associated excessive media volumes, this project will reduce waste, enable and improve timeline and effort to manufacturing and release testing for clinical and/or commercial cell banks, and avoid deviations from missed storage stability data points. All contribute to MBO's site strategy and annual initaitives.","MBO Strategic initiatives
Right First Time: Deliver our commercial and clinical product plan of record Right First Time and compliantly​
Value Creation: Reduce waste and improve productivity to achieve greater fiscal and environmental sustainability
Future-Ready: Pursue growth opportunities while enhancing efficiency and fostering innovation​​",,,High Impact,1,0,,,22861124,04d25798-3a42-ee11-bdf5-000d3a8fd327,985d5f2f-05fb-f011-8406-6045bdd8cc50,124ef45c-9289-f011-b4cc-002248271486
47b91e77-05fb-f011-8406-7c1e52146695,5,"There is a lot of experience in mixr installation, however, project is complex due to space constraints in CB suite, and needed IOQ, automation, MES integration, etc.",Based on previous projects completed for Media prep for 400SW,,,Moderate Impact,1,0,,,22860826,04d25798-3a42-ee11-bdf5-000d3a8fd327,985d5f2f-05fb-f011-8406-6045bdd8cc50,cba1c26b-9289-f011-b4cc-7c1e527d2157
35fe9e79-05fb-f011-8407-7c1e52146c0e,0,No Impact,Will use similar parts and material as current state,,,No Impact,1,0,,,22860808,04d25798-3a42-ee11-bdf5-000d3a8fd327,985d5f2f-05fb-f011-8406-6045bdd8cc50,31d4e7e3-9189-f011-b4cc-7c1e527d2157
2b5a8073-05fb-f011-8407-7c1e52146c0e,0,No chaneg in CO2,No change in CO2 demand,,,No Impact,1,0,,,22860724,04d25798-3a42-ee11-bdf5-000d3a8fd327,985d5f2f-05fb-f011-8406-6045bdd8cc50,09e36ed6-9189-f011-b4cc-002248271486
c396d077-05fb-f011-8407-7c1e52146029,0,The project does not address any risk register items,,,,No Impact,1,0,,,22860411,04d25798-3a42-ee11-bdf5-000d3a8fd327,985d5f2f-05fb-f011-8406-6045bdd8cc50,23511df6-9189-f011-b4cc-7c1e527d2157
00793e78-05fb-f011-8406-7c1e52146908,5,This involves multiple cross-functional team support and lasts more than 7 weeks.,"Support from site Engineering, documentation, MES, facilities, MFG, QC, QA is needed",,,Moderate Impact,1,0,,,22860408,04d25798-3a42-ee11-bdf5-000d3a8fd327,985d5f2f-05fb-f011-8406-6045bdd8cc50,a633db83-9289-f011-b4cc-7c1e527d2157
cb952c77-05fb-f011-8406-7c1e5247a2b3,1,This is to enance suite capabilities. The production schedule for cell banks  is flexible to accommodate implementation of this project,N/A,,,Low Impact,1,0,,,22860406,04d25798-3a42-ee11-bdf5-000d3a8fd327,985d5f2f-05fb-f011-8406-6045bdd8cc50,40a9de76-9289-f011-b4cc-7c1e527cd923
41b91e77-05fb-f011-8406-7c1e52146695,1,We had two deviations for storage stability due to unavailability of media. No impact to yield or production,Deviation cost is ~ 30K,,,Low Impact,1,0,,,22860404,04d25798-3a42-ee11-bdf5-000d3a8fd327,985d5f2f-05fb-f011-8406-6045bdd8cc50,c29afc0a-9289-f011-b4cc-7c1e527d2157
275a8073-05fb-f011-8407-7c1e52146c0e,0,N/A,N/A,,,No Impact,1,0,,,22860397,04d25798-3a42-ee11-bdf5-000d3a8fd327,985d5f2f-05fb-f011-8406-6045bdd8cc50,fc7f63d0-9189-f011-b4cc-002248271486
0e793e78-05fb-f011-8406-7c1e52146908,1,"This project requires purchase, installation and operational qualification of equipments","OPEX: additional contract resources to support procurement, instaltion qualification, creating/revising documentation MES integration, Ethernet connections ~ 250K
CAPEX-Media mixing vessel ~ 30K, Osmo, pH meters, FIT ~ 50K, ancillary equipment (eg. mobile cart)~ 10K",,,Low Impact,1,0,,,22860393,04d25798-3a42-ee11-bdf5-000d3a8fd327,985d5f2f-05fb-f011-8406-6045bdd8cc50,300edd89-9289-f011-b4cc-7c1e527d2157
61878e78-05fb-f011-8407-7c1e5247a6bf,5,"Cell Bank Center of Excellence road map includes to maximize Capability and Capacity to Support All Cell Banks across Biologics Network, have Sustained Cell Bank Supply, meet or exceed speed to Clinic and provide End to End Integrated Management.

Building media prep capability within CB suite will mitigate risk to compliance, enable timely TT from clinical or commercial cell banks to MBO CB manufacturiing suite while reducing impact to DS manufacturing sites and reducing waste and associated costs over tme.",Please review problem statement and current state.,,,Moderate Impact,1,0,,,22859608,04d25798-3a42-ee11-bdf5-000d3a8fd327,985d5f2f-05fb-f011-8406-6045bdd8cc50,3182c040-9289-f011-b4cc-7c1e527cd923
10567473-f8f6-f011-8406-7c1e5247a2b3,0,N/A,,,,No Impact,1,0,,,22809819,04d25798-3a42-ee11-bdf5-000d3a8fd327,45304434-f8f6-f011-8406-7c1e52146c0e,23511df6-9189-f011-b4cc-7c1e527d2157
4d863772-f8f6-f011-8406-6045bdd8cc50,0,N/A,,,,No Impact,1,0,,,22809817,04d25798-3a42-ee11-bdf5-000d3a8fd327,45304434-f8f6-f011-8406-7c1e52146c0e,124ef45c-9289-f011-b4cc-002248271486
49863772-f8f6-f011-8406-6045bdd8cc50,0,N/A,,,,No Impact,1,0,,,22809815,04d25798-3a42-ee11-bdf5-000d3a8fd327,45304434-f8f6-f011-8406-7c1e52146c0e,09e36ed6-9189-f011-b4cc-002248271486
0d567473-f8f6-f011-8406-7c1e5247a2b3,0,N/A,,,,No Impact,1,0,,,22809813,04d25798-3a42-ee11-bdf5-000d3a8fd327,45304434-f8f6-f011-8406-7c1e52146c0e,31d4e7e3-9189-f011-b4cc-7c1e527d2157
0e567473-f8f6-f011-8406-7c1e5247a2b3,0,N/A,,,,No Impact,1,0,,,22809811,04d25798-3a42-ee11-bdf5-000d3a8fd327,45304434-f8f6-f011-8406-7c1e52146c0e,c91de0e9-9189-f011-b4cc-7c1e527d2157
4b855d71-f8f6-f011-8406-7c1e52146c0e,1,Previously completed similar scope with preffered vendor.,,,,Low Impact,1,0,,,22809809,04d25798-3a42-ee11-bdf5-000d3a8fd327,45304434-f8f6-f011-8406-7c1e52146c0e,cba1c26b-9289-f011-b4cc-7c1e527d2157
42855d71-f8f6-f011-8406-7c1e52146c0e,1,Project able to be complete during MFG idle time.,,,,Low Impact,1,0,,,22809807,04d25798-3a42-ee11-bdf5-000d3a8fd327,45304434-f8f6-f011-8406-7c1e52146c0e,40a9de76-9289-f011-b4cc-7c1e527cd923
41855d71-f8f6-f011-8406-7c1e52146c0e,0,Able to complete project during CB MFG downtime.,Reviewed MPS schedule with area owners.,,,No Impact,1,0,,,22809805,04d25798-3a42-ee11-bdf5-000d3a8fd327,45304434-f8f6-f011-8406-7c1e52146c0e,3182c040-9289-f011-b4cc-7c1e527cd923
4c855d71-f8f6-f011-8406-7c1e52146c0e,1,Estimated FTE resource need of 30 hours total.,,,,Low Impact,1,0,,,22809799,04d25798-3a42-ee11-bdf5-000d3a8fd327,45304434-f8f6-f011-8406-7c1e52146c0e,a633db83-9289-f011-b4cc-7c1e527d2157
39855d71-f8f6-f011-8406-7c1e52146c0e,0,2 Beacon events submitted related to this project. Risks have been mitigated with interim controls.,,,,No Impact,1,0,,,22809797,04d25798-3a42-ee11-bdf5-000d3a8fd327,45304434-f8f6-f011-8406-7c1e52146c0e,fc7f63d0-9189-f011-b4cc-002248271486
54863772-f8f6-f011-8406-6045bdd8cc50,1,Project was quoted with vendor.,"Estimated total cost <$15,000",,,Low Impact,1,0,,,22809793,04d25798-3a42-ee11-bdf5-000d3a8fd327,45304434-f8f6-f011-8406-7c1e52146c0e,300edd89-9289-f011-b4cc-7c1e527d2157
398497b8-b2f7-f011-8406-6045bdd8cc50,10,Required for systems reliability to remain in compliance with production testing and release requirements.,,,,High Impact,1,0,,,22799452,04d25798-3a42-ee11-bdf5-000d3a8fd327,33fdf80e-0cf6-f011-8406-6045bdd8cc50,3182c040-9289-f011-b4cc-7c1e527cd923
3a09c5b7-b2f7-f011-8406-7c1e5247a2b3,1,Time savings from current troubleshooting demands.,,,,Low Impact,1,0,,,22799450,04d25798-3a42-ee11-bdf5-000d3a8fd327,33fdf80e-0cf6-f011-8406-6045bdd8cc50,740adf46-9289-f011-b4cc-7c1e527cd923
4609c5b7-b2f7-f011-8406-7c1e5247a2b3,10,"Will require cross-functional collaboration between local and global teams to identify, resolve, and successfully implement solutions to technical challenges. Working with harmonized global system that may require better understanding of how to meet site-based needs.",,,,High Impact,1,0,,,22799448,04d25798-3a42-ee11-bdf5-000d3a8fd327,33fdf80e-0cf6-f011-8406-6045bdd8cc50,cba1c26b-9289-f011-b4cc-7c1e527d2157
3f09c5b7-b2f7-f011-8406-7c1e5247a2b3,5,Gap remediation due to recent global change to quality system.,,,,Moderate Impact,1,0,,,22799442,04d25798-3a42-ee11-bdf5-000d3a8fd327,33fdf80e-0cf6-f011-8406-6045bdd8cc50,23511df6-9189-f011-b4cc-7c1e527d2157
a36250b2-b2f7-f011-8406-6045bdd8cc50,15,Is elevated as high priority must-do from SLT due to operational and compliance risk.,,,,Critical Impact,1,0,,,22799440,04d25798-3a42-ee11-bdf5-000d3a8fd327,33fdf80e-0cf6-f011-8406-6045bdd8cc50,124ef45c-9289-f011-b4cc-002248271486
4909c5b7-b2f7-f011-8406-7c1e5247a2b3,10,"This project will require 50% time dedication over 13-15 week period from 10 core team resources, in addition to 10-25% time dedication from about 20 resources.",,,,High Impact,1,0,,,22799438,04d25798-3a42-ee11-bdf5-000d3a8fd327,33fdf80e-0cf6-f011-8406-6045bdd8cc50,a633db83-9289-f011-b4cc-7c1e527d2157
3b09c5b7-b2f7-f011-8406-7c1e5247a2b3,5,Operational delays from GLIMS troubleshooting. Impact to our ability to release product.,,,,Moderate Impact,1,0,,,22799436,04d25798-3a42-ee11-bdf5-000d3a8fd327,33fdf80e-0cf6-f011-8406-6045bdd8cc50,40a9de76-9289-f011-b4cc-7c1e527cd923
3d8497b8-b2f7-f011-8406-6045bdd8cc50,1,"This project is expected to eliminate time and resources dedicated to troubleshooting and correcting GLIMS functionality issues. Additionally, there have been at least 3 known deviations due to GLIMS issues.",,,,Low Impact,1,0,,,22799434,04d25798-3a42-ee11-bdf5-000d3a8fd327,33fdf80e-0cf6-f011-8406-6045bdd8cc50,300edd89-9289-f011-b4cc-7c1e527d2157
7accf9b4-b2f7-f011-8406-7c1e52146c0e,0,,,,,No Impact,1,0,,,22799208,04d25798-3a42-ee11-bdf5-000d3a8fd327,33fdf80e-0cf6-f011-8406-6045bdd8cc50,c29afc0a-9289-f011-b4cc-7c1e527d2157
3b8497b8-b2f7-f011-8406-6045bdd8cc50,0,,,,,No Impact,1,0,,,22799206,04d25798-3a42-ee11-bdf5-000d3a8fd327,33fdf80e-0cf6-f011-8406-6045bdd8cc50,c91de0e9-9189-f011-b4cc-7c1e527d2157
76ccf9b4-b2f7-f011-8406-7c1e52146c0e,0,,,,,No Impact,1,0,,,22799205,04d25798-3a42-ee11-bdf5-000d3a8fd327,33fdf80e-0cf6-f011-8406-6045bdd8cc50,31d4e7e3-9189-f011-b4cc-7c1e527d2157
5eccf9b4-b2f7-f011-8406-7c1e52146c0e,0,,,,,No Impact,1,0,,,22799200,04d25798-3a42-ee11-bdf5-000d3a8fd327,33fdf80e-0cf6-f011-8406-6045bdd8cc50,6e1c0e50-9289-f011-b4cc-002248271486
a16250b2-b2f7-f011-8406-6045bdd8cc50,0,,,,,No Impact,1,0,,,22799198,04d25798-3a42-ee11-bdf5-000d3a8fd327,33fdf80e-0cf6-f011-8406-6045bdd8cc50,09e36ed6-9189-f011-b4cc-002248271486
5accf9b4-b2f7-f011-8406-7c1e52146c0e,0,,,,,No Impact,1,0,,,22799197,04d25798-3a42-ee11-bdf5-000d3a8fd327,33fdf80e-0cf6-f011-8406-6045bdd8cc50,fc7f63d0-9189-f011-b4cc-002248271486
29564f91-a0f7-f011-8406-6045bdd8cc50,1,MBO will no longer be generating steam for 200 SW.  These costs will be incurred by GREFP,,,,Low Impact,1,0,,,22798747,04d25798-3a42-ee11-bdf5-000d3a8fd327,dae91e41-40eb-f011-8406-000d3a99310f,09e36ed6-9189-f011-b4cc-002248271486
2d564f91-a0f7-f011-8406-6045bdd8cc50,1,MBO will no longer be generating steam for 200 SW.  These costs will be incurred by GREFP,,,,Low Impact,1,0,,,22798745,04d25798-3a42-ee11-bdf5-000d3a8fd327,dae91e41-40eb-f011-8406-000d3a99310f,740adf46-9289-f011-b4cc-7c1e527cd923
5c2a988f-a0f7-f011-8406-7c1e52146c0e,1,N/A  This is an accounting record for CO2 /cost savings delivered to MBO from GREFP,,,,Low Impact,1,0,,,22798743,04d25798-3a42-ee11-bdf5-000d3a8fd327,dae91e41-40eb-f011-8406-000d3a99310f,cba1c26b-9289-f011-b4cc-7c1e527d2157
cb86a695-a0f7-f011-8406-7c1e52146c0e,1,"Minor support required to interact with GREFP.  This is 99+% performed by GREFP, but we will need a SPOT ID to account for $ and CO2 savings",,,,Low Impact,1,0,,,22798741,04d25798-3a42-ee11-bdf5-000d3a8fd327,dae91e41-40eb-f011-8406-000d3a99310f,a633db83-9289-f011-b4cc-7c1e527d2157
5a2a988f-a0f7-f011-8406-7c1e52146c0e,1,No Impact to production schedule,,,,Low Impact,1,0,,,22798739,04d25798-3a42-ee11-bdf5-000d3a8fd327,dae91e41-40eb-f011-8406-000d3a99310f,40a9de76-9289-f011-b4cc-7c1e527cd923
5f2a988f-a0f7-f011-8406-7c1e52146c0e,1,costs will be incurred by GREFP,,,,Low Impact,1,0,,,22798737,04d25798-3a42-ee11-bdf5-000d3a8fd327,dae91e41-40eb-f011-8406-000d3a99310f,300edd89-9289-f011-b4cc-7c1e527d2157
32564f91-a0f7-f011-8406-6045bdd8cc50,0,,,,,No Impact,1,0,,,22798727,04d25798-3a42-ee11-bdf5-000d3a8fd327,dae91e41-40eb-f011-8406-000d3a99310f,c29afc0a-9289-f011-b4cc-7c1e527d2157
58512492-a0f7-f011-8406-7c1e5247a2b3,0,,,,,No Impact,1,0,,,22798725,04d25798-3a42-ee11-bdf5-000d3a8fd327,dae91e41-40eb-f011-8406-000d3a99310f,23511df6-9189-f011-b4cc-7c1e527d2157
2e564f91-a0f7-f011-8406-6045bdd8cc50,0,,,,,No Impact,1,0,,,22798720,04d25798-3a42-ee11-bdf5-000d3a8fd327,dae91e41-40eb-f011-8406-000d3a99310f,c91de0e9-9189-f011-b4cc-7c1e527d2157
57512492-a0f7-f011-8406-7c1e5247a2b3,0,,,,,No Impact,1,0,,,22798718,04d25798-3a42-ee11-bdf5-000d3a8fd327,dae91e41-40eb-f011-8406-000d3a99310f,31d4e7e3-9189-f011-b4cc-7c1e527d2157
2c564f91-a0f7-f011-8406-6045bdd8cc50,0,,,,,No Impact,1,0,,,22798715,04d25798-3a42-ee11-bdf5-000d3a8fd327,dae91e41-40eb-f011-8406-000d3a99310f,3182c040-9289-f011-b4cc-7c1e527cd923
2b564f91-a0f7-f011-8406-6045bdd8cc50,0,,,,,No Impact,1,0,,,22798714,04d25798-3a42-ee11-bdf5-000d3a8fd327,dae91e41-40eb-f011-8406-000d3a99310f,124ef45c-9289-f011-b4cc-002248271486
2a564f91-a0f7-f011-8406-6045bdd8cc50,0,,,,,No Impact,1,0,,,22798713,04d25798-3a42-ee11-bdf5-000d3a8fd327,dae91e41-40eb-f011-8406-000d3a99310f,6e1c0e50-9289-f011-b4cc-002248271486
28564f91-a0f7-f011-8406-6045bdd8cc50,0,,,,,No Impact,1,0,,,22798710,04d25798-3a42-ee11-bdf5-000d3a8fd327,dae91e41-40eb-f011-8406-000d3a99310f,fc7f63d0-9189-f011-b4cc-002248271486
50863772-f8f6-f011-8406-6045bdd8cc50,0,,,,,No Impact,1,0,,,22794612,04d25798-3a42-ee11-bdf5-000d3a8fd327,45304434-f8f6-f011-8406-7c1e52146c0e,c29afc0a-9289-f011-b4cc-7c1e527d2157
4e863772-f8f6-f011-8406-6045bdd8cc50,0,,,,,No Impact,1,0,,,22794606,04d25798-3a42-ee11-bdf5-000d3a8fd327,45304434-f8f6-f011-8406-7c1e52146c0e,740adf46-9289-f011-b4cc-7c1e527cd923
4c863772-f8f6-f011-8406-6045bdd8cc50,0,,,,,No Impact,1,0,,,22794603,04d25798-3a42-ee11-bdf5-000d3a8fd327,45304434-f8f6-f011-8406-7c1e52146c0e,6e1c0e50-9289-f011-b4cc-002248271486
f0d3b9f7-59db-f011-8544-7c1e527cd923,5,Cycle time reduction with reduction in setup time for additional filters.,,,,Moderate Impact,1,0,,,22793979,04d25798-3a42-ee11-bdf5-000d3a8fd327,096bef22-c1da-f011-8544-7c1e527cd923,6e1c0e50-9289-f011-b4cc-002248271486
d5c897f7-59db-f011-8543-7c1e524a002a,1,"A)Experience in test available
B) Minimal technical challenges expected
C) Low complexity since process is already esablished",,,,Low Impact,1,0,,,22793977,04d25798-3a42-ee11-bdf5-000d3a8fd327,096bef22-c1da-f011-8544-7c1e527cd923,cba1c26b-9289-f011-b4cc-7c1e527d2157
bbe700f7-59db-f011-8544-002248271486,1,"Need lab scale studies for validation efforts
-  3-6 lab scale testing requires 3-4 FTE and total of 24-30 days (144 hours) of effort 
- Analytical testing includes, Protocol writing, spec idenfication, testing and results compilation - 2 FTE for a total of 24 days (144 hours)",,,,Low Impact,1,0,,,22793975,04d25798-3a42-ee11-bdf5-000d3a8fd327,096bef22-c1da-f011-8544-7c1e527cd923,a633db83-9289-f011-b4cc-7c1e527d2157
fef69ef3-59db-f011-8543-000d3a8ad190,1,"B)FTE cost avoidance with operator hours for setup and corresponding steps 
C) Operating cost avoidance by reducing number of filters consumed/run",,,,Low Impact,1,0,,,22793969,04d25798-3a42-ee11-bdf5-000d3a8fd327,096bef22-c1da-f011-8544-7c1e527cd923,740adf46-9289-f011-b4cc-7c1e527cd923
5dc1dc84-f0ef-f011-8407-002248271a42,10,"Cleaning has been tricky in this media prep space, hence why the valve was left in manual by the original project team.",,,,High Impact,1,0,,,22738864,04d25798-3a42-ee11-bdf5-000d3a8fd327,feba5c60-7fba-f011-bbd3-002248271486,cba1c26b-9289-f011-b4cc-7c1e527d2157
57c1dc84-f0ef-f011-8407-002248271a42,5,Part of FoF plan,,,,Moderate Impact,1,0,,,22738862,04d25798-3a42-ee11-bdf5-000d3a8fd327,feba5c60-7fba-f011-bbd3-002248271486,124ef45c-9289-f011-b4cc-002248271486
d3b39e83-f0ef-f011-8407-000d3a12f42f,10,"TBD - EUR in development, estimate at this time based on new equipment and cleaning validation expected.",,,,High Impact,1,0,,,22738860,04d25798-3a42-ee11-bdf5-000d3a8fd327,feba5c60-7fba-f011-bbd3-002248271486,a633db83-9289-f011-b4cc-7c1e527d2157
59c1dc84-f0ef-f011-8407-002248271a42,10,"At full capacity where two Media Preps are needed per day there are enough hours savings totalling 2 FTE.  While capacity supply may support this buisness case, currently the LRF for capacity demand does not support a full capacity.  Therefore these expected benefits are not currently in the forecast but could be if demand increases significantly.",,,,High Impact,1,0,,,22738858,04d25798-3a42-ee11-bdf5-000d3a8fd327,feba5c60-7fba-f011-bbd3-002248271486,740adf46-9289-f011-b4cc-7c1e527cd923
5ec1dc84-f0ef-f011-8407-002248271a42,5,Cost TBD but there is equipment and revalidation expected therefore 0.5 to 1 OY chosen.,,,,Moderate Impact,1,0,,,22738856,04d25798-3a42-ee11-bdf5-000d3a8fd327,feba5c60-7fba-f011-bbd3-002248271486,300edd89-9289-f011-b4cc-7c1e527d2157
59846517-75f1-f011-8407-002248271a42,5,Complexity may arise in the way the data is structured for discoverant versus statistica.  CPV programs are done in discoverant for other sites.,,,,Moderate Impact,1,0,,,22733058,04d25798-3a42-ee11-bdf5-000d3a8fd327,9d86190b-75f1-f011-8406-00224832861e,cba1c26b-9289-f011-b4cc-7c1e527d2157
1057be15-75f1-f011-8407-000d3a12f42f,10,"Deploying new computerized system at site, data migration, system decommission and all associated validation work.",,,,High Impact,1,0,,,22733055,04d25798-3a42-ee11-bdf5-000d3a8fd327,9d86190b-75f1-f011-8406-00224832861e,a633db83-9289-f011-b4cc-7c1e527d2157
50cc1611-75f1-f011-8406-00224832861e,1,No impact,,,,Low Impact,1,0,,,22733053,04d25798-3a42-ee11-bdf5-000d3a8fd327,9d86190b-75f1-f011-8406-00224832861e,40a9de76-9289-f011-b4cc-7c1e527cd923
5b846517-75f1-f011-8407-002248271a42,5,Cost to be determined in conjunction with discoverant team,,,,Moderate Impact,1,0,,,22733051,04d25798-3a42-ee11-bdf5-000d3a8fd327,9d86190b-75f1-f011-8406-00224832861e,300edd89-9289-f011-b4cc-7c1e527d2157
4f5b0f17-75f1-f011-8406-00224832861e,0,,,,,No Impact,1,0,,,22733044,04d25798-3a42-ee11-bdf5-000d3a8fd327,9d86190b-75f1-f011-8406-00224832861e,c29afc0a-9289-f011-b4cc-7c1e527d2157
0e57be15-75f1-f011-8407-000d3a12f42f,0,,,,,No Impact,1,0,,,22733043,04d25798-3a42-ee11-bdf5-000d3a8fd327,9d86190b-75f1-f011-8406-00224832861e,23511df6-9189-f011-b4cc-7c1e527d2157
0d57be15-75f1-f011-8407-000d3a12f42f,0,,,,,No Impact,1,0,,,22733042,04d25798-3a42-ee11-bdf5-000d3a8fd327,9d86190b-75f1-f011-8406-00224832861e,c91de0e9-9189-f011-b4cc-7c1e527d2157
0c57be15-75f1-f011-8407-000d3a12f42f,0,,,,,No Impact,1,0,,,22733041,04d25798-3a42-ee11-bdf5-000d3a8fd327,9d86190b-75f1-f011-8406-00224832861e,31d4e7e3-9189-f011-b4cc-7c1e527d2157
4acc1611-75f1-f011-8406-00224832861e,0,,,,,No Impact,1,0,,,22733039,04d25798-3a42-ee11-bdf5-000d3a8fd327,9d86190b-75f1-f011-8406-00224832861e,740adf46-9289-f011-b4cc-7c1e527cd923
0a57be15-75f1-f011-8407-000d3a12f42f,0,,,,,No Impact,1,0,,,22733038,04d25798-3a42-ee11-bdf5-000d3a8fd327,9d86190b-75f1-f011-8406-00224832861e,3182c040-9289-f011-b4cc-7c1e527cd923
40cc1611-75f1-f011-8406-00224832861e,0,,,,,No Impact,1,0,,,22733037,04d25798-3a42-ee11-bdf5-000d3a8fd327,9d86190b-75f1-f011-8406-00224832861e,124ef45c-9289-f011-b4cc-002248271486
0957be15-75f1-f011-8407-000d3a12f42f,0,,,,,No Impact,1,0,,,22733035,04d25798-3a42-ee11-bdf5-000d3a8fd327,9d86190b-75f1-f011-8406-00224832861e,6e1c0e50-9289-f011-b4cc-002248271486
0fcc1611-75f1-f011-8406-00224832861e,0,,,,,No Impact,1,0,,,22733034,04d25798-3a42-ee11-bdf5-000d3a8fd327,9d86190b-75f1-f011-8406-00224832861e,09e36ed6-9189-f011-b4cc-002248271486
e3cb1611-75f1-f011-8406-00224832861e,0,,,,,No Impact,1,0,,,22733033,04d25798-3a42-ee11-bdf5-000d3a8fd327,9d86190b-75f1-f011-8406-00224832861e,fc7f63d0-9189-f011-b4cc-002248271486
cfb39e83-f0ef-f011-8407-000d3a12f42f,1,Impact TBD.  Assume some localized down time and will need to be scheduled to avoid impact.,,,,Low Impact,1,0,,,22691438,04d25798-3a42-ee11-bdf5-000d3a8fd327,feba5c60-7fba-f011-bbd3-002248271486,40a9de76-9289-f011-b4cc-7c1e527cd923
5cc1dc84-f0ef-f011-8407-002248271a42,0,No riks to current production or batch loss.  Project frees up labor when demand in capacity increases in the future.,,,,No Impact,1,0,,,22691430,04d25798-3a42-ee11-bdf5-000d3a8fd327,feba5c60-7fba-f011-bbd3-002248271486,c29afc0a-9289-f011-b4cc-7c1e527d2157
c9b39e83-f0ef-f011-8407-000d3a12f42f,0,No impact to EHS risk register known at this time.,,,,No Impact,1,0,,,22691427,04d25798-3a42-ee11-bdf5-000d3a8fd327,feba5c60-7fba-f011-bbd3-002248271486,fc7f63d0-9189-f011-b4cc-002248271486
cc31bf83-f0ef-f011-8406-00224832861e,0,None,,,,No Impact,1,0,,,22691423,04d25798-3a42-ee11-bdf5-000d3a8fd327,feba5c60-7fba-f011-bbd3-002248271486,3182c040-9289-f011-b4cc-7c1e527cd923
5bc1dc84-f0ef-f011-8407-002248271a42,0,,,,,No Impact,1,0,,,22691418,04d25798-3a42-ee11-bdf5-000d3a8fd327,feba5c60-7fba-f011-bbd3-002248271486,23511df6-9189-f011-b4cc-7c1e527d2157
d0b39e83-f0ef-f011-8407-000d3a12f42f,0,,,,,No Impact,1,0,,,22691417,04d25798-3a42-ee11-bdf5-000d3a8fd327,feba5c60-7fba-f011-bbd3-002248271486,c91de0e9-9189-f011-b4cc-7c1e527d2157
5ac1dc84-f0ef-f011-8407-002248271a42,0,,,,,No Impact,1,0,,,22691416,04d25798-3a42-ee11-bdf5-000d3a8fd327,feba5c60-7fba-f011-bbd3-002248271486,31d4e7e3-9189-f011-b4cc-7c1e527d2157
cbb39e83-f0ef-f011-8407-000d3a12f42f,0,,,,,No Impact,1,0,,,22691409,04d25798-3a42-ee11-bdf5-000d3a8fd327,feba5c60-7fba-f011-bbd3-002248271486,6e1c0e50-9289-f011-b4cc-002248271486
cab39e83-f0ef-f011-8407-000d3a12f42f,0,,,,,No Impact,1,0,,,22691408,04d25798-3a42-ee11-bdf5-000d3a8fd327,feba5c60-7fba-f011-bbd3-002248271486,09e36ed6-9189-f011-b4cc-002248271486
8c5977d7-d1ef-f011-8406-00224832861e,0,,,,,No Impact,1,0,,,22690673,04d25798-3a42-ee11-bdf5-000d3a8fd327,9f3d3db7-d1ef-f011-8407-000d3a12f42f,6e1c0e50-9289-f011-b4cc-002248271486
060e65ea-5ddb-f011-8544-002248271486,1,duplicate,,,,Low Impact,1,0,,,22495724,04d25798-3a42-ee11-bdf5-000d3a8fd327,31406ae1-5ddb-f011-8544-7c1e527d2157,cba1c26b-9289-f011-b4cc-7c1e527d2157
020e65ea-5ddb-f011-8544-002248271486,1,Simple replacement on WOs,,,,Low Impact,1,0,,,22495722,04d25798-3a42-ee11-bdf5-000d3a8fd327,31406ae1-5ddb-f011-8544-7c1e527d2157,cba1c26b-9289-f011-b4cc-7c1e527d2157
fa7761e6-5ddb-f011-8544-7c1e527cd923,0,none,,,,No Impact,1,0,,,22495720,04d25798-3a42-ee11-bdf5-000d3a8fd327,31406ae1-5ddb-f011-8544-7c1e527d2157,09e36ed6-9189-f011-b4cc-002248271486
9dc3deeb-5ddb-f011-8543-7c1e524a002a,0,none,,,,No Impact,1,0,,,22495718,04d25798-3a42-ee11-bdf5-000d3a8fd327,31406ae1-5ddb-f011-8544-7c1e527d2157,c91de0e9-9189-f011-b4cc-7c1e527d2157
c45556eb-5ddb-f011-8544-6045bddb6d09,0,none,,,,No Impact,1,0,,,22495716,04d25798-3a42-ee11-bdf5-000d3a8fd327,31406ae1-5ddb-f011-8544-7c1e527d2157,31d4e7e3-9189-f011-b4cc-7c1e527d2157
c35556eb-5ddb-f011-8544-6045bddb6d09,0,none,,,,No Impact,1,0,,,22495714,04d25798-3a42-ee11-bdf5-000d3a8fd327,31406ae1-5ddb-f011-8544-7c1e527d2157,31d4e7e3-9189-f011-b4cc-7c1e527d2157
fa0d65ea-5ddb-f011-8544-002248271486,0,none,,,,No Impact,1,0,,,22495712,04d25798-3a42-ee11-bdf5-000d3a8fd327,31406ae1-5ddb-f011-8544-7c1e527d2157,c91de0e9-9189-f011-b4cc-7c1e527d2157
f50d65ea-5ddb-f011-8544-002248271486,0,audit finding,,,,No Impact,1,0,,,22495710,04d25798-3a42-ee11-bdf5-000d3a8fd327,31406ae1-5ddb-f011-8544-7c1e527d2157,124ef45c-9289-f011-b4cc-002248271486
8a9581e7-5ddb-f011-8544-7c1e527d2157,15,duplicate,,,,Critical Impact,1,0,,,22495708,04d25798-3a42-ee11-bdf5-000d3a8fd327,31406ae1-5ddb-f011-8544-7c1e527d2157,23511df6-9189-f011-b4cc-7c1e527d2157
899581e7-5ddb-f011-8544-7c1e527d2157,15,FDA Audit finding,,,,Critical Impact,1,0,,,22495706,04d25798-3a42-ee11-bdf5-000d3a8fd327,31406ae1-5ddb-f011-8544-7c1e527d2157,23511df6-9189-f011-b4cc-7c1e527d2157
9fc3deeb-5ddb-f011-8543-7c1e524a002a,1,duplicate,,,,Low Impact,1,0,,,22495704,04d25798-3a42-ee11-bdf5-000d3a8fd327,31406ae1-5ddb-f011-8544-7c1e527d2157,a633db83-9289-f011-b4cc-7c1e527d2157
9ec3deeb-5ddb-f011-8543-7c1e524a002a,1,"Single line item cap ex purchase. 
Only facility support required.",,,,Low Impact,1,0,,,22495701,04d25798-3a42-ee11-bdf5-000d3a8fd327,31406ae1-5ddb-f011-8544-7c1e527d2157,a633db83-9289-f011-b4cc-7c1e527d2157
9cc3deeb-5ddb-f011-8543-7c1e524a002a,1,no impact to projdction schedule,,,,Low Impact,1,0,,,22495697,04d25798-3a42-ee11-bdf5-000d3a8fd327,31406ae1-5ddb-f011-8544-7c1e527d2157,40a9de76-9289-f011-b4cc-7c1e527cd923
8c9581e7-5ddb-f011-8544-7c1e527d2157,0,no risk to production,,,,No Impact,1,0,,,22495695,04d25798-3a42-ee11-bdf5-000d3a8fd327,31406ae1-5ddb-f011-8544-7c1e527d2157,c29afc0a-9289-f011-b4cc-7c1e527d2157
0e6b5cec-5ddb-f011-8544-7c1e527cd923,0,no risk to production,,,,No Impact,1,0,,,22495693,04d25798-3a42-ee11-bdf5-000d3a8fd327,31406ae1-5ddb-f011-8544-7c1e527d2157,c29afc0a-9289-f011-b4cc-7c1e527d2157
849581e7-5ddb-f011-8544-7c1e527d2157,0,None,,,,No Impact,1,0,,,22495691,04d25798-3a42-ee11-bdf5-000d3a8fd327,31406ae1-5ddb-f011-8544-7c1e527d2157,6e1c0e50-9289-f011-b4cc-002248271486
879581e7-5ddb-f011-8544-7c1e527d2157,0,none,,,,No Impact,1,0,,,22495689,04d25798-3a42-ee11-bdf5-000d3a8fd327,31406ae1-5ddb-f011-8544-7c1e527d2157,740adf46-9289-f011-b4cc-7c1e527cd923
f40d65ea-5ddb-f011-8544-002248271486,0,no safety risk,,,,No Impact,1,0,,,22495687,04d25798-3a42-ee11-bdf5-000d3a8fd327,31406ae1-5ddb-f011-8544-7c1e527d2157,fc7f63d0-9189-f011-b4cc-002248271486
1e6b5cec-5ddb-f011-8544-7c1e527cd923,1,duplicate,,,,Low Impact,1,0,,,22495685,04d25798-3a42-ee11-bdf5-000d3a8fd327,31406ae1-5ddb-f011-8544-7c1e527d2157,300edd89-9289-f011-b4cc-7c1e527d2157
869581e7-5ddb-f011-8544-7c1e527d2157,0,Response to FDA Audit,,,,No Impact,1,0,,,22495683,04d25798-3a42-ee11-bdf5-000d3a8fd327,31406ae1-5ddb-f011-8544-7c1e527d2157,3182c040-9289-f011-b4cc-7c1e527cd923
c65556eb-5ddb-f011-8544-6045bddb6d09,1,"Quote received for $295,134.84",,,,Low Impact,1,0,,,22495681,04d25798-3a42-ee11-bdf5-000d3a8fd327,31406ae1-5ddb-f011-8544-7c1e527d2157,300edd89-9289-f011-b4cc-7c1e527d2157
12d4b9f7-59db-f011-8544-7c1e527cd923,1,Simple Project,,,,Low Impact,1,0,,,22495629,04d25798-3a42-ee11-bdf5-000d3a8fd327,096bef22-c1da-f011-8544-7c1e527cd923,cba1c26b-9289-f011-b4cc-7c1e527d2157
17d4b9f7-59db-f011-8544-7c1e527cd923,1,Need lab scale studies for validation efforts,,,,Low Impact,1,0,,,22495625,04d25798-3a42-ee11-bdf5-000d3a8fd327,096bef22-c1da-f011-8544-7c1e527cd923,a633db83-9289-f011-b4cc-7c1e527d2157
92c2fff4-59db-f011-8544-6045bddb6d09,1,No impact to production schedule,NA,,,Low Impact,1,0,,,22495621,04d25798-3a42-ee11-bdf5-000d3a8fd327,096bef22-c1da-f011-8544-7c1e527cd923,40a9de76-9289-f011-b4cc-7c1e527cd923
b1e700f7-59db-f011-8544-002248271486,1,No impact to production schedule,NA,,,Low Impact,1,0,,,22495619,04d25798-3a42-ee11-bdf5-000d3a8fd327,096bef22-c1da-f011-8544-7c1e527cd923,40a9de76-9289-f011-b4cc-7c1e527cd923
d6c897f7-59db-f011-8543-7c1e524a002a,10,Savings of 1 Oku Yen without considering the time savings,,,,High Impact,1,0,,,22495617,04d25798-3a42-ee11-bdf5-000d3a8fd327,096bef22-c1da-f011-8544-7c1e527cd923,300edd89-9289-f011-b4cc-7c1e527d2157
bce700f7-59db-f011-8544-002248271486,10,Because total savings is about 1 Oku Yen without considering time savings,,,,High Impact,1,0,,,22495615,04d25798-3a42-ee11-bdf5-000d3a8fd327,096bef22-c1da-f011-8544-7c1e527cd923,300edd89-9289-f011-b4cc-7c1e527d2157
fdf69ef3-59db-f011-8543-000d3a8ad190,1,This approach will make process more effeicient and save time and reduce costs of filter usage.,"Saving 2-3 filters/run saves ~$450,000 to ~$950,000 per year.",,,Low Impact,1,0,,,22495608,04d25798-3a42-ee11-bdf5-000d3a8fd327,096bef22-c1da-f011-8544-7c1e527cd923,3182c040-9289-f011-b4cc-7c1e527cd923
00f79ef3-59db-f011-8543-000d3a8ad190,0,,,,,No Impact,1,0,,,22495484,04d25798-3a42-ee11-bdf5-000d3a8fd327,096bef22-c1da-f011-8544-7c1e527cd923,c29afc0a-9289-f011-b4cc-7c1e527d2157
d4c897f7-59db-f011-8543-7c1e524a002a,0,,,,,No Impact,1,0,,,22495483,04d25798-3a42-ee11-bdf5-000d3a8fd327,096bef22-c1da-f011-8544-7c1e527cd923,c29afc0a-9289-f011-b4cc-7c1e527d2157
ce87cdf3-59db-f011-8544-7c1e527d2157,0,,,,,No Impact,1,0,,,22495482,04d25798-3a42-ee11-bdf5-000d3a8fd327,096bef22-c1da-f011-8544-7c1e527cd923,23511df6-9189-f011-b4cc-7c1e527d2157
b4e700f7-59db-f011-8544-002248271486,0,,,,,No Impact,1,0,,,22495481,04d25798-3a42-ee11-bdf5-000d3a8fd327,096bef22-c1da-f011-8544-7c1e527cd923,23511df6-9189-f011-b4cc-7c1e527d2157
c987cdf3-59db-f011-8544-7c1e527d2157,0,,,,,No Impact,1,0,,,22495480,04d25798-3a42-ee11-bdf5-000d3a8fd327,096bef22-c1da-f011-8544-7c1e527cd923,c91de0e9-9189-f011-b4cc-7c1e527d2157
d3c897f7-59db-f011-8543-7c1e524a002a,0,,,,,No Impact,1,0,,,22495478,04d25798-3a42-ee11-bdf5-000d3a8fd327,096bef22-c1da-f011-8544-7c1e527cd923,c91de0e9-9189-f011-b4cc-7c1e527d2157
c687cdf3-59db-f011-8544-7c1e527d2157,0,,,,,No Impact,1,0,,,22495477,04d25798-3a42-ee11-bdf5-000d3a8fd327,096bef22-c1da-f011-8544-7c1e527cd923,31d4e7e3-9189-f011-b4cc-7c1e527d2157
fff69ef3-59db-f011-8543-000d3a8ad190,0,,,,,No Impact,1,0,,,22495476,04d25798-3a42-ee11-bdf5-000d3a8fd327,096bef22-c1da-f011-8544-7c1e527cd923,31d4e7e3-9189-f011-b4cc-7c1e527d2157
90c2fff4-59db-f011-8544-6045bddb6d09,0,,,,,No Impact,1,0,,,22495473,04d25798-3a42-ee11-bdf5-000d3a8fd327,096bef22-c1da-f011-8544-7c1e527cd923,740adf46-9289-f011-b4cc-7c1e527cd923
b0e700f7-59db-f011-8544-002248271486,0,,,,,No Impact,1,0,,,22495470,04d25798-3a42-ee11-bdf5-000d3a8fd327,096bef22-c1da-f011-8544-7c1e527cd923,3182c040-9289-f011-b4cc-7c1e527cd923
fcf69ef3-59db-f011-8543-000d3a8ad190,0,,,,,No Impact,1,0,,,22495467,04d25798-3a42-ee11-bdf5-000d3a8fd327,096bef22-c1da-f011-8544-7c1e527cd923,124ef45c-9289-f011-b4cc-002248271486
8bc2fff4-59db-f011-8544-6045bddb6d09,0,,,,,No Impact,1,0,,,22495466,04d25798-3a42-ee11-bdf5-000d3a8fd327,096bef22-c1da-f011-8544-7c1e527cd923,124ef45c-9289-f011-b4cc-002248271486
b687cdf3-59db-f011-8544-7c1e527d2157,0,,,,,No Impact,1,0,,,22495465,04d25798-3a42-ee11-bdf5-000d3a8fd327,096bef22-c1da-f011-8544-7c1e527cd923,6e1c0e50-9289-f011-b4cc-002248271486
faf69ef3-59db-f011-8543-000d3a8ad190,0,,,,,No Impact,1,0,,,22495461,04d25798-3a42-ee11-bdf5-000d3a8fd327,096bef22-c1da-f011-8544-7c1e527cd923,09e36ed6-9189-f011-b4cc-002248271486
ad87cdf3-59db-f011-8544-7c1e527d2157,0,,,,,No Impact,1,0,,,22495459,04d25798-3a42-ee11-bdf5-000d3a8fd327,096bef22-c1da-f011-8544-7c1e527cd923,09e36ed6-9189-f011-b4cc-002248271486
3fd12df0-59db-f011-8543-7c1e524a002a,0,,,,,No Impact,1,0,,,22495457,04d25798-3a42-ee11-bdf5-000d3a8fd327,096bef22-c1da-f011-8544-7c1e527cd923,fc7f63d0-9189-f011-b4cc-002248271486
d89ee962-fdd9-f011-8544-002248271486,5,Unknown,,,,Moderate Impact,1,0,,,22482618,04d25798-3a42-ee11-bdf5-000d3a8fd327,57498159-fdd9-f011-8543-7c1e524a002a,cba1c26b-9289-f011-b4cc-7c1e527d2157
99d16c66-fdd9-f011-8543-7c1e524a002a,0,N/A,,,,No Impact,1,0,,,22482617,04d25798-3a42-ee11-bdf5-000d3a8fd327,57498159-fdd9-f011-8543-7c1e524a002a,09e36ed6-9189-f011-b4cc-002248271486
cd9ee962-fdd9-f011-8544-002248271486,0,N/A,,,,No Impact,1,0,,,22482615,04d25798-3a42-ee11-bdf5-000d3a8fd327,57498159-fdd9-f011-8543-7c1e524a002a,c91de0e9-9189-f011-b4cc-7c1e527d2157
cc9ee962-fdd9-f011-8544-002248271486,0,N/A,,,,No Impact,1,0,,,22482613,04d25798-3a42-ee11-bdf5-000d3a8fd327,57498159-fdd9-f011-8543-7c1e524a002a,31d4e7e3-9189-f011-b4cc-7c1e527d2157
c69ee962-fdd9-f011-8544-002248271486,10,Supports FoF road map initiative to reduce product changeover timelines,,,,High Impact,1,0,,,22482611,04d25798-3a42-ee11-bdf5-000d3a8fd327,57498159-fdd9-f011-8543-7c1e524a002a,124ef45c-9289-f011-b4cc-002248271486
d39ee962-fdd9-f011-8544-002248271486,0,N/A,,,,No Impact,1,0,,,22482609,04d25798-3a42-ee11-bdf5-000d3a8fd327,57498159-fdd9-f011-8543-7c1e524a002a,23511df6-9189-f011-b4cc-7c1e527d2157
db9ee962-fdd9-f011-8544-002248271486,5,Instrument validation,,,,Moderate Impact,1,0,,,22482606,04d25798-3a42-ee11-bdf5-000d3a8fd327,57498159-fdd9-f011-8543-7c1e524a002a,a633db83-9289-f011-b4cc-7c1e527d2157
bad16c66-fdd9-f011-8543-7c1e524a002a,1,N/A,,,,Low Impact,1,0,,,22482604,04d25798-3a42-ee11-bdf5-000d3a8fd327,57498159-fdd9-f011-8543-7c1e524a002a,40a9de76-9289-f011-b4cc-7c1e527cd923
d69ee962-fdd9-f011-8544-002248271486,0,N/A,,,,No Impact,1,0,,,22482602,04d25798-3a42-ee11-bdf5-000d3a8fd327,57498159-fdd9-f011-8543-7c1e524a002a,c29afc0a-9289-f011-b4cc-7c1e527d2157
1a3a1767-fdd9-f011-8544-7c1e527cd923,5,PUR 2 could be a bottleneck in the future,,,,Moderate Impact,1,0,,,22482600,04d25798-3a42-ee11-bdf5-000d3a8fd327,57498159-fdd9-f011-8543-7c1e524a002a,6e1c0e50-9289-f011-b4cc-002248271486
b9d16c66-fdd9-f011-8543-7c1e524a002a,1,potential for more with volumes,,,,Low Impact,1,0,,,22482598,04d25798-3a42-ee11-bdf5-000d3a8fd327,57498159-fdd9-f011-8543-7c1e524a002a,740adf46-9289-f011-b4cc-7c1e527cd923
fe391767-fdd9-f011-8544-7c1e527cd923,0,N/A,,,,No Impact,1,0,,,22482596,04d25798-3a42-ee11-bdf5-000d3a8fd327,57498159-fdd9-f011-8543-7c1e524a002a,fc7f63d0-9189-f011-b4cc-002248271486
4b3a1767-fdd9-f011-8544-7c1e527cd923,1,"Instrument is 80,000 EU",,,,Low Impact,1,0,,,22482594,04d25798-3a42-ee11-bdf5-000d3a8fd327,57498159-fdd9-f011-8543-7c1e524a002a,300edd89-9289-f011-b4cc-7c1e527d2157
b8d16c66-fdd9-f011-8543-7c1e524a002a,0,Would be a new instrument for faster detection,,,,No Impact,1,0,,,22482592,04d25798-3a42-ee11-bdf5-000d3a8fd327,57498159-fdd9-f011-8543-7c1e524a002a,3182c040-9289-f011-b4cc-7c1e527cd923
2aa4fb75-6fd7-f011-8544-7c1e527d2157,5,Implementation of new software will require additional troubleshooting by Automation,,,,Moderate Impact,1,0,,,22462705,04d25798-3a42-ee11-bdf5-000d3a8fd327,c2297e69-6fd7-f011-8544-002248271486,cba1c26b-9289-f011-b4cc-7c1e527d2157
1e766576-6fd7-f011-8544-7c1e527cd923,0,N/A,,,,No Impact,1,0,,,22462703,04d25798-3a42-ee11-bdf5-000d3a8fd327,c2297e69-6fd7-f011-8544-002248271486,09e36ed6-9189-f011-b4cc-002248271486
7c8cf778-6fd7-f011-8543-7c1e524a002a,0,N/A,,,,No Impact,1,0,,,22462701,04d25798-3a42-ee11-bdf5-000d3a8fd327,c2297e69-6fd7-f011-8544-002248271486,c91de0e9-9189-f011-b4cc-7c1e527d2157
db0dfb74-6fd7-f011-8544-6045bddb6d09,0,N/A,,,,No Impact,1,0,,,22462699,04d25798-3a42-ee11-bdf5-000d3a8fd327,c2297e69-6fd7-f011-8544-002248271486,31d4e7e3-9189-f011-b4cc-7c1e527d2157
0da4fb75-6fd7-f011-8544-7c1e527d2157,0,Not on site strategy/goals (unless that includes AIMP?),,,,No Impact,1,0,,,22462697,04d25798-3a42-ee11-bdf5-000d3a8fd327,c2297e69-6fd7-f011-8544-002248271486,124ef45c-9289-f011-b4cc-002248271486
dc0dfb74-6fd7-f011-8544-6045bddb6d09,0,Not on QRR,,,,No Impact,1,0,,,22462695,04d25798-3a42-ee11-bdf5-000d3a8fd327,c2297e69-6fd7-f011-8544-002248271486,23511df6-9189-f011-b4cc-7c1e527d2157
7f8cf778-6fd7-f011-8543-7c1e524a002a,5,Standard project based on system criticality and need for validation/CC.,,,,Moderate Impact,1,0,,,22462693,04d25798-3a42-ee11-bdf5-000d3a8fd327,c2297e69-6fd7-f011-8544-002248271486,a633db83-9289-f011-b4cc-7c1e527d2157
28766576-6fd7-f011-8544-7c1e527cd923,5,"Strategy will include upgrades staggered in a manner to prevent production impact

Unavailable wave due to repair will impact annual production batches delivered.",,,,Moderate Impact,1,0,,,22462691,04d25798-3a42-ee11-bdf5-000d3a8fd327,c2297e69-6fd7-f011-8544-002248271486,40a9de76-9289-f011-b4cc-7c1e527cd923
dd0dfb74-6fd7-f011-8544-6045bddb6d09,5,An unavailable wave will impact prodution schedule,,,,Moderate Impact,1,0,,,22462689,04d25798-3a42-ee11-bdf5-000d3a8fd327,c2297e69-6fd7-f011-8544-002248271486,c29afc0a-9289-f011-b4cc-7c1e527d2157
20766576-6fd7-f011-8544-7c1e527cd923,0,Not related to increased production benefits,,,,No Impact,1,0,,,22462687,04d25798-3a42-ee11-bdf5-000d3a8fd327,c2297e69-6fd7-f011-8544-002248271486,6e1c0e50-9289-f011-b4cc-002248271486
ba01ff72-6fd7-f011-8543-7c1e524a002a,1,Avoid production scheduling idle time due to equipment downtime.,,,,Low Impact,1,0,,,22462685,04d25798-3a42-ee11-bdf5-000d3a8fd327,c2297e69-6fd7-f011-8544-002248271486,740adf46-9289-f011-b4cc-7c1e527cd923
d60dfb74-6fd7-f011-8544-6045bddb6d09,0,No EHS impact,,,,No Impact,1,0,,,22462681,04d25798-3a42-ee11-bdf5-000d3a8fd327,c2297e69-6fd7-f011-8544-002248271486,fc7f63d0-9189-f011-b4cc-002248271486
2ba4fb75-6fd7-f011-8544-7c1e527d2157,1,"Cost is based to Vendor upgrade quotes 
Need to quantify internal Validation costs",,,,Low Impact,1,0,,,22462679,04d25798-3a42-ee11-bdf5-000d3a8fd327,c2297e69-6fd7-f011-8544-002248271486,300edd89-9289-f011-b4cc-7c1e527d2157
ba756c75-6fd7-f011-8544-002248271486,10,There are 12 waves but the manufacturing sechedule calls for all waves to be in use by 01MAR26,,,,High Impact,1,0,,,22462677,04d25798-3a42-ee11-bdf5-000d3a8fd327,c2297e69-6fd7-f011-8544-002248271486,3182c040-9289-f011-b4cc-7c1e527cd923
84c1972a-05d6-f011-8544-7c1e527d2157,10,"High complexity due to diverse device types, inconsistent patching tools/processes, and large scale (≈5M vulnerabilities).
Requires coordination across multiple teams, sites, and technologies.
Ongoing adaptation as global processes and tools are standardized.",,,,High Impact,1,0,,,22448943,04d25798-3a42-ee11-bdf5-000d3a8fd327,f7e01180-f6d5-f011-8543-7ced8d180b64,cba1c26b-9289-f011-b4cc-7c1e527d2157
ebe5bc28-05d6-f011-8544-002248271486,10,"High complexity due to diverse device types, inconsistent patching tools/processes, and large scale (≈5M vulnerabilities).
Requires coordination across multiple teams, sites, and technologies.
Ongoing adaptation as global processes and tools are standardized.",,,,High Impact,1,0,,,22448940,04d25798-3a42-ee11-bdf5-000d3a8fd327,f7e01180-f6d5-f011-8543-7ced8d180b64,cba1c26b-9289-f011-b4cc-7c1e527d2157
1b8a5e27-05d6-f011-8543-7ced8d180b64,0,"Reducing vulnerabilities that could impact environmental health and safety through improved OT security and compliance.
The program’s scope includes patient safety and regulatory compliance",,,,No Impact,1,0,,,22448938,04d25798-3a42-ee11-bdf5-000d3a8fd327,f7e01180-f6d5-f011-8543-7ced8d180b64,fc7f63d0-9189-f011-b4cc-002248271486
fcfe5b27-05d6-f011-8543-7c1e520abc02,0,N/A,,,,No Impact,1,0,,,22448931,04d25798-3a42-ee11-bdf5-000d3a8fd327,f7e01180-f6d5-f011-8543-7ced8d180b64,c91de0e9-9189-f011-b4cc-7c1e527d2157
e4d54a25-05d6-f011-8544-002248276c98,0,N/A,,,,No Impact,1,0,,,22448929,04d25798-3a42-ee11-bdf5-000d3a8fd327,f7e01180-f6d5-f011-8543-7ced8d180b64,31d4e7e3-9189-f011-b4cc-7c1e527d2157
c3e5bc28-05d6-f011-8544-002248271486,0,N/A,,,,No Impact,1,0,,,22448926,04d25798-3a42-ee11-bdf5-000d3a8fd327,f7e01180-f6d5-f011-8543-7ced8d180b64,09e36ed6-9189-f011-b4cc-002248271486
bc359c23-05d6-f011-8544-6045bddb6d09,15,"Enhanced site resilience and operational continuity.
Alignment with global cybersecurity and compliance strategies.
Supports strategic objectives around patient safety, trust, reputation, and business needs",,,,Critical Impact,1,0,,,22448923,04d25798-3a42-ee11-bdf5-000d3a8fd327,f7e01180-f6d5-f011-8543-7ced8d180b64,124ef45c-9289-f011-b4cc-002248271486
c6d54a25-05d6-f011-8544-002248276c98,5,"Ensuring systems are patched and compliant with GxP and other regulatory standards.
Reducing risk of non-compliance findings during audits or inspections.",,,,Moderate Impact,1,0,,,22448919,04d25798-3a42-ee11-bdf5-000d3a8fd327,f7e01180-f6d5-f011-8543-7ced8d180b64,23511df6-9189-f011-b4cc-7c1e527d2157
fdfe5b27-05d6-f011-8543-7c1e520abc02,15,"Large Project (300+ Hours & Multiple Functions)
High: involves cross-functional teams, inventory review, device categorization, scheduling, patching, testing, and documentation.
Ongoing effort required for remediation, operations, and future vulnerability management",,,,Critical Impact,1,0,,,22448917,04d25798-3a42-ee11-bdf5-000d3a8fd327,f7e01180-f6d5-f011-8543-7ced8d180b64,a633db83-9289-f011-b4cc-7c1e527d2157
b3d54a25-05d6-f011-8544-002248276c98,15,"Patching may require scheduled downtime, especially for devices without HA.
The project aims to minimize impact by grouping devices and optimizing patch windows (up to 4 per month).
Critical systems are patched during approved maintenance windows.",,,,Critical Impact,1,0,,,22448915,04d25798-3a42-ee11-bdf5-000d3a8fd327,f7e01180-f6d5-f011-8543-7ced8d180b64,40a9de76-9289-f011-b4cc-7c1e527cd923
ccbc8e24-05d6-f011-8544-7c1e527d2157,1,"Vulnerabilities may cause system downtime, impacting production schedules and output.
Devices without high availability (HA) design are especially at risk during patching, as downtime directly affects manufacturing.",,,,Low Impact,1,0,,,22448912,04d25798-3a42-ee11-bdf5-000d3a8fd327,f7e01180-f6d5-f011-8543-7ced8d180b64,c29afc0a-9289-f011-b4cc-7c1e527d2157
2d8a5e27-05d6-f011-8543-7ced8d180b64,1,"Supports the digital product maturity model. 
Enhanced reliability and uptime of manufacturing operations.
Standardized patching processes leading to fewer unplanned outages.
Improved ability to schedule and execute maintenance with minimal impact",,,,Low Impact,1,0,,,22448910,04d25798-3a42-ee11-bdf5-000d3a8fd327,f7e01180-f6d5-f011-8543-7ced8d180b64,6e1c0e50-9289-f011-b4cc-002248271486
30fe5b27-05d6-f011-8543-7c1e520abc02,1,"Expected financial benefits:
Avoidance of costly production disruptions and recalls.
Reduced risk of regulatory fines and penalties.
Protection of revenue streams by maintaining operational continuity and product integrity",,,,Low Impact,1,0,,,22448908,04d25798-3a42-ee11-bdf5-000d3a8fd327,f7e01180-f6d5-f011-8543-7ced8d180b64,740adf46-9289-f011-b4cc-7c1e527cd923
c99d9429-05d6-f011-8544-6045bddb6d09,5,"Global program guidance and a recent assessment highlight substantial OT vulnerabilities. We have way too many vulnerabilities, security gaps in our OT systems.  MBO remediation is treated as a Tier 5 priority with two phases: Remediation (reduce current vulnerabilities) and Steady‑State (establish an enduring vulnerability management process). Site governance requires a local project team and continuous cybersecurity management embedded in the MRP plan.",,,,Moderate Impact,1,0,,,22448902,04d25798-3a42-ee11-bdf5-000d3a8fd327,f7e01180-f6d5-f011-8543-7ced8d180b64,300edd89-9289-f011-b4cc-7c1e527d2157
338a5e27-05d6-f011-8543-7ced8d180b64,10,"Disruption of manufacturing operations due to exploitation of OT vulnerabilities, potentially halting production, compromising product quality, or causing batch recalls.
Patient safety risks if inaccurate or manipulated data in OT or QC systems leads to unsafe products reaching the market.
Regulatory non-compliance, risking GxP, FDA, and EMA violations, which could trigger inspections, warning letters, or product holds.
Reputational and financial damage from breaches or regulatory findings, eroding trust and causing financial penalties.",,,,High Impact,1,0,,,22448900,04d25798-3a42-ee11-bdf5-000d3a8fd327,f7e01180-f6d5-f011-8543-7ced8d180b64,3182c040-9289-f011-b4cc-7c1e527cd923
8ed64a25-05d6-f011-8544-002248276c98,5,"Project will require Valiadation, Project Management, CIM, and Automation resources",,,,Moderate Impact,1,0,,,22448894,04d25798-3a42-ee11-bdf5-000d3a8fd327,f7e01180-f6d5-f011-8543-7ced8d180b64,300edd89-9289-f011-b4cc-7c1e527d2157
bebc8e24-05d6-f011-8544-7c1e527d2157,10,System Shutdown Required,,,,High Impact,1,0,,,22448875,04d25798-3a42-ee11-bdf5-000d3a8fd327,f7e01180-f6d5-f011-8543-7ced8d180b64,40a9de76-9289-f011-b4cc-7c1e527cd923
91c1972a-05d6-f011-8544-7c1e527d2157,5,Large Project (300+ Hours & Multiple Functions),,,,Moderate Impact,1,0,,,22448810,04d25798-3a42-ee11-bdf5-000d3a8fd327,f7e01180-f6d5-f011-8543-7ced8d180b64,a633db83-9289-f011-b4cc-7c1e527d2157
c89d9429-05d6-f011-8544-6045bddb6d09,0,,,,,No Impact,1,0,,,22448380,04d25798-3a42-ee11-bdf5-000d3a8fd327,f7e01180-f6d5-f011-8543-7ced8d180b64,c29afc0a-9289-f011-b4cc-7c1e527d2157
c79d9429-05d6-f011-8544-6045bddb6d09,0,,,,,No Impact,1,0,,,22448378,04d25798-3a42-ee11-bdf5-000d3a8fd327,f7e01180-f6d5-f011-8543-7ced8d180b64,23511df6-9189-f011-b4cc-7c1e527d2157
bcfe5b27-05d6-f011-8543-7c1e520abc02,0,,,,,No Impact,1,0,,,22448371,04d25798-3a42-ee11-bdf5-000d3a8fd327,f7e01180-f6d5-f011-8543-7ced8d180b64,c91de0e9-9189-f011-b4cc-7c1e527d2157
878b5e27-05d6-f011-8543-7ced8d180b64,0,,,,,No Impact,1,0,,,22448369,04d25798-3a42-ee11-bdf5-000d3a8fd327,f7e01180-f6d5-f011-8543-7ced8d180b64,31d4e7e3-9189-f011-b4cc-7c1e527d2157
b9bc8e24-05d6-f011-8544-7c1e527d2157,0,,,,,No Impact,1,0,,,22448364,04d25798-3a42-ee11-bdf5-000d3a8fd327,f7e01180-f6d5-f011-8543-7ced8d180b64,740adf46-9289-f011-b4cc-7c1e527cd923
88775d26-0bd5-f011-8544-7c1e527d2157,0,,,,,No Impact,1,0,,,22440710,04d25798-3a42-ee11-bdf5-000d3a8fd327,916fbceb-0ad5-f011-8544-002248271486,300edd89-9289-f011-b4cc-7c1e527d2157
53fb5a2a-0bd5-f011-8543-000d3a1fb287,0,,,,,No Impact,1,0,,,22440708,04d25798-3a42-ee11-bdf5-000d3a8fd327,916fbceb-0ad5-f011-8544-002248271486,a633db83-9289-f011-b4cc-7c1e527d2157
7b50e62a-0bd5-f011-8544-002248271486,0,,,,,No Impact,1,0,,,22440706,04d25798-3a42-ee11-bdf5-000d3a8fd327,916fbceb-0ad5-f011-8544-002248271486,cba1c26b-9289-f011-b4cc-7c1e527d2157
87775d26-0bd5-f011-8544-7c1e527d2157,0,,,,,No Impact,1,0,,,22440703,04d25798-3a42-ee11-bdf5-000d3a8fd327,916fbceb-0ad5-f011-8544-002248271486,c91de0e9-9189-f011-b4cc-7c1e527d2157
7950e62a-0bd5-f011-8544-002248271486,0,,,,,No Impact,1,0,,,22440702,04d25798-3a42-ee11-bdf5-000d3a8fd327,916fbceb-0ad5-f011-8544-002248271486,c29afc0a-9289-f011-b4cc-7c1e527d2157
54b2d32a-0bd5-f011-8544-6045bddb6d09,0,,,,,No Impact,1,0,,,22440699,04d25798-3a42-ee11-bdf5-000d3a8fd327,916fbceb-0ad5-f011-8544-002248271486,23511df6-9189-f011-b4cc-7c1e527d2157
efd42325-0bd5-f011-8544-7c1e527cd923,0,,,,,No Impact,1,0,,,22440695,04d25798-3a42-ee11-bdf5-000d3a8fd327,916fbceb-0ad5-f011-8544-002248271486,40a9de76-9289-f011-b4cc-7c1e527cd923
89fd8927-0bd5-f011-8543-7ced8d22eb24,0,,,,,No Impact,1,0,,,22440693,04d25798-3a42-ee11-bdf5-000d3a8fd327,916fbceb-0ad5-f011-8544-002248271486,31d4e7e3-9189-f011-b4cc-7c1e527d2157
86775d26-0bd5-f011-8544-7c1e527d2157,0,,,,,No Impact,1,0,,,22440688,04d25798-3a42-ee11-bdf5-000d3a8fd327,916fbceb-0ad5-f011-8544-002248271486,740adf46-9289-f011-b4cc-7c1e527cd923
85775d26-0bd5-f011-8544-7c1e527d2157,0,,,,,No Impact,1,0,,,22440686,04d25798-3a42-ee11-bdf5-000d3a8fd327,916fbceb-0ad5-f011-8544-002248271486,3182c040-9289-f011-b4cc-7c1e527cd923
4ffb5a2a-0bd5-f011-8543-000d3a1fb287,0,,,,,No Impact,1,0,,,22440684,04d25798-3a42-ee11-bdf5-000d3a8fd327,916fbceb-0ad5-f011-8544-002248271486,124ef45c-9289-f011-b4cc-002248271486
87fd8927-0bd5-f011-8543-7ced8d22eb24,0,,,,,No Impact,1,0,,,22440682,04d25798-3a42-ee11-bdf5-000d3a8fd327,916fbceb-0ad5-f011-8544-002248271486,6e1c0e50-9289-f011-b4cc-002248271486
81843724-0bd5-f011-8543-000d3a1fb287,0,,,,,No Impact,1,0,,,22440679,04d25798-3a42-ee11-bdf5-000d3a8fd327,916fbceb-0ad5-f011-8544-002248271486,09e36ed6-9189-f011-b4cc-002248271486
6cb64924-0bd5-f011-8543-002248236ff3,0,,,,,No Impact,1,0,,,22440675,04d25798-3a42-ee11-bdf5-000d3a8fd327,916fbceb-0ad5-f011-8544-002248271486,fc7f63d0-9189-f011-b4cc-002248271486
c3469f0c-c3ce-f011-bbd3-7c1e527cd923,1,Simple,,,,Low Impact,1,0,,,22383588,04d25798-3a42-ee11-bdf5-000d3a8fd327,081676d6-c2ce-f011-bbd3-7c1e527d2157,cba1c26b-9289-f011-b4cc-7c1e527d2157
d99aec0e-c3ce-f011-bbd3-7c1e527d2157,0,None,,,,No Impact,1,0,,,22383586,04d25798-3a42-ee11-bdf5-000d3a8fd327,081676d6-c2ce-f011-bbd3-7c1e527d2157,c91de0e9-9189-f011-b4cc-7c1e527d2157
a427c20f-c3ce-f011-bbd3-002248271486,0,None,,,,No Impact,1,0,,,22383584,04d25798-3a42-ee11-bdf5-000d3a8fd327,081676d6-c2ce-f011-bbd3-7c1e527d2157,31d4e7e3-9189-f011-b4cc-7c1e527d2157
38acb00a-c3ce-f011-8543-000d3a552d4c,0,None,,,,No Impact,1,0,,,22383582,04d25798-3a42-ee11-bdf5-000d3a8fd327,081676d6-c2ce-f011-bbd3-7c1e527d2157,09e36ed6-9189-f011-b4cc-002248271486
898bb809-c3ce-f011-bbd3-002248271486,1,None,,,,Low Impact,1,0,,,22383580,04d25798-3a42-ee11-bdf5-000d3a8fd327,081676d6-c2ce-f011-bbd3-7c1e527d2157,124ef45c-9289-f011-b4cc-002248271486
a627c20f-c3ce-f011-bbd3-002248271486,0,None,,,,No Impact,1,0,,,22383578,04d25798-3a42-ee11-bdf5-000d3a8fd327,081676d6-c2ce-f011-bbd3-7c1e527d2157,23511df6-9189-f011-b4cc-7c1e527d2157
e09aec0e-c3ce-f011-bbd3-7c1e527d2157,1,OK,,,,Low Impact,1,0,,,22383576,04d25798-3a42-ee11-bdf5-000d3a8fd327,081676d6-c2ce-f011-bbd3-7c1e527d2157,a633db83-9289-f011-b4cc-7c1e527d2157
a027c20f-c3ce-f011-bbd3-002248271486,1,None,None,,,Low Impact,1,0,,,22383574,04d25798-3a42-ee11-bdf5-000d3a8fd327,081676d6-c2ce-f011-bbd3-7c1e527d2157,40a9de76-9289-f011-b4cc-7c1e527cd923
df9aec0e-c3ce-f011-bbd3-7c1e527d2157,0,See ablove,,,,No Impact,1,0,,,22383572,04d25798-3a42-ee11-bdf5-000d3a8fd327,081676d6-c2ce-f011-bbd3-7c1e527d2157,c29afc0a-9289-f011-b4cc-7c1e527d2157
989aec0e-c3ce-f011-bbd3-7c1e527d2157,0,None,,,,No Impact,1,0,,,22383570,04d25798-3a42-ee11-bdf5-000d3a8fd327,081676d6-c2ce-f011-bbd3-7c1e527d2157,6e1c0e50-9289-f011-b4cc-002248271486
30f5a610-c3ce-f011-8543-000d3a552d4c,0,AIMP - Replacement,,,,No Impact,1,0,,,22383568,04d25798-3a42-ee11-bdf5-000d3a8fd327,081676d6-c2ce-f011-bbd3-7c1e527d2157,740adf46-9289-f011-b4cc-7c1e527cd923
97469f0c-c3ce-f011-bbd3-7c1e527cd923,0,N/A,,,,No Impact,1,0,,,22383566,04d25798-3a42-ee11-bdf5-000d3a8fd327,081676d6-c2ce-f011-bbd3-7c1e527d2157,fc7f63d0-9189-f011-b4cc-002248271486
e29aec0e-c3ce-f011-bbd3-7c1e527d2157,1,Quote for 90K,,,,Low Impact,1,0,,,22383564,04d25798-3a42-ee11-bdf5-000d3a8fd327,081676d6-c2ce-f011-bbd3-7c1e527d2157,300edd89-9289-f011-b4cc-7c1e527d2157
a3469f0c-c3ce-f011-bbd3-7c1e527cd923,10,Loss of equipment result in no heat in 300SW - impacting QC Testing,,,,High Impact,1,0,,,22383561,04d25798-3a42-ee11-bdf5-000d3a8fd327,081676d6-c2ce-f011-bbd3-7c1e527d2157,3182c040-9289-f011-b4cc-7c1e527cd923
9eabff82-c9c4-f011-bbd3-7c1e527d2157,1,The MS lab team has significant experience in developing the technical solution (alternative filter evaluation). The team will leverage experience from the site's previous implementation of filter change in manufacturing.,,,,Low Impact,1,0,,,22379219,04d25798-3a42-ee11-bdf5-000d3a8fd327,aaee2b71-c9c4-f011-bbd3-7c1e527cd923,cba1c26b-9289-f011-b4cc-7c1e527d2157
8eabff82-c9c4-f011-bbd3-7c1e527d2157,5,This project supports the RepAF yield improvement initiative.,,,,Moderate Impact,1,0,,,22379217,04d25798-3a42-ee11-bdf5-000d3a8fd327,aaee2b71-c9c4-f011-bbd3-7c1e527cd923,124ef45c-9289-f011-b4cc-002248271486
cb783283-c9c4-f011-bbd3-7c1e527cd923,1,There is no impact to the production schedule.,,,,Low Impact,1,0,,,22379215,04d25798-3a42-ee11-bdf5-000d3a8fd327,aaee2b71-c9c4-f011-bbd3-7c1e527cd923,40a9de76-9289-f011-b4cc-7c1e527cd923
b2783283-c9c4-f011-bbd3-7c1e527cd923,5,"Lab-scale preliminary study has demonstrated approximately 5% yield increase over the depth filtration operation in the RepAF downstream process, with the ultimate benefit to increase DS yield output.",,,,Moderate Impact,1,0,,,22379213,04d25798-3a42-ee11-bdf5-000d3a8fd327,aaee2b71-c9c4-f011-bbd3-7c1e527cd923,6e1c0e50-9289-f011-b4cc-002248271486
46d10280-c9c4-f011-bbd3-6045bddb6d09,0,There is low to no EHS risk.,,,,No Impact,1,0,,,22379210,04d25798-3a42-ee11-bdf5-000d3a8fd327,aaee2b71-c9c4-f011-bbd3-7c1e527cd923,fc7f63d0-9189-f011-b4cc-002248271486
aa655286-d8cf-f011-bbd3-7c1e527d2157,5,"Multi Functional Project involving AIQ, IT, CMMS, QAV, and QC

Workflow Highlights:

Change Control Management
Asset Number Creation
Vendor IOQ
New SOPs and WIs
Qualification Protocol
Protocol Execution
Trace Matrix
Instrument Release",,,,Moderate Impact,1,0,,,22378712,04d25798-3a42-ee11-bdf5-000d3a8fd327,3649dae7-5abb-f011-bbd3-7c1e527cd923,a633db83-9289-f011-b4cc-7c1e527d2157
66aad487-d8cf-f011-bbd3-7c1e5280488a,1,Qualification of analytical instruments performed routinely in QC.,,,,Low Impact,1,0,,,22378710,04d25798-3a42-ee11-bdf5-000d3a8fd327,3649dae7-5abb-f011-bbd3-7c1e527cd923,cba1c26b-9289-f011-b4cc-7c1e527d2157
578d6386-d8cf-f011-8543-0022482eff56,0,N/A,,,,No Impact,1,0,,,22378707,04d25798-3a42-ee11-bdf5-000d3a8fd327,3649dae7-5abb-f011-bbd3-7c1e527cd923,c91de0e9-9189-f011-b4cc-7c1e527d2157
548d6386-d8cf-f011-8543-0022482eff56,0,N/A,,,,No Impact,1,0,,,22378705,04d25798-3a42-ee11-bdf5-000d3a8fd327,3649dae7-5abb-f011-bbd3-7c1e527cd923,31d4e7e3-9189-f011-b4cc-7c1e527d2157
3e8d6386-d8cf-f011-8543-0022482eff56,0,N/A,,,,No Impact,1,0,,,22378703,04d25798-3a42-ee11-bdf5-000d3a8fd327,3649dae7-5abb-f011-bbd3-7c1e527cd923,09e36ed6-9189-f011-b4cc-002248271486
488d6386-d8cf-f011-8543-0022482eff56,15,Required to meet site goals in respect to partnership with Pharm Sci Cell Line Development for utilization of MBO for clinical cell bank manufacturing and release.,,,,Critical Impact,1,0,,,22378701,04d25798-3a42-ee11-bdf5-000d3a8fd327,3649dae7-5abb-f011-bbd3-7c1e527cd923,124ef45c-9289-f011-b4cc-002248271486
5daad487-d8cf-f011-bbd3-7c1e5280488a,0,Not on QRR.,,,,No Impact,1,0,,,22378698,04d25798-3a42-ee11-bdf5-000d3a8fd327,3649dae7-5abb-f011-bbd3-7c1e527cd923,23511df6-9189-f011-b4cc-7c1e527d2157
741d5488-d8cf-f011-bbd3-002248276c98,15,Unable to release cell banks to support clinical manufacture.,,,,Critical Impact,1,0,,,22378692,04d25798-3a42-ee11-bdf5-000d3a8fd327,3649dae7-5abb-f011-bbd3-7c1e527cd923,40a9de76-9289-f011-b4cc-7c1e527cd923
5b37758a-d8cf-f011-bbd3-7c1e527cd923,15,Business continuity is not possible without this project. The new instrument is required for testing cell banks produced by MBO for pipeline clinical programs.,,,,Critical Impact,1,0,,,22378689,04d25798-3a42-ee11-bdf5-000d3a8fd327,3649dae7-5abb-f011-bbd3-7c1e527cd923,c29afc0a-9289-f011-b4cc-7c1e527d2157
418d6386-d8cf-f011-8543-0022482eff56,1,Enables QC testing of pipeline clinical cell banks in partnership with Pharm Sci Cell Line Development. This allows for further utilization of MABioOps capabilities for production and release of cell banks for the Takeda network.,,,,Low Impact,1,0,,,22378687,04d25798-3a42-ee11-bdf5-000d3a8fd327,3649dae7-5abb-f011-bbd3-7c1e527cd923,6e1c0e50-9289-f011-b4cc-002248271486
01412685-d8cf-f011-bbd3-002248271486,0,This project is required for business continuity and doesnt result in cost savings.,,,,No Impact,1,0,,,22378685,04d25798-3a42-ee11-bdf5-000d3a8fd327,3649dae7-5abb-f011-bbd3-7c1e527cd923,740adf46-9289-f011-b4cc-7c1e527cd923
8f655286-d8cf-f011-bbd3-7c1e527d2157,0,"No additional wastestreams required. The staining component, Trypan Blue, is already in use in the QC Cell Bank Laboratory.",,,,No Impact,1,0,,,22378683,04d25798-3a42-ee11-bdf5-000d3a8fd327,3649dae7-5abb-f011-bbd3-7c1e527cd923,fc7f63d0-9189-f011-b4cc-002248271486
5e37758a-d8cf-f011-bbd3-7c1e527cd923,1,"Quote from Nova Biomedical is USD 99,259.50",,,,Low Impact,1,0,,,22378673,04d25798-3a42-ee11-bdf5-000d3a8fd327,3649dae7-5abb-f011-bbd3-7c1e527cd923,300edd89-9289-f011-b4cc-7c1e527d2157
5cb42143-77c1-f011-bbd3-7c1e527cd923,1,Design is well known,,,,Low Impact,1,0,,,22378495,04d25798-3a42-ee11-bdf5-000d3a8fd327,8b91df39-75ba-f011-bbd3-6045bddb6d09,cba1c26b-9289-f011-b4cc-7c1e527d2157
45b42143-77c1-f011-bbd3-7c1e527cd923,0,None,,,,No Impact,1,0,,,22378493,04d25798-3a42-ee11-bdf5-000d3a8fd327,8b91df39-75ba-f011-bbd3-6045bddb6d09,09e36ed6-9189-f011-b4cc-002248271486
71af9241-77c1-f011-bbd2-000d3a8f6005,0,"While we are impacting the draw on WFI we're not reducing total volume used, more streamlining demand to prevent tank filling cycling, there could be some savings but hard to quantify at this point",,,,No Impact,1,0,,,22378491,04d25798-3a42-ee11-bdf5-000d3a8fd327,8b91df39-75ba-f011-bbd3-6045bddb6d09,c91de0e9-9189-f011-b4cc-7c1e527d2157
70af9241-77c1-f011-bbd2-000d3a8f6005,0,None,,,,No Impact,1,0,,,22378489,04d25798-3a42-ee11-bdf5-000d3a8fd327,8b91df39-75ba-f011-bbd3-6045bddb6d09,31d4e7e3-9189-f011-b4cc-7c1e527d2157
48b42143-77c1-f011-bbd3-7c1e527cd923,0,CAPA related,,,,No Impact,1,0,,,22378487,04d25798-3a42-ee11-bdf5-000d3a8fd327,8b91df39-75ba-f011-bbd3-6045bddb6d09,124ef45c-9289-f011-b4cc-002248271486
52b42143-77c1-f011-bbd3-7c1e527cd923,1,Need time on skid when not in use.,,,,Low Impact,1,0,,,22378485,04d25798-3a42-ee11-bdf5-000d3a8fd327,8b91df39-75ba-f011-bbd3-6045bddb6d09,40a9de76-9289-f011-b4cc-7c1e527cd923
5bb42143-77c1-f011-bbd3-7c1e527cd923,15,CAPA related to contamination investigation,,,,Critical Impact,1,0,,,22378481,04d25798-3a42-ee11-bdf5-000d3a8fd327,8b91df39-75ba-f011-bbd3-6045bddb6d09,c29afc0a-9289-f011-b4cc-7c1e527d2157
47b42143-77c1-f011-bbd3-7c1e527cd923,15,Part of the scope includes reducing WFI consumption at the CIP step,,,,Critical Impact,1,0,,,22378479,04d25798-3a42-ee11-bdf5-000d3a8fd327,8b91df39-75ba-f011-bbd3-6045bddb6d09,6e1c0e50-9289-f011-b4cc-002248271486
6faf9241-77c1-f011-bbd2-000d3a8f6005,1,Reduced contaminations,,,,Low Impact,1,0,,,22378477,04d25798-3a42-ee11-bdf5-000d3a8fd327,8b91df39-75ba-f011-bbd3-6045bddb6d09,740adf46-9289-f011-b4cc-7c1e527cd923
eb2e1f3d-77c1-f011-bbd3-7c1e527cd923,0,None,,,,No Impact,1,0,,,22378475,04d25798-3a42-ee11-bdf5-000d3a8fd327,8b91df39-75ba-f011-bbd3-6045bddb6d09,fc7f63d0-9189-f011-b4cc-002248271486
49b42143-77c1-f011-bbd3-7c1e527cd923,1,Closes CAPA related to contamination,,,,Low Impact,1,0,,,22378473,04d25798-3a42-ee11-bdf5-000d3a8fd327,8b91df39-75ba-f011-bbd3-6045bddb6d09,3182c040-9289-f011-b4cc-7c1e527cd923
43aad487-d8cf-f011-bbd3-7c1e5280488a,15,This project is required to enable the QC Cell Bank Lab to perform necessary testing to release pipeline clinical cell banks for production.,,,,Critical Impact,1,0,,,22378458,04d25798-3a42-ee11-bdf5-000d3a8fd327,3649dae7-5abb-f011-bbd3-7c1e527cd923,3182c040-9289-f011-b4cc-7c1e527cd923
c1c9e741-8d99-f011-b4cc-7c1e527cd923,5,"Cost savings due to lower indirect materials costs.  extent to be determined.  preliminary estimate: 20,000 / year",,,,Moderate Impact,1,0,,,22378277,04d25798-3a42-ee11-bdf5-000d3a8fd327,b0368723-8d99-f011-b4cc-7c1e527cd923,740adf46-9289-f011-b4cc-7c1e527cd923
1d913140-8d99-f011-b4cc-002248271486,5,There will be value creation to the harmonization of materials.,,,,Moderate Impact,1,0,,,22378275,04d25798-3a42-ee11-bdf5-000d3a8fd327,b0368723-8d99-f011-b4cc-7c1e527cd923,124ef45c-9289-f011-b4cc-002248271486
2e913140-8d99-f011-b4cc-002248271486,1,compare similar materials and align on the better one,,,,Low Impact,1,0,,,22378273,04d25798-3a42-ee11-bdf5-000d3a8fd327,b0368723-8d99-f011-b4cc-7c1e527cd923,cba1c26b-9289-f011-b4cc-7c1e527d2157
456d6543-8d99-f011-b4cc-6045bddb6d09,5,People will need to compare the materials and harmonize,,,,Moderate Impact,1,0,,,22378250,04d25798-3a42-ee11-bdf5-000d3a8fd327,b0368723-8d99-f011-b4cc-7c1e527cd923,a633db83-9289-f011-b4cc-7c1e527d2157
416d6543-8d99-f011-b4cc-6045bddb6d09,1,no impact to production.  this will be performed outside the production window,,,,Low Impact,1,0,,,22378248,04d25798-3a42-ee11-bdf5-000d3a8fd327,b0368723-8d99-f011-b4cc-7c1e527cd923,40a9de76-9289-f011-b4cc-7c1e527cd923
51d0153f-8d99-f011-b4cb-7c1e527d2157,1,use budgeted FTEs to conduct the work,,,,Low Impact,1,0,,,22378246,04d25798-3a42-ee11-bdf5-000d3a8fd327,b0368723-8d99-f011-b4cc-7c1e527cd923,300edd89-9289-f011-b4cc-7c1e527d2157
dfc421aa-adcf-f011-bbd3-7c1e527cd923,0,No impact to carbon footprint via this change,,,,No Impact,1,0,,,22373078,04d25798-3a42-ee11-bdf5-000d3a8fd327,56f6109b-adcf-f011-bbd3-002248276c98,09e36ed6-9189-f011-b4cc-002248271486
93e09fab-adcf-f011-bbd3-002248271486,1,"No additonal difficulty, no impact to current practice",,,,Low Impact,1,0,,,22373076,04d25798-3a42-ee11-bdf5-000d3a8fd327,56f6109b-adcf-f011-bbd3-002248276c98,cba1c26b-9289-f011-b4cc-7c1e527d2157
8fe09fab-adcf-f011-bbd3-002248271486,0,No impact to water usage,,,,No Impact,1,0,,,22373074,04d25798-3a42-ee11-bdf5-000d3a8fd327,56f6109b-adcf-f011-bbd3-002248276c98,c91de0e9-9189-f011-b4cc-7c1e527d2157
010542b0-adcf-f011-8543-000d3a194867,0,No impact to waste,,,,No Impact,1,0,,,22373072,04d25798-3a42-ee11-bdf5-000d3a8fd327,56f6109b-adcf-f011-bbd3-002248276c98,31d4e7e3-9189-f011-b4cc-7c1e527d2157
63421fb0-adcf-f011-bbd3-7c1e527cd923,10,Estimated to increase Lana DS yield,,,,High Impact,1,0,,,22373070,04d25798-3a42-ee11-bdf5-000d3a8fd327,56f6109b-adcf-f011-bbd3-002248276c98,124ef45c-9289-f011-b4cc-002248271486
fd1c0bad-adcf-f011-8543-7c1e526970b2,0,No quality impact,,,,No Impact,1,0,,,22373068,04d25798-3a42-ee11-bdf5-000d3a8fd327,56f6109b-adcf-f011-bbd3-002248276c98,23511df6-9189-f011-b4cc-7c1e527d2157
0fd72aac-adcf-f011-bbd3-6045bddb6d09,1,"No impact, minimal effort",,,,Low Impact,1,0,,,22373066,04d25798-3a42-ee11-bdf5-000d3a8fd327,56f6109b-adcf-f011-bbd3-002248276c98,a633db83-9289-f011-b4cc-7c1e527d2157
f11c0bad-adcf-f011-8543-7c1e526970b2,1,A increase duration of 3-5 hours between N-1 routine cell count sample and 2K inoculation,,,,Low Impact,1,0,,,22373064,04d25798-3a42-ee11-bdf5-000d3a8fd327,56f6109b-adcf-f011-bbd3-002248276c98,40a9de76-9289-f011-b4cc-7c1e527cd923
44db40ad-adcf-f011-bbd3-7c1e527d2157,0,No risk to current or future state,,,,No Impact,1,0,,,22373062,04d25798-3a42-ee11-bdf5-000d3a8fd327,56f6109b-adcf-f011-bbd3-002248276c98,c29afc0a-9289-f011-b4cc-7c1e527d2157
73e09fab-adcf-f011-bbd3-002248271486,5,Potential 5% increase of Lana DS yield,Using at lab and at scale data on the impact of seeding density on titer,,,Moderate Impact,1,0,,,22373060,04d25798-3a42-ee11-bdf5-000d3a8fd327,56f6109b-adcf-f011-bbd3-002248276c98,6e1c0e50-9289-f011-b4cc-002248271486
ff0442b0-adcf-f011-8543-000d3a194867,5,"TBD, the price/cost of .1 kg of Takhzyro drub substance",Internal supply chain and finance,,,Moderate Impact,1,0,,,22373058,04d25798-3a42-ee11-bdf5-000d3a8fd327,56f6109b-adcf-f011-bbd3-002248276c98,740adf46-9289-f011-b4cc-7c1e527cd923
7b9781aa-adcf-f011-8543-0022482eff56,0,No change to current practices.,N/A,,,No Impact,1,0,,,22373056,04d25798-3a42-ee11-bdf5-000d3a8fd327,56f6109b-adcf-f011-bbd3-002248276c98,fc7f63d0-9189-f011-b4cc-002248271486
081d0bad-adcf-f011-8543-7c1e526970b2,1,"No impact to current practices, no additional cost.",N/A,,,Low Impact,1,0,,,22373054,04d25798-3a42-ee11-bdf5-000d3a8fd327,56f6109b-adcf-f011-bbd3-002248276c98,300edd89-9289-f011-b4cc-7c1e527d2157
7ce09fab-adcf-f011-bbd3-002248271486,0,"Value creation opportuntiy to increase yield, not impact to current standard operations.",Potential increase of 0.1 kg to Lana final DS yield (kg),,,No Impact,1,0,,,22373052,04d25798-3a42-ee11-bdf5-000d3a8fd327,56f6109b-adcf-f011-bbd3-002248276c98,3182c040-9289-f011-b4cc-7c1e527cd923
5f29cde5-7bc1-f011-bbd3-7c1e527d2157,10,SLT and ELT will need to be involve from each function; HR resources will be needed to support standing up the program. Estimated hours do not include systems build of Capability Dashboards for each of the functions.,Included SLT and ELT members and assumed 4 hours per month per workshop for the length of each functional workstream estimated 6 months per workstream; Assumed 4 hours per month for pre-work and post-work. Assumptions were based off of Pilot Program. Estimate does not include calculation of BE required hours for Capability Dashboard build by function (yet to be determined).,,,High Impact,1,0,,,22302756,04d25798-3a42-ee11-bdf5-000d3a8fd327,6ae769d3-7bc1-f011-bbd3-7c1e527d2157,a633db83-9289-f011-b4cc-7c1e527d2157
6d0364e7-79ab-f011-bbd3-002248271486,1,Contributes to MBO Value Creation Goals (Direct Material Cost),,,,Low Impact,1,0,,,22283265,04d25798-3a42-ee11-bdf5-000d3a8fd327,cbb9b5da-79ab-f011-bbd3-6045bddb6d09,124ef45c-9289-f011-b4cc-002248271486
21d26ae6-79ab-f011-bbd2-000d3a8f6e7d,5,Standard SPOT Project to implement a new material,,,,Moderate Impact,1,0,,,22283262,04d25798-3a42-ee11-bdf5-000d3a8fd327,cbb9b5da-79ab-f011-bbd3-6045bddb6d09,a633db83-9289-f011-b4cc-7c1e527d2157
77c205e4-79ab-f011-bbd3-002248276c98,1,Bags will be phased in as existing inventory of legacy bags are exhausted.  This is a new material,,,,Low Impact,1,0,,,22283260,04d25798-3a42-ee11-bdf5-000d3a8fd327,cbb9b5da-79ab-f011-bbd3-6045bddb6d09,40a9de76-9289-f011-b4cc-7c1e527cd923
e580fbe7-79ab-f011-bbd3-6045bddb6d09,15,"Based on current BRX costs:  5L bags cost $153.03 less per bag, 10L cost $155.48 per bag and 25L cost: $204.78 less per bag.","Annual bag uses (average): 5L: 2174, 10L: 808, 25L: 2092, using cost savings in rationale: this is $886,714 / year savings",,,Critical Impact,1,0,,,22283258,04d25798-3a42-ee11-bdf5-000d3a8fd327,cbb9b5da-79ab-f011-bbd3-6045bddb6d09,740adf46-9289-f011-b4cc-7c1e527cd923
1081fbe7-79ab-f011-bbd3-6045bddb6d09,1,Minor costs to qualify materials.  New bags will cost less than existing bags and existing bag inventory will be used up before the new bags are put in service,,,,Low Impact,1,0,,,22283256,04d25798-3a42-ee11-bdf5-000d3a8fd327,cbb9b5da-79ab-f011-bbd3-6045bddb6d09,300edd89-9289-f011-b4cc-7c1e527d2157
d4783283-c9c4-f011-bbd3-7c1e527cd923,5,Step yield is quantified as less than 85% over the depth filtration operation in manufacturing. No mitigation exists.,,,,Moderate Impact,1,0,,,22045589,04d25798-3a42-ee11-bdf5-000d3a8fd327,aaee2b71-c9c4-f011-bbd3-7c1e527cd923,c29afc0a-9289-f011-b4cc-7c1e527d2157
a4abff82-c9c4-f011-bbd3-7c1e527d2157,1,The estimated cost for this project is less than 0.5 OkuYen.,,,,Low Impact,1,0,,,22045584,04d25798-3a42-ee11-bdf5-000d3a8fd327,aaee2b71-c9c4-f011-bbd3-7c1e527cd923,300edd89-9289-f011-b4cc-7c1e527d2157
47d10280-c9c4-f011-bbd3-6045bddb6d09,1,"The proposed future state depth filter is a replacement for the current state material. Therefore, there is no expected impact to production.",,,,Low Impact,1,0,,,22045582,04d25798-3a42-ee11-bdf5-000d3a8fd327,aaee2b71-c9c4-f011-bbd3-7c1e527cd923,3182c040-9289-f011-b4cc-7c1e527cd923
c4783283-c9c4-f011-bbd3-7c1e527cd923,5,The increased DS production (less than 5 g per batch) is expected to save on cost of production to ensure continued supply. This is less than 0.5 OY COP savings.,,,,Moderate Impact,1,0,,,22044826,04d25798-3a42-ee11-bdf5-000d3a8fd327,aaee2b71-c9c4-f011-bbd3-7c1e527cd923,740adf46-9289-f011-b4cc-7c1e527cd923
d0783283-c9c4-f011-bbd3-7c1e527cd923,0,There is no projected Waste to Landfill Reduction benefit.,,,,No Impact,1,0,,,22044807,04d25798-3a42-ee11-bdf5-000d3a8fd327,aaee2b71-c9c4-f011-bbd3-7c1e527cd923,31d4e7e3-9189-f011-b4cc-7c1e527d2157
ab783283-c9c4-f011-bbd3-7c1e527cd923,0,There is no projected Carbon Reduction benefit.,,,,No Impact,1,0,,,22044801,04d25798-3a42-ee11-bdf5-000d3a8fd327,aaee2b71-c9c4-f011-bbd3-7c1e527cd923,09e36ed6-9189-f011-b4cc-002248271486
24229f7e-c9c4-f011-bbd2-000d3a4e7261,0,There is no projected Water Usaged Reduction benefit.,,,,No Impact,1,0,,,22044798,04d25798-3a42-ee11-bdf5-000d3a8fd327,aaee2b71-c9c4-f011-bbd3-7c1e527cd923,c91de0e9-9189-f011-b4cc-7c1e527d2157
6e07b284-c9c4-f011-bbd2-000d3a4e7261,0,This project does not address any of the quality risk register items.,,,,No Impact,1,0,,,22044053,04d25798-3a42-ee11-bdf5-000d3a8fd327,aaee2b71-c9c4-f011-bbd3-7c1e527cd923,23511df6-9189-f011-b4cc-7c1e527d2157
da783283-c9c4-f011-bbd3-7c1e527cd923,1,Effort for this project is expected to require less than 200 labor hours for development and implementation.,,,,Low Impact,1,0,,,22044051,04d25798-3a42-ee11-bdf5-000d3a8fd327,aaee2b71-c9c4-f011-bbd3-7c1e527cd923,a633db83-9289-f011-b4cc-7c1e527d2157
2be9bf7e-98c1-f011-bbd3-002248271486,1,ROs are redundant and therefore current risk is elevated but minimal.,,,,Low Impact,1,0,,,21954535,04d25798-3a42-ee11-bdf5-000d3a8fd327,0796b478-98c1-f011-bbd3-002248271486,3182c040-9289-f011-b4cc-7c1e527cd923
32e9bf7e-98c1-f011-bbd3-002248271486,1,Part is like for like. Simple project. No technical soultuion development support needed.,,,,Low Impact,1,0,,,21954532,04d25798-3a42-ee11-bdf5-000d3a8fd327,0796b478-98c1-f011-bbd3-002248271486,cba1c26b-9289-f011-b4cc-7c1e527d2157
42df5583-98c1-f011-bbd3-7c1e527cd923,1,Simple project requiring only MRO and Facilities support.,,,,Low Impact,1,0,,,21954530,04d25798-3a42-ee11-bdf5-000d3a8fd327,0796b478-98c1-f011-bbd3-002248271486,a633db83-9289-f011-b4cc-7c1e527d2157
34e9bf7e-98c1-f011-bbd3-002248271486,1,Simple project requiring only MRO and Facilities support.,,,,Low Impact,1,0,,,21954528,04d25798-3a42-ee11-bdf5-000d3a8fd327,0796b478-98c1-f011-bbd3-002248271486,a633db83-9289-f011-b4cc-7c1e527d2157
94cf477d-98c1-f011-bbd3-7c1e527cd923,1,No impact to production. ROs are redundant and work can be scheduled as to not interfere with production schedule.,,,,Low Impact,1,0,,,21954524,04d25798-3a42-ee11-bdf5-000d3a8fd327,0796b478-98c1-f011-bbd3-002248271486,40a9de76-9289-f011-b4cc-7c1e527cd923
46df5583-98c1-f011-bbd3-7c1e527cd923,1,"quote from 28OCT25 lists 1 new CDI at $18,293.20",,,,Low Impact,1,0,,,21954522,04d25798-3a42-ee11-bdf5-000d3a8fd327,0796b478-98c1-f011-bbd3-002248271486,300edd89-9289-f011-b4cc-7c1e527d2157
f18cdd7e-98c1-f011-bbd2-000d3a8f6005,1,"quote from 28OCT25 lists 1 new CDI at $18,293.20",,,,Low Impact,1,0,,,21954520,04d25798-3a42-ee11-bdf5-000d3a8fd327,0796b478-98c1-f011-bbd3-002248271486,300edd89-9289-f011-b4cc-7c1e527d2157
3adf5583-98c1-f011-bbd3-7c1e527cd923,0,,,,,No Impact,1,0,,,21954512,04d25798-3a42-ee11-bdf5-000d3a8fd327,0796b478-98c1-f011-bbd3-002248271486,c29afc0a-9289-f011-b4cc-7c1e527d2157
38df5583-98c1-f011-bbd3-7c1e527cd923,0,,,,,No Impact,1,0,,,21954511,04d25798-3a42-ee11-bdf5-000d3a8fd327,0796b478-98c1-f011-bbd3-002248271486,23511df6-9189-f011-b4cc-7c1e527d2157
2fe9bf7e-98c1-f011-bbd3-002248271486,0,,,,,No Impact,1,0,,,21954510,04d25798-3a42-ee11-bdf5-000d3a8fd327,0796b478-98c1-f011-bbd3-002248271486,c91de0e9-9189-f011-b4cc-7c1e527d2157
ef8cdd7e-98c1-f011-bbd2-000d3a8f6005,0,,,,,No Impact,1,0,,,21954509,04d25798-3a42-ee11-bdf5-000d3a8fd327,0796b478-98c1-f011-bbd3-002248271486,31d4e7e3-9189-f011-b4cc-7c1e527d2157
ee8cdd7e-98c1-f011-bbd2-000d3a8f6005,0,,,,,No Impact,1,0,,,21954506,04d25798-3a42-ee11-bdf5-000d3a8fd327,0796b478-98c1-f011-bbd3-002248271486,740adf46-9289-f011-b4cc-7c1e527cd923
82cf477d-98c1-f011-bbd3-7c1e527cd923,0,,,,,No Impact,1,0,,,21954504,04d25798-3a42-ee11-bdf5-000d3a8fd327,0796b478-98c1-f011-bbd3-002248271486,124ef45c-9289-f011-b4cc-002248271486
2ae9bf7e-98c1-f011-bbd3-002248271486,0,,,,,No Impact,1,0,,,21954503,04d25798-3a42-ee11-bdf5-000d3a8fd327,0796b478-98c1-f011-bbd3-002248271486,6e1c0e50-9289-f011-b4cc-002248271486
78cf477d-98c1-f011-bbd3-7c1e527cd923,0,,,,,No Impact,1,0,,,21954502,04d25798-3a42-ee11-bdf5-000d3a8fd327,0796b478-98c1-f011-bbd3-002248271486,09e36ed6-9189-f011-b4cc-002248271486
73cf477d-98c1-f011-bbd3-7c1e527cd923,0,,,,,No Impact,1,0,,,21954501,04d25798-3a42-ee11-bdf5-000d3a8fd327,0796b478-98c1-f011-bbd3-002248271486,fc7f63d0-9189-f011-b4cc-002248271486
5c29cde5-7bc1-f011-bbd3-7c1e527d2157,15,Building the experience as we launch. No global methodoly in place yet and aligning with multiple sites. Will need to align on priorities across multiple functions with various needs.,,,,Critical Impact,1,0,,,21953926,04d25798-3a42-ee11-bdf5-000d3a8fd327,6ae769d3-7bc1-f011-bbd3-7c1e527d2157,cba1c26b-9289-f011-b4cc-7c1e527d2157
c8ae65e7-7bc1-f011-bbd3-7c1e527cd923,15,Part of the FY25 strategic initiatives,,,,Critical Impact,1,0,,,21953876,04d25798-3a42-ee11-bdf5-000d3a8fd327,6ae769d3-7bc1-f011-bbd3-7c1e527d2157,124ef45c-9289-f011-b4cc-002248271486
cfae65e7-7bc1-f011-bbd3-7c1e527cd923,1,The process will determine the outcome. There is potential for cost avoidance related to labor and potential COP benefit.,,,,Low Impact,1,0,,,21953871,04d25798-3a42-ee11-bdf5-000d3a8fd327,6ae769d3-7bc1-f011-bbd3-7c1e527d2157,740adf46-9289-f011-b4cc-7c1e527cd923
2229cde5-7bc1-f011-bbd3-7c1e527d2157,0,NA,,,,No Impact,1,0,,,21953869,04d25798-3a42-ee11-bdf5-000d3a8fd327,6ae769d3-7bc1-f011-bbd3-7c1e527d2157,fc7f63d0-9189-f011-b4cc-002248271486
dbae65e7-7bc1-f011-bbd3-7c1e527cd923,1,digitization and digital tools will be provided through global funding and all resources are currently budgeted.  No additional costs are needed,,,,Low Impact,1,0,,,21953864,04d25798-3a42-ee11-bdf5-000d3a8fd327,6ae769d3-7bc1-f011-bbd3-7c1e527d2157,300edd89-9289-f011-b4cc-7c1e527d2157
3d29cde5-7bc1-f011-bbd3-7c1e527d2157,1,No expected impact to production schedule,,,,Low Impact,1,0,,,21953862,04d25798-3a42-ee11-bdf5-000d3a8fd327,6ae769d3-7bc1-f011-bbd3-7c1e527d2157,40a9de76-9289-f011-b4cc-7c1e527cd923
64f3f6e7-7bc1-f011-bbd3-002248271486,15,SWP ensures we are putting the right resources in place to ensure supply continuity.,,,,Critical Impact,1,0,,,21953860,04d25798-3a42-ee11-bdf5-000d3a8fd327,6ae769d3-7bc1-f011-bbd3-7c1e527d2157,3182c040-9289-f011-b4cc-7c1e527cd923
84f3f6e7-7bc1-f011-bbd3-002248271486,10,Little chance to mitigate the risk. It has potential impact to loss or delay of batches and is a key element to our operations.,,,,High Impact,1,0,,,21953853,04d25798-3a42-ee11-bdf5-000d3a8fd327,6ae769d3-7bc1-f011-bbd3-7c1e527d2157,c29afc0a-9289-f011-b4cc-7c1e527d2157
5529cde5-7bc1-f011-bbd3-7c1e527d2157,0,,,,,No Impact,1,0,,,21953847,04d25798-3a42-ee11-bdf5-000d3a8fd327,6ae769d3-7bc1-f011-bbd3-7c1e527d2157,23511df6-9189-f011-b4cc-7c1e527d2157
4d29cde5-7bc1-f011-bbd3-7c1e527d2157,0,,,,,No Impact,1,0,,,21953846,04d25798-3a42-ee11-bdf5-000d3a8fd327,6ae769d3-7bc1-f011-bbd3-7c1e527d2157,c91de0e9-9189-f011-b4cc-7c1e527d2157
d5ae65e7-7bc1-f011-bbd3-7c1e527cd923,0,,,,,No Impact,1,0,,,21953845,04d25798-3a42-ee11-bdf5-000d3a8fd327,6ae769d3-7bc1-f011-bbd3-7c1e527d2157,31d4e7e3-9189-f011-b4cc-7c1e527d2157
2429cde5-7bc1-f011-bbd3-7c1e527d2157,0,,,,,No Impact,1,0,,,21953839,04d25798-3a42-ee11-bdf5-000d3a8fd327,6ae769d3-7bc1-f011-bbd3-7c1e527d2157,6e1c0e50-9289-f011-b4cc-002248271486
2329cde5-7bc1-f011-bbd3-7c1e527d2157,0,,,,,No Impact,1,0,,,21953838,04d25798-3a42-ee11-bdf5-000d3a8fd327,6ae769d3-7bc1-f011-bbd3-7c1e527d2157,09e36ed6-9189-f011-b4cc-002248271486
72af9241-77c1-f011-bbd2-000d3a8f6005,0,,,,,No Impact,1,0,,,21953718,04d25798-3a42-ee11-bdf5-000d3a8fd327,8b91df39-75ba-f011-bbd3-6045bddb6d09,23511df6-9189-f011-b4cc-7c1e527d2157
cd0a08d3-97c0-f011-bbd3-7c1e527cd923,1,"TBD - this is a global initiative that has a global SteerCo, Governance, project management, and workstreams. Local entities will be responsible for developing and managing any additional training beyond the global curricula. The only other lab hours expected for this project are to support implementation from a Change Agent perspective - these change agents have already been identified.",,,,Low Impact,1,0,,,21953701,04d25798-3a42-ee11-bdf5-000d3a8fd327,31a81317-95c0-f011-bbd3-7c1e527cd923,a633db83-9289-f011-b4cc-7c1e527d2157
a90a08d3-97c0-f011-bbd3-7c1e527cd923,1,There will be no impact to the production schedule. All data existing in TrackWise at the time of the migration will continue to exist in Trackwise. Historical records will remain in TrackWise. All existing TrackWise records will be closed according to current procedures.,,,,Low Impact,1,0,,,21953699,04d25798-3a42-ee11-bdf5-000d3a8fd327,31a81317-95c0-f011-bbd3-7c1e527cd923,40a9de76-9289-f011-b4cc-7c1e527cd923
9b0a08d3-97c0-f011-bbd3-7c1e527cd923,1,"This system will standardize global quality processes, enhance operational efficiency, and strengthen risk management. It also supports broader initiatives like Product Lifecycle Management, One Day Batch Release, and GenAI for Deviations.",,,,Low Impact,1,0,,,21953697,04d25798-3a42-ee11-bdf5-000d3a8fd327,31a81317-95c0-f011-bbd3-7c1e527cd923,6e1c0e50-9289-f011-b4cc-002248271486
fe15c4ce-97c0-f011-bbd2-6045bdd7e0eb,10,"Agreed breakdown aligned by Site Quality Head and MRP targets are as follows: 
MBO FY26 COP Headcount Reduction: 3
MBO FY27 COP Headcount Reduction: 1","based on finance grounded value this provide a $596,542 savings or O¥0.8 in COP Savings spread over FY27-FY30.",,,High Impact,1,0,,,21953695,04d25798-3a42-ee11-bdf5-000d3a8fd327,31a81317-95c0-f011-bbd3-7c1e527cd923,740adf46-9289-f011-b4cc-7c1e527cd923
bd0a08d3-97c0-f011-bbd3-7c1e527cd923,0,Simplifies integration between the various quality systems into one,,,,No Impact,1,0,,,21953582,04d25798-3a42-ee11-bdf5-000d3a8fd327,31a81317-95c0-f011-bbd3-7c1e527cd923,23511df6-9189-f011-b4cc-7c1e527d2157
c10a08d3-97c0-f011-bbd3-7c1e527cd923,0,There is no expected impact on production or yield.,,,,No Impact,1,0,,,21953576,04d25798-3a42-ee11-bdf5-000d3a8fd327,31a81317-95c0-f011-bbd3-7c1e527cd923,c29afc0a-9289-f011-b4cc-7c1e527d2157
231bbfd4-97c0-f011-bbd2-6045bdd7e0eb,1,Costs associated with this project will be managed at a global level. Small estimated OPEX and CAPEX from MBO are due to uncertainty with roll out expectations at this time.,,,,Low Impact,1,0,,,21953481,04d25798-3a42-ee11-bdf5-000d3a8fd327,31a81317-95c0-f011-bbd3-7c1e527cd923,300edd89-9289-f011-b4cc-7c1e527d2157
fd15c4ce-97c0-f011-bbd2-6045bdd7e0eb,1,"This project is a strategic initiative to implement a cloud-based electronic quality management system (eQMS), replacing TrackWise. There is no impact to product. All existing TrackWise records will be closed according to current procedures, and historical records will remain in TrackWise.",,,,Low Impact,1,0,,,21953478,04d25798-3a42-ee11-bdf5-000d3a8fd327,31a81317-95c0-f011-bbd3-7c1e527cd923,3182c040-9289-f011-b4cc-7c1e527cd923
fc15c4ce-97c0-f011-bbd2-6045bdd7e0eb,15,"The Veeva eQMS project is a Takeda strategic initiative to implement a modern, cloud-based electronic quality 
management system (eQMS), replacing TrackWise. This system will standardize global quality processes, enhance 
operational efficiency, and strengthen risk management. It also supports broader initiatives like Product Lifecycle 
Management, One Day Batch Release, and GenAI for Deviations.","The following benefits are expected: 
• Improved system performance and reliability 
• Simplified integration with other Veeva Vaults (QualityDocs, RIM, CTMS) 
• Enhanced dashboards and reporting 
• Better collaboration with CMOs and CTLs 
• Improved search capabilities 
• Standardized and optimized workflows",,,Critical Impact,1,0,,,21945785,04d25798-3a42-ee11-bdf5-000d3a8fd327,31a81317-95c0-f011-bbd3-7c1e527cd923,124ef45c-9289-f011-b4cc-002248271486
c50a08d3-97c0-f011-bbd3-7c1e527cd923,1,"This project will require EBD integration and data validation milestones. This project is supported by internal and external partners to support the following technical milestones: Veeva design, configuration, validation; CGI interfaces and migration; Accenture training; Testing and Validation. Access to Veeva workflows will be handled centrally at a global level, and minimal techincal effort should be expected from the site team.",N/A,,,Low Impact,1,0,,,21945783,04d25798-3a42-ee11-bdf5-000d3a8fd327,31a81317-95c0-f011-bbd3-7c1e527cd923,cba1c26b-9289-f011-b4cc-7c1e527d2157
0016c4ce-97c0-f011-bbd2-6045bdd7e0eb,0,,,,,No Impact,1,0,,,21944951,04d25798-3a42-ee11-bdf5-000d3a8fd327,31a81317-95c0-f011-bbd3-7c1e527cd923,c91de0e9-9189-f011-b4cc-7c1e527d2157
ff15c4ce-97c0-f011-bbd2-6045bdd7e0eb,0,,,,,No Impact,1,0,,,21944950,04d25798-3a42-ee11-bdf5-000d3a8fd327,31a81317-95c0-f011-bbd3-7c1e527cd923,31d4e7e3-9189-f011-b4cc-7c1e527d2157
fa15c4ce-97c0-f011-bbd2-6045bdd7e0eb,0,,,,,No Impact,1,0,,,21944943,04d25798-3a42-ee11-bdf5-000d3a8fd327,31a81317-95c0-f011-bbd3-7c1e527cd923,09e36ed6-9189-f011-b4cc-002248271486
f915c4ce-97c0-f011-bbd2-6045bdd7e0eb,0,,,,,No Impact,1,0,,,21944941,04d25798-3a42-ee11-bdf5-000d3a8fd327,31a81317-95c0-f011-bbd3-7c1e527cd923,fc7f63d0-9189-f011-b4cc-002248271486
00c72884-74c0-f011-bbd3-002248271486,0,,,,,No Impact,1,0,,,21944102,04d25798-3a42-ee11-bdf5-000d3a8fd327,ee397165-74c0-f011-bbd2-6045bdd7e0eb,300edd89-9289-f011-b4cc-7c1e527d2157
ffc62884-74c0-f011-bbd3-002248271486,0,,,,,No Impact,1,0,,,21944100,04d25798-3a42-ee11-bdf5-000d3a8fd327,ee397165-74c0-f011-bbd2-6045bdd7e0eb,a633db83-9289-f011-b4cc-7c1e527d2157
89a10a84-74c0-f011-bbd2-6045bdd7e0eb,0,,,,,No Impact,1,0,,,21944099,04d25798-3a42-ee11-bdf5-000d3a8fd327,ee397165-74c0-f011-bbd2-6045bdd7e0eb,300edd89-9289-f011-b4cc-7c1e527d2157
86a10a84-74c0-f011-bbd2-6045bdd7e0eb,0,,,,,No Impact,1,0,,,21944098,04d25798-3a42-ee11-bdf5-000d3a8fd327,ee397165-74c0-f011-bbd2-6045bdd7e0eb,a633db83-9289-f011-b4cc-7c1e527d2157
44761c83-74c0-f011-bbd3-7c1e527cd923,0,,,,,No Impact,1,0,,,21944097,04d25798-3a42-ee11-bdf5-000d3a8fd327,ee397165-74c0-f011-bbd2-6045bdd7e0eb,cba1c26b-9289-f011-b4cc-7c1e527d2157
83a10a84-74c0-f011-bbd2-6045bdd7e0eb,0,,,,,No Impact,1,0,,,21944096,04d25798-3a42-ee11-bdf5-000d3a8fd327,ee397165-74c0-f011-bbd2-6045bdd7e0eb,c29afc0a-9289-f011-b4cc-7c1e527d2157
82a10a84-74c0-f011-bbd2-6045bdd7e0eb,0,,,,,No Impact,1,0,,,21944095,04d25798-3a42-ee11-bdf5-000d3a8fd327,ee397165-74c0-f011-bbd2-6045bdd7e0eb,23511df6-9189-f011-b4cc-7c1e527d2157
7ca10a84-74c0-f011-bbd2-6045bdd7e0eb,0,,,,,No Impact,1,0,,,21944094,04d25798-3a42-ee11-bdf5-000d3a8fd327,ee397165-74c0-f011-bbd2-6045bdd7e0eb,c91de0e9-9189-f011-b4cc-7c1e527d2157
3c761c83-74c0-f011-bbd3-7c1e527cd923,0,,,,,No Impact,1,0,,,21944093,04d25798-3a42-ee11-bdf5-000d3a8fd327,ee397165-74c0-f011-bbd2-6045bdd7e0eb,31d4e7e3-9189-f011-b4cc-7c1e527d2157
39761c83-74c0-f011-bbd3-7c1e527cd923,0,,,,,No Impact,1,0,,,21944092,04d25798-3a42-ee11-bdf5-000d3a8fd327,ee397165-74c0-f011-bbd2-6045bdd7e0eb,40a9de76-9289-f011-b4cc-7c1e527cd923
37761c83-74c0-f011-bbd3-7c1e527cd923,0,,,,,No Impact,1,0,,,21944091,04d25798-3a42-ee11-bdf5-000d3a8fd327,ee397165-74c0-f011-bbd2-6045bdd7e0eb,740adf46-9289-f011-b4cc-7c1e527cd923
32761c83-74c0-f011-bbd3-7c1e527cd923,0,,,,,No Impact,1,0,,,21944090,04d25798-3a42-ee11-bdf5-000d3a8fd327,ee397165-74c0-f011-bbd2-6045bdd7e0eb,3182c040-9289-f011-b4cc-7c1e527cd923
2e761c83-74c0-f011-bbd3-7c1e527cd923,0,,,,,No Impact,1,0,,,21944089,04d25798-3a42-ee11-bdf5-000d3a8fd327,ee397165-74c0-f011-bbd2-6045bdd7e0eb,124ef45c-9289-f011-b4cc-002248271486
66a10a84-74c0-f011-bbd2-6045bdd7e0eb,0,,,,,No Impact,1,0,,,21944088,04d25798-3a42-ee11-bdf5-000d3a8fd327,ee397165-74c0-f011-bbd2-6045bdd7e0eb,6e1c0e50-9289-f011-b4cc-002248271486
65a10a84-74c0-f011-bbd2-6045bdd7e0eb,0,,,,,No Impact,1,0,,,21944087,04d25798-3a42-ee11-bdf5-000d3a8fd327,ee397165-74c0-f011-bbd2-6045bdd7e0eb,09e36ed6-9189-f011-b4cc-002248271486
62a10a84-74c0-f011-bbd2-6045bdd7e0eb,0,,,,,No Impact,1,0,,,21944085,04d25798-3a42-ee11-bdf5-000d3a8fd327,ee397165-74c0-f011-bbd2-6045bdd7e0eb,fc7f63d0-9189-f011-b4cc-002248271486
647ce767-99a3-f011-bbd3-7c1e527cd923,15,"By utilizing the same cell counter used in PharmSci and MBO manufacturing site as well as using same assay method for other commercial cell bank manufacturing, the additional lab studies and risk of failure (deviations) are reduced or eliminated.  This will build trust and confidence with our customers, reduce lead time, and resource demand, and when integrated with MES will improve DI and digital maturity","2030 breakthough objectives for Patients and digital
Startegic imperatives for right first time and future ready
FY2025 Annual initiatives for Patient, people and Data & Digital

1) Act as the Launch center of Excellence by aligning with the new equipment/methods in Pharmsci for future CHO platforme.
2) Improve lead time to execute CB manufacturing
3) We increase Right First time, by reducing or eliminating risk of failure due to difference in cell counting assay methods.
4) Linking to MES",,,Critical Impact,1,0,,,21855900,04d25798-3a42-ee11-bdf5-000d3a8fd327,69d16c7d-98a3-f011-bbd3-6045bddb6d09,124ef45c-9289-f011-b4cc-002248271486
c4c911dd-d3b5-f011-bbd3-6045bddb6d09,15,The ability to produce more batches will reduce the cost of goods for products made at the site,,,,Critical Impact,1,0,,,21855703,04d25798-3a42-ee11-bdf5-000d3a8fd327,b8f9b183-60ab-f011-bbd3-7c1e527e91a1,740adf46-9289-f011-b4cc-7c1e527cd923
7e7a01da-d3b5-f011-bbd2-000d3a8aa742,10,This will be a complex project and will require outside engineering design work,,,,High Impact,1,0,,,21855648,04d25798-3a42-ee11-bdf5-000d3a8fd327,b8f9b183-60ab-f011-bbd3-7c1e527e91a1,cba1c26b-9289-f011-b4cc-7c1e527d2157
c82397db-d3b5-f011-bbd3-7c1e527d2157,0,This project does not have waste to landfill reduction benefits,,,,No Impact,1,0,,,21855646,04d25798-3a42-ee11-bdf5-000d3a8fd327,b8f9b183-60ab-f011-bbd3-7c1e527e91a1,31d4e7e3-9189-f011-b4cc-7c1e527d2157
f26869db-d3b5-f011-bbd3-7c1e527cd923,0,This project does not have water use reduction benefits,,,,No Impact,1,0,,,21855644,04d25798-3a42-ee11-bdf5-000d3a8fd327,b8f9b183-60ab-f011-bbd3-7c1e527e91a1,c91de0e9-9189-f011-b4cc-7c1e527d2157
7c7a01da-d3b5-f011-bbd2-000d3a8aa742,0,This project does not have carbon reduction benefits,,,,No Impact,1,0,,,21855642,04d25798-3a42-ee11-bdf5-000d3a8fd327,b8f9b183-60ab-f011-bbd3-7c1e527e91a1,09e36ed6-9189-f011-b4cc-002248271486
bf983cdb-d3b5-f011-bbd2-000d3a546a9e,10,This project is part of the Factory of the Future roadmap,,,,High Impact,1,0,,,21855640,04d25798-3a42-ee11-bdf5-000d3a8fd327,b8f9b183-60ab-f011-bbd3-7c1e527e91a1,124ef45c-9289-f011-b4cc-002248271486
ddc911dd-d3b5-f011-bbd3-6045bddb6d09,0,This project does not address a Quality Risk Register item,,,,No Impact,1,0,,,21855638,04d25798-3a42-ee11-bdf5-000d3a8fd327,b8f9b183-60ab-f011-bbd3-7c1e527e91a1,23511df6-9189-f011-b4cc-7c1e527d2157
cd4fcbd9-d3b5-f011-bbd3-002248276c98,15,This will be a major project and will take substantial FTE and contract hours,,,,Critical Impact,1,0,,,21855636,04d25798-3a42-ee11-bdf5-000d3a8fd327,b8f9b183-60ab-f011-bbd3-7c1e527e91a1,a633db83-9289-f011-b4cc-7c1e527d2157
d0983cdb-d3b5-f011-bbd2-000d3a546a9e,5,"The production bioreactors are currently a bottleneck for prouction.  Scheduling can be optimzed to maximize the number of batches, but this will be limited to a maximum of 65 batches per year.",,,,Moderate Impact,1,0,,,21855633,04d25798-3a42-ee11-bdf5-000d3a8fd327,b8f9b183-60ab-f011-bbd3-7c1e527e91a1,c29afc0a-9289-f011-b4cc-7c1e527d2157
c74fcbd9-d3b5-f011-bbd3-002248276c98,15,This project will enable production of up to 100 batches per year of ERT and mAb products.,,,,Critical Impact,1,0,,,21855627,04d25798-3a42-ee11-bdf5-000d3a8fd327,b8f9b183-60ab-f011-bbd3-7c1e527e91a1,6e1c0e50-9289-f011-b4cc-002248271486
b5983cdb-d3b5-f011-bbd2-000d3a546a9e,1,This project does not impact the EHS risk register,,,,Low Impact,1,0,,,21855625,04d25798-3a42-ee11-bdf5-000d3a8fd327,b8f9b183-60ab-f011-bbd3-7c1e527e91a1,fc7f63d0-9189-f011-b4cc-002248271486
da983cdb-d3b5-f011-bbd2-000d3a546a9e,15,Initial estimate (-30/+50%) is 93 OkuYen,,,,Critical Impact,1,0,,,21855621,04d25798-3a42-ee11-bdf5-000d3a8fd327,b8f9b183-60ab-f011-bbd3-7c1e527e91a1,300edd89-9289-f011-b4cc-7c1e527d2157
4f2bc363-99a3-f011-bbd3-002248271486,0,The same level of risk exists where the cell counter is used at MBO.,"Based on use by other groups within MS lab space, and 400SW, and 200SW (PharmSci)",,,No Impact,1,0,,,21838816,04d25798-3a42-ee11-bdf5-000d3a8fd327,69d16c7d-98a3-f011-bbd3-6045bddb6d09,fc7f63d0-9189-f011-b4cc-002248271486
6e7ce767-99a3-f011-bbd3-7c1e527cd923,1,FTE resources are needed to complete lab studies to close the gap between current cell counter(nucleocounter) at CB (the receiving site) and the cell counter used by the sending unit. We anticipate 3-5 cell banks to be transferred from Cell line development team per year.,"Additional work is estimated to cost ~$3,120 per CB (52h) with a total of $15,600 annually based on an average of 5 clinical cell banks per year.",,,Low Impact,1,0,,,21838786,04d25798-3a42-ee11-bdf5-000d3a8fd327,69d16c7d-98a3-f011-bbd3-6045bddb6d09,740adf46-9289-f011-b4cc-7c1e527cd923
7ee6bd69-99a3-f011-bbd3-002248271486,1,"The instrument will be qualified and method will be validated as part of the project. Manufacturing and Lab personnel will be trained on new instrument and all required SOPs will be revised. Estimated cost is $750,000 USD","The cost is based on similar project for implementing the NOVA FLEX II in 400SW. It includes~$120,000 for equipement and resources from procurement, engineering,  Cell bank MFG, and MS lab, to support the project for aapproximately 6 months. No bridging studies are needed, since the intended use of teh cell counter is for new cell banks introduced to CB MFG at MBO.",,,Low Impact,1,0,,,21838618,04d25798-3a42-ee11-bdf5-000d3a8fd327,69d16c7d-98a3-f011-bbd3-6045bddb6d09,300edd89-9289-f011-b4cc-7c1e527d2157
7d7ce767-99a3-f011-bbd3-7c1e527cd923,1,"NOVA Flex II is already in use in 400SW, MS lab and in PhamSci. Past experience in implementing a new cell counter in cell bank suite",The site and cross-functional teams have experience in implementing the NOVA Flex II and other cell counters in multiple areas of MBO,,,Low Impact,1,0,,,21838606,04d25798-3a42-ee11-bdf5-000d3a8fd327,69d16c7d-98a3-f011-bbd3-6045bddb6d09,cba1c26b-9289-f011-b4cc-7c1e527d2157
0149ab41-45a5-f011-bbd3-002248271486,5,"The average cost to procure, commission and release -80C freezers for GMP use is $86,000USD per unit.  Total cost for 3 freezers would be ~$258,000.  Not sure what that translates to in OkuYen.",,,,Moderate Impact,1,0,,,21838285,04d25798-3a42-ee11-bdf5-000d3a8fd327,97a936b1-44a5-f011-bbd3-7c1e527cd923,300edd89-9289-f011-b4cc-7c1e527d2157
f148ab41-45a5-f011-bbd3-002248271486,1,No impact to the production schedule as all work will occur in a small section of the 400SW JIT.,,,,Low Impact,1,0,,,21837999,04d25798-3a42-ee11-bdf5-000d3a8fd327,97a936b1-44a5-f011-bbd3-7c1e527cd923,40a9de76-9289-f011-b4cc-7c1e527cd923
fe48ab41-45a5-f011-bbd3-002248271486,5,The potential area in the 400 JIT for the 3 new freezers will require caging to be installed.  Each freezer will need to have both empty and full chamber mapping completed as well as other commissioning activities.,,,,Moderate Impact,1,0,,,21837997,04d25798-3a42-ee11-bdf5-000d3a8fd327,97a936b1-44a5-f011-bbd3-7c1e527cd923,a633db83-9289-f011-b4cc-7c1e527d2157
7cf7a842-45a5-f011-bbd3-7c1e527cd923,1,Purchase and commissioning of -80C freezers is performed on a frequent basis at MABioOps.,,,,Low Impact,1,0,,,21837995,04d25798-3a42-ee11-bdf5-000d3a8fd327,97a936b1-44a5-f011-bbd3-7c1e527cd923,cba1c26b-9289-f011-b4cc-7c1e527d2157
ce15f241-45a5-f011-bbd2-7c1e527d2157,1,"By storing and transferring multiple batches at a time, we are reducing our carbon footprint by not running our Takeda box trucks as often.",,,,Low Impact,1,0,,,21837993,04d25798-3a42-ee11-bdf5-000d3a8fd327,97a936b1-44a5-f011-bbd3-7c1e527cd923,09e36ed6-9189-f011-b4cc-002248271486
ec48ab41-45a5-f011-bbd3-002248271486,1,"The 3 additional storage freezers would provide the warehouse group additional capacity and allow DS transfers to North Reading to be scheduled appropriately during regular business hours.  In addition, the warehouse team would be able to potentially transfer multiple batches at once, rather than batch by batch.  This would cut down overtime hours, reduce carbon footprint by reducing number of transports in Takeda trucks, and elevate the employee experience.",,,,Low Impact,1,0,,,21837991,04d25798-3a42-ee11-bdf5-000d3a8fd327,97a936b1-44a5-f011-bbd3-7c1e527cd923,3182c040-9289-f011-b4cc-7c1e527cd923
6b76c568-99a3-f011-bbd3-6045bddb6d09,1,None,The current production schedule is flexible,,,Low Impact,1,0,,,21832974,04d25798-3a42-ee11-bdf5-000d3a8fd327,69d16c7d-98a3-f011-bbd3-6045bddb6d09,40a9de76-9289-f011-b4cc-7c1e527cd923
a0142d69-99a3-f011-bbd2-7c1e527d2157,0,None,,,,No Impact,1,0,,,21832968,04d25798-3a42-ee11-bdf5-000d3a8fd327,69d16c7d-98a3-f011-bbd3-6045bddb6d09,c91de0e9-9189-f011-b4cc-7c1e527d2157
737ce767-99a3-f011-bbd3-7c1e527cd923,0,None,None,,,No Impact,1,0,,,21832966,04d25798-3a42-ee11-bdf5-000d3a8fd327,69d16c7d-98a3-f011-bbd3-6045bddb6d09,31d4e7e3-9189-f011-b4cc-7c1e527d2157
5076c568-99a3-f011-bbd3-6045bddb6d09,0,None,,,,No Impact,1,0,,,21832707,04d25798-3a42-ee11-bdf5-000d3a8fd327,69d16c7d-98a3-f011-bbd3-6045bddb6d09,09e36ed6-9189-f011-b4cc-002248271486
79e6bd69-99a3-f011-bbd3-002248271486,15,The NOVA FLex II counter will be integrated with MES eliminating risk to data integrity and advancing digital road map,,,,Critical Impact,1,0,,,21832697,04d25798-3a42-ee11-bdf5-000d3a8fd327,69d16c7d-98a3-f011-bbd3-6045bddb6d09,23511df6-9189-f011-b4cc-7c1e527d2157
b8142d69-99a3-f011-bbd2-7c1e527d2157,5,Based on estimates of implementing the nucleocounter in CB CoE,"Resource hours needed for:
1) Purchase andreceipt of new equipment -2 resources
2) Equipment installation qualification- 3 resources
3) Equipment validation- 3 resources
4) MES integration- 3 resources
5) Document revisions and updates-3 resources",,,Moderate Impact,1,0,,,21832695,04d25798-3a42-ee11-bdf5-000d3a8fd327,69d16c7d-98a3-f011-bbd3-6045bddb6d09,a633db83-9289-f011-b4cc-7c1e527d2157
b0142d69-99a3-f011-bbd2-7c1e527d2157,0,"Multiple risk mitigation steps were undertaken based on CAPAs that resulted. Howver, if the changes occur in the clinical cell bank supply, the risks need to be revaluated and might result in additional work.from the deviations",If we do not implement a new cell counter it might result in losing the CB CoE as 1st choice to produce clinical cell banks for Cell line development group.,,,No Impact,1,0,,,21832670,04d25798-3a42-ee11-bdf5-000d3a8fd327,69d16c7d-98a3-f011-bbd3-6045bddb6d09,c29afc0a-9289-f011-b4cc-7c1e527d2157
627ce767-99a3-f011-bbd3-7c1e527cd923,1,Enables TT of clinical and commercial cell bank manufacturing to MBO,Based on customer feedback,,,Low Impact,1,0,,,21832665,04d25798-3a42-ee11-bdf5-000d3a8fd327,69d16c7d-98a3-f011-bbd3-6045bddb6d09,6e1c0e50-9289-f011-b4cc-002248271486
4de6bd69-99a3-f011-bbd3-002248271486,5,"The road map for Cell Bank Center of Excelence includes E2E supply cinternalization of all biologics celani management of the biologics commercial and clinical pipeline. Implementing the NOVA Flex II cell counter, uses the same counting assya method as used in clinicl cell line development labs and DS commecrial sites. This enables the streamlining of TT of cell banks from cell line development team and or from other external CB manufacturing sites to CB manufacturing, and reduces workload and risk inherintin using the the nucleocounter , currently used in CB manufacturing suite.","Due to two deviations, with the difference in cell counting methods as a contributing root cause, customers of CB CoE in cine development team as well Global Manufacturing Science have indicated that a differnt counter with a more comparable assay to what is used in P/S and trypan-blue exclusion is necessary.",,,Moderate Impact,1,0,,,21832659,04d25798-3a42-ee11-bdf5-000d3a8fd327,69d16c7d-98a3-f011-bbd3-6045bddb6d09,3182c040-9289-f011-b4cc-7c1e527cd923
d1c15100-3ba5-f011-bbd2-7c1e527d2157,5,Supports MPS delivery,Non-measurable - supporting facilities upgrade,,,Moderate Impact,1,0,,,21801847,04d25798-3a42-ee11-bdf5-000d3a8fd327,e41d4bfa-3aa5-f011-bbd2-7c1e527d2157,124ef45c-9289-f011-b4cc-002248271486
eac15100-3ba5-f011-bbd2-7c1e527d2157,5,HVAC system is currently operational and risk is mitigated but in the event of a HVAC loss the risk profile increases,,,,Moderate Impact,1,0,,,21801844,04d25798-3a42-ee11-bdf5-000d3a8fd327,e41d4bfa-3aa5-f011-bbd2-7c1e527d2157,c29afc0a-9289-f011-b4cc-7c1e527d2157
1ba55f03-3ba5-f011-bbd3-002248271486,10,Failure of IDF temp control has potential to shutdown MFG operation at ABP and LEX.,,,,High Impact,1,0,,,21801842,04d25798-3a42-ee11-bdf5-000d3a8fd327,e41d4bfa-3aa5-f011-bbd2-7c1e527d2157,3182c040-9289-f011-b4cc-7c1e527cd923
7d7a01da-d3b5-f011-bbd2-000d3a8aa742,15,Implementation of this project will require a building shutdown for 400 SW,,,,Critical Impact,1,0,,,21801659,04d25798-3a42-ee11-bdf5-000d3a8fd327,b8f9b183-60ab-f011-bbd3-7c1e527e91a1,40a9de76-9289-f011-b4cc-7c1e527cd923
c94fcbd9-d3b5-f011-bbd3-002248276c98,5,Project is identified in the FoF roadmap and will enable future production capacities.,,,,Moderate Impact,1,0,,,21801654,04d25798-3a42-ee11-bdf5-000d3a8fd327,b8f9b183-60ab-f011-bbd3-7c1e527e91a1,3182c040-9289-f011-b4cc-7c1e527cd923
993b1daf-a8b5-f011-bbd3-7c1e527cd923,0,SAP is ending support for ECC in 2027 and extended maintenance is available only until the end of 2030.  Our current technology hinders AI adoption and digitalization.  We expect rising risks in business operations and regulations with ECC being end of life by 2030.  We lack a single source of truth for our data.,,,,No Impact,1,0,,,21696700,04d25798-3a42-ee11-bdf5-000d3a8fd327,3baa1b36-3cb3-f011-bbd3-002248271486,c29afc0a-9289-f011-b4cc-7c1e527d2157
843b1daf-a8b5-f011-bbd3-7c1e527cd923,1,"The project will upgrade some parts of the system ('technical migration') while re-implementing others to maximize the benefits for the business.  This approach represents a fundamental upgrade to our core technology, enhancing primary processes and offering a unique opportunity to simplify operations, clean up data sources, and reduce complexity. While the core ERP system will be modernized, already modernized adjacent technologies will remain seamlessly integrated.  The impact of the transformation will be profound, affecting virtually every aspect of our operations—from finance and procurement to supply chain and tax/treasury.",,,,Low Impact,1,0,,,21696698,04d25798-3a42-ee11-bdf5-000d3a8fd327,3baa1b36-3cb3-f011-bbd3-002248271486,6e1c0e50-9289-f011-b4cc-002248271486
b2040faf-a8b5-f011-bbd3-6045bddb6d09,15,"Improved data quality enabling enhanced analytics & AI capabilities
Simplification of our technology landscape
Process standardization enabling digitization
Reverting customized processes to SAP standard
Process improvements creating benefits of 70-100 OY p.a. across the enterprise.
This program will also allow to transform Plasma OpU & Biolife supply chain, onboarding the additional scope on the SAP platform",,,,Critical Impact,1,0,,,21696696,04d25798-3a42-ee11-bdf5-000d3a8fd327,3baa1b36-3cb3-f011-bbd3-002248271486,740adf46-9289-f011-b4cc-7c1e527cd923
89040faf-a8b5-f011-bbd3-6045bddb6d09,0,It is unknown if this project will address items on the EHS Risk Register.,,,,No Impact,1,0,,,21696694,04d25798-3a42-ee11-bdf5-000d3a8fd327,3baa1b36-3cb3-f011-bbd3-002248271486,fc7f63d0-9189-f011-b4cc-002248271486
515a86af-a8b5-f011-bbd3-002248271486,15,"Up to 440 FTE of business & tech resources will be required to implement the transformation, totaling to a gross cost of 460-520 OY. Assuming that required GDD&T resources, and a share of the required business resources are absorbed by the current organization the total incremental cost of the migration to Takeda will be 350-400 OY over the program duration of 4 years",,,,Critical Impact,1,0,,,21696692,04d25798-3a42-ee11-bdf5-000d3a8fd327,3baa1b36-3cb3-f011-bbd3-002248271486,300edd89-9289-f011-b4cc-7c1e527d2157
cf4c26b0-a8b5-f011-bbd2-000d3a8aa742,10,"The transformation of our enterprise resource planning (ERP) system from SAP ECC to S/4HANA is a strategic imperative for Takeda.  As our organization continues to grow, the limitations of our current platform become more evident. It no longer provides the flexibility, scalability, or integration needed to support our ambitions.  Takami is the next chapter. It represents a fully integrated, future-ready platform designed to support the next phase of our journey. We are not simply renovating, we are future-proofing our digital foundation.
  The project will upgrade some parts of the system ('technical migration') while re-implementing others to maximize the benefits for the business.  This approach represents a fundamental upgrade to our core technology, enhancing primary processes and offering a unique opportunity to simplify operations, clean up data sources, and reduce complexity. While the core ERP system will be modernized, already modernized adjacent technologies will remain seamlessly integrated.  The impact of the transformation will be profound, affecting virtually every aspect of our operations",,,,High Impact,1,0,,,21696690,04d25798-3a42-ee11-bdf5-000d3a8fd327,3baa1b36-3cb3-f011-bbd3-002248271486,cba1c26b-9289-f011-b4cc-7c1e527d2157
e3bc57b2-a8b5-f011-bbd3-7c1e527d2157,0,N/A,,,,No Impact,1,0,,,21696686,04d25798-3a42-ee11-bdf5-000d3a8fd327,3baa1b36-3cb3-f011-bbd3-002248271486,c91de0e9-9189-f011-b4cc-7c1e527d2157
cd4c26b0-a8b5-f011-bbd2-000d3a8aa742,0,Unknown,,,,No Impact,1,0,,,21696684,04d25798-3a42-ee11-bdf5-000d3a8fd327,3baa1b36-3cb3-f011-bbd3-002248271486,31d4e7e3-9189-f011-b4cc-7c1e527d2157
cc4c26b0-a8b5-f011-bbd2-000d3a8aa742,0,Unknown,,,,No Impact,1,0,,,21696682,04d25798-3a42-ee11-bdf5-000d3a8fd327,3baa1b36-3cb3-f011-bbd3-002248271486,09e36ed6-9189-f011-b4cc-002248271486
4d5a86af-a8b5-f011-bbd3-002248271486,15,The project is expected to simplify Takeda's technology landscape by reducing the number of applications from 15 to 4.  We will use this technology transformation as a catalyst to reach business process excellence with at scale automation.  Leverage advanced analytics and GenAI through out-of-the box capabilities and one single source of truth.  Enhance user experience and accelerate innovation by boosting the use of SAP standard features from 50% to 75%.  Unlock efficiencies and agility through process improvements.,,,,Critical Impact,1,0,,,21696680,04d25798-3a42-ee11-bdf5-000d3a8fd327,3baa1b36-3cb3-f011-bbd3-002248271486,124ef45c-9289-f011-b4cc-002248271486
963b1daf-a8b5-f011-bbd3-7c1e527cd923,15,"The project will upgrade some parts of the system ('technical migration') while re-implementing others to maximize the benefits for the business.  This approach represents a fundamental upgrade to our core technology, enhancing primary processes and offering a unique opportunity to simplify operations, clean up data sources, and reduce complexity. While the core ERP system will be modernized, already modernized adjacent technologies will remain seamlessly integrated.  The impact of the transformation will be profound, affecting virtually every aspect of our operations",,,,Critical Impact,1,0,,,21696677,04d25798-3a42-ee11-bdf5-000d3a8fd327,3baa1b36-3cb3-f011-bbd3-002248271486,23511df6-9189-f011-b4cc-7c1e527d2157
d04c26b0-a8b5-f011-bbd2-000d3a8aa742,15,"Up to 440 FTE of business & tech resources will be required to implement the transformation, totaling to a gross cost of 460-520 OY. Assuming that required GDD&T resources, and a share of the required business resources are absorbed by the current organization the total incremental cost of the migration to Takeda will be 350-400 OY over the program duration of 4 years",,,,Critical Impact,1,0,,,21696673,04d25798-3a42-ee11-bdf5-000d3a8fd327,3baa1b36-3cb3-f011-bbd3-002248271486,a633db83-9289-f011-b4cc-7c1e527d2157
903b1daf-a8b5-f011-bbd3-7c1e527cd923,10,"The project will upgrade some parts of the system ('technical migration') while re-implementing others to maximize the benefits for the business.  This approach represents a fundamental upgrade to our core technology, enhancing primary processes and offering a unique opportunity to simplify operations, clean up data sources, and reduce complexity. While the core ERP system will be modernized, already modernized adjacent technologies will remain seamlessly integrated.  The impact of the transformation will be profound, affecting virtually every aspect of our operations.",,,,High Impact,1,0,,,21696670,04d25798-3a42-ee11-bdf5-000d3a8fd327,3baa1b36-3cb3-f011-bbd3-002248271486,40a9de76-9289-f011-b4cc-7c1e527cd923
4f5a86af-a8b5-f011-bbd3-002248271486,5,SAP is ending support for ECC in 2027 and extended maintenance is available only until the end of 2030.  Our current technology hinders AI adoption and digitalization.  We expect rising risks in business operations and regulations with ECC being end of life by 2030.  We lack a single source of truth for our data.,,,,Moderate Impact,1,0,,,21696657,04d25798-3a42-ee11-bdf5-000d3a8fd327,3baa1b36-3cb3-f011-bbd3-002248271486,3182c040-9289-f011-b4cc-7c1e527cd923
7acda82c-199b-f011-b4cc-002248271486,10,DMAIC GB problem solving methodology will be utilzed.,,,,High Impact,1,0,,,21661949,04d25798-3a42-ee11-bdf5-000d3a8fd327,9188a5e8-189b-f011-b4cc-002248271486,cba1c26b-9289-f011-b4cc-7c1e527d2157
080b902a-199b-f011-b4cc-7c1e527cd923,0,No impact,,,,No Impact,1,0,,,21661947,04d25798-3a42-ee11-bdf5-000d3a8fd327,9188a5e8-189b-f011-b4cc-002248271486,09e36ed6-9189-f011-b4cc-002248271486
12a8912b-199b-f011-b41b-6045bdd81124,0,No impact,,,,No Impact,1,0,,,21661945,04d25798-3a42-ee11-bdf5-000d3a8fd327,9188a5e8-189b-f011-b4cc-002248271486,c91de0e9-9189-f011-b4cc-7c1e527d2157
b0a50f2a-199b-f011-b4cc-002248276c98,0,"None calculated for this project, but may have low impact if we are discarding less RMs",,,,No Impact,1,0,,,21661943,04d25798-3a42-ee11-bdf5-000d3a8fd327,9188a5e8-189b-f011-b4cc-002248271486,31d4e7e3-9189-f011-b4cc-7c1e527d2157
b1a50f2a-199b-f011-b4cc-002248276c98,0,No impact to quality,,,,No Impact,1,0,,,21661941,04d25798-3a42-ee11-bdf5-000d3a8fd327,9188a5e8-189b-f011-b4cc-002248271486,23511df6-9189-f011-b4cc-7c1e527d2157
0b0b902a-199b-f011-b4cc-7c1e527cd923,0,No impact,,,,No Impact,1,0,,,21661939,04d25798-3a42-ee11-bdf5-000d3a8fd327,9188a5e8-189b-f011-b4cc-002248271486,6e1c0e50-9289-f011-b4cc-002248271486
150b902a-199b-f011-b4cc-7c1e527cd923,0,No impact to production is expected,,,,No Impact,1,0,,,21661937,04d25798-3a42-ee11-bdf5-000d3a8fd327,9188a5e8-189b-f011-b4cc-002248271486,c29afc0a-9289-f011-b4cc-7c1e527d2157
170b902a-199b-f011-b4cc-7c1e527cd923,1,Project is not expected to incur any costs,CAPEX or OPEX,,,Low Impact,1,0,,,21661935,04d25798-3a42-ee11-bdf5-000d3a8fd327,9188a5e8-189b-f011-b4cc-002248271486,300edd89-9289-f011-b4cc-7c1e527d2157
afa50f2a-199b-f011-b4cc-002248276c98,10,"0.96 OY in annual savings (>$600,000)","0.08 OY / month reduction in discards. 
12 months x 0.08 OY = 0.96 OY
0.96 OY ~ $630,000",,,High Impact,1,0,,,21661933,04d25798-3a42-ee11-bdf5-000d3a8fd327,9188a5e8-189b-f011-b4cc-002248271486,740adf46-9289-f011-b4cc-7c1e527cd923
73ac6b15-dab4-f011-bbd2-000d3a546a9e,1,Initial construction quote of $160K,received quote for construction costs,,,Low Impact,1,0,,,21661849,04d25798-3a42-ee11-bdf5-000d3a8fd327,ae9f8fe9-d3b4-f011-bbd3-002248271486,300edd89-9289-f011-b4cc-7c1e527d2157
4f562416-dab4-f011-bbd3-7c1e527d2157,1,space available that will allow normal operations to transpire while project is executed,na,,,Low Impact,1,0,,,21657213,04d25798-3a42-ee11-bdf5-000d3a8fd327,ae9f8fe9-d3b4-f011-bbd3-002248271486,cba1c26b-9289-f011-b4cc-7c1e527d2157
c6843315-dab4-f011-bbd2-000d3a8aa742,0,na,na,,,No Impact,1,0,,,21657211,04d25798-3a42-ee11-bdf5-000d3a8fd327,ae9f8fe9-d3b4-f011-bbd3-002248271486,31d4e7e3-9189-f011-b4cc-7c1e527d2157
c1843315-dab4-f011-bbd2-000d3a8aa742,0,na,na,,,No Impact,1,0,,,21657209,04d25798-3a42-ee11-bdf5-000d3a8fd327,ae9f8fe9-d3b4-f011-bbd3-002248271486,09e36ed6-9189-f011-b4cc-002248271486
61ac6b15-dab4-f011-bbd2-000d3a546a9e,0,na,na,,,No Impact,1,0,,,21657207,04d25798-3a42-ee11-bdf5-000d3a8fd327,ae9f8fe9-d3b4-f011-bbd3-002248271486,c91de0e9-9189-f011-b4cc-7c1e527d2157
b0455d11-dab4-f011-bbd3-002248276c98,1,audit observation,"reduction in EUME investigations, non routine cleanings",,,Low Impact,1,0,,,21657205,04d25798-3a42-ee11-bdf5-000d3a8fd327,ae9f8fe9-d3b4-f011-bbd3-002248271486,124ef45c-9289-f011-b4cc-002248271486
71b56f17-dab4-f011-bbd3-002248276c98,1,cited during internal audit,global requirement also not aligned with other Ma bio sites,,,Low Impact,1,0,,,21657202,04d25798-3a42-ee11-bdf5-000d3a8fd327,ae9f8fe9-d3b4-f011-bbd3-002248271486,23511df6-9189-f011-b4cc-7c1e527d2157
72ac6b15-dab4-f011-bbd2-000d3a546a9e,5,1 project manager,na,,,Moderate Impact,1,0,,,21657200,04d25798-3a42-ee11-bdf5-000d3a8fd327,ae9f8fe9-d3b4-f011-bbd3-002248271486,a633db83-9289-f011-b4cc-7c1e527d2157
47562416-dab4-f011-bbd3-7c1e527d2157,1,"corridor utilized for space, small impact to tie new space into exisiting","potential two days lost access to lab space to tie in, can be scheduled for weekend which will result in no impact",,,Low Impact,1,0,,,21657195,04d25798-3a42-ee11-bdf5-000d3a8fd327,ae9f8fe9-d3b4-f011-bbd3-002248271486,40a9de76-9289-f011-b4cc-7c1e527cd923
571f3316-dab4-f011-bbd3-7c1e527cd923,10,project expected to reduce # of EUME,value of investigation and non routine cleanings,,,High Impact,1,0,,,21657193,04d25798-3a42-ee11-bdf5-000d3a8fd327,ae9f8fe9-d3b4-f011-bbd3-002248271486,c29afc0a-9289-f011-b4cc-7c1e527d2157
44ac6b15-dab4-f011-bbd2-000d3a546a9e,0,global requirement and internal audit commitment,na,,,No Impact,1,0,,,21657188,04d25798-3a42-ee11-bdf5-000d3a8fd327,ae9f8fe9-d3b4-f011-bbd3-002248271486,6e1c0e50-9289-f011-b4cc-002248271486
d6cec812-dab4-f011-bbd3-002248271486,0,needed to meet required commitment,required to remain compliant,,,No Impact,1,0,,,21657185,04d25798-3a42-ee11-bdf5-000d3a8fd327,ae9f8fe9-d3b4-f011-bbd3-002248271486,740adf46-9289-f011-b4cc-7c1e527cd923
c6cec812-dab4-f011-bbd3-002248271486,0,na,na,,,No Impact,1,0,,,21657179,04d25798-3a42-ee11-bdf5-000d3a8fd327,ae9f8fe9-d3b4-f011-bbd3-002248271486,fc7f63d0-9189-f011-b4cc-002248271486
79127729-6cb6-f011-bbd3-002248276c98,0,N/A,N/A,,,No Impact,1,0,,,21604020,04d25798-3a42-ee11-bdf5-000d3a8fd327,83ec3d25-6cb6-f011-bbd2-000d3a546a9e,09e36ed6-9189-f011-b4cc-002248271486
31e7532c-6cb6-f011-bbd3-002248271486,0,N/A,N/A,,,No Impact,1,0,,,21604018,04d25798-3a42-ee11-bdf5-000d3a8fd327,83ec3d25-6cb6-f011-bbd2-000d3a546a9e,31d4e7e3-9189-f011-b4cc-7c1e527d2157
5a61362b-6cb6-f011-bbd2-000d3a546a9e,0,N/A,N/A,,,No Impact,1,0,,,21604016,04d25798-3a42-ee11-bdf5-000d3a8fd327,83ec3d25-6cb6-f011-bbd2-000d3a546a9e,c91de0e9-9189-f011-b4cc-7c1e527d2157
5c61362b-6cb6-f011-bbd2-000d3a546a9e,1,We have onsite experience  with designing disposables and good vendor relationships to produce prototypes.,Site experience designing disposables.,,,Low Impact,1,0,,,21603748,04d25798-3a42-ee11-bdf5-000d3a8fd327,83ec3d25-6cb6-f011-bbd2-000d3a546a9e,cba1c26b-9289-f011-b4cc-7c1e527d2157
02847b29-6cb6-f011-bbd3-6045bddb6d09,15,Contamination increases the COGS and a decrease in RFT.,Reduction in material defects mitigates contamination risks.,,,Critical Impact,1,0,,,21603695,04d25798-3a42-ee11-bdf5-000d3a8fd327,83ec3d25-6cb6-f011-bbd2-000d3a546a9e,124ef45c-9289-f011-b4cc-002248271486
a3127729-6cb6-f011-bbd3-002248276c98,10,Address a deficiency that has been recognized as contributing to several contaminations and posing a potential compliance risk.,12 contaminations in 3 years (2023-2025) creates a vulnerability to regulatory scrutiny.,,,High Impact,1,0,,,21603654,04d25798-3a42-ee11-bdf5-000d3a8fd327,83ec3d25-6cb6-f011-bbd2-000d3a546a9e,23511df6-9189-f011-b4cc-7c1e527d2157
b4127729-6cb6-f011-bbd3-002248276c98,5,We need this time due to level of activities outlined in the TIP,8 FTE x 20 hr/wk X 10 wks = 1600,,,Moderate Impact,1,0,,,21603611,04d25798-3a42-ee11-bdf5-000d3a8fd327,83ec3d25-6cb6-f011-bbd2-000d3a546a9e,a633db83-9289-f011-b4cc-7c1e527d2157
5961362b-6cb6-f011-bbd2-000d3a546a9e,1,N/A,N/A,,,Low Impact,1,0,,,21603542,04d25798-3a42-ee11-bdf5-000d3a8fd327,83ec3d25-6cb6-f011-bbd2-000d3a546a9e,40a9de76-9289-f011-b4cc-7c1e527cd923
a8127729-6cb6-f011-bbd3-002248276c98,5,Operators are trained to do a visual inspection of materail pre-use but vendor issues are not always identifiable in the VI process.,N/A,,,Moderate Impact,1,0,,,21603521,04d25798-3a42-ee11-bdf5-000d3a8fd327,83ec3d25-6cb6-f011-bbd2-000d3a546a9e,c29afc0a-9289-f011-b4cc-7c1e527d2157
f674462c-6cb6-f011-bbd3-7c1e527cd923,15,Loss of 5 batches in FY 25 equates to greater than 10% loss in yield,The calculation for yield includes the amount of DS produced. The financial calculation for yield includes the discards from contamination (per calculation from finance).,,,Critical Impact,1,0,,,21603064,04d25798-3a42-ee11-bdf5-000d3a8fd327,83ec3d25-6cb6-f011-bbd2-000d3a546a9e,6e1c0e50-9289-f011-b4cc-002248271486
8a127729-6cb6-f011-bbd3-002248276c98,15,400 Shire Way site has had 12 contaminations (2023-2025)  with the material defects as a potential contributor in 3 of these events.,Cost per batch is approximately $3M (USD) of which $9M maybe be attributed to material defects,,,Critical Impact,1,0,,,21603062,04d25798-3a42-ee11-bdf5-000d3a8fd327,83ec3d25-6cb6-f011-bbd2-000d3a546a9e,740adf46-9289-f011-b4cc-7c1e527cd923
76127729-6cb6-f011-bbd3-002248276c98,0,N/A,,,,No Impact,1,0,,,21603060,04d25798-3a42-ee11-bdf5-000d3a8fd327,83ec3d25-6cb6-f011-bbd2-000d3a546a9e,fc7f63d0-9189-f011-b4cc-002248271486
7ece432f-6cb6-f011-bbd2-000d3a1cc640,1,Based on scope of this workstream the aniticipated cost is low as items are procedural in nature.,No anticpated equipment purchase and minimal op. ex spend.,,,Low Impact,1,0,,,21603058,04d25798-3a42-ee11-bdf5-000d3a8fd327,83ec3d25-6cb6-f011-bbd2-000d3a546a9e,300edd89-9289-f011-b4cc-7c1e527d2157
fe74462c-6cb6-f011-bbd3-7c1e527cd923,10,"Failure can lead to BRX contaminations which leads to schedule delays, potential product supply impacts, and financial lost in discards.","The site has experienced several contamination incidents, with a total of 12 occurring since 2023",,,High Impact,1,0,,,21603052,04d25798-3a42-ee11-bdf5-000d3a8fd327,83ec3d25-6cb6-f011-bbd2-000d3a546a9e,3182c040-9289-f011-b4cc-7c1e527cd923
cc6f5e66-65b6-f011-bbd3-002248271486,1,"current procedures in place, onsite experience with efficacy studies, and cleaning protocol implementation",Leveraging site experience in cleaning operations,,,Low Impact,1,0,,,21580611,04d25798-3a42-ee11-bdf5-000d3a8fd327,3244be55-65b6-f011-bbd3-7c1e527d2157,cba1c26b-9289-f011-b4cc-7c1e527d2157
31718068-65b6-f011-bbd3-7c1e527d2157,0,na,na,,,No Impact,1,0,,,21580609,04d25798-3a42-ee11-bdf5-000d3a8fd327,3244be55-65b6-f011-bbd3-7c1e527d2157,c91de0e9-9189-f011-b4cc-7c1e527d2157
ea379768-65b6-f011-bbd3-6045bddb6d09,0,na,na,,,No Impact,1,0,,,21580607,04d25798-3a42-ee11-bdf5-000d3a8fd327,3244be55-65b6-f011-bbd3-7c1e527d2157,09e36ed6-9189-f011-b4cc-002248271486
d5af5e6b-65b6-f011-bbd3-002248276c98,0,na,n,,,No Impact,1,0,,,21580605,04d25798-3a42-ee11-bdf5-000d3a8fd327,3244be55-65b6-f011-bbd3-7c1e527d2157,31d4e7e3-9189-f011-b4cc-7c1e527d2157
ca6f5e66-65b6-f011-bbd3-002248271486,15,"Contamination increases the COGS, and decreases RFT.",achieving MPS is needed to meet strategic and site objectives,,,Critical Impact,1,0,,,21580603,04d25798-3a42-ee11-bdf5-000d3a8fd327,3244be55-65b6-f011-bbd3-7c1e527d2157,124ef45c-9289-f011-b4cc-002248271486
cb6f5e66-65b6-f011-bbd3-002248271486,5,Mitigate a deficiency that has been identified as acontributing factor to multiple contaminations and is a potential compliance risk due to multiple contaminations.,12 contaminations in 3 years (2023-2025) creates a vulnerability to regulatory scrutiny.,,,Moderate Impact,1,0,,,21580601,04d25798-3a42-ee11-bdf5-000d3a8fd327,3244be55-65b6-f011-bbd3-7c1e527d2157,23511df6-9189-f011-b4cc-7c1e527d2157
e5443469-65b6-f011-bbd2-000d3a1cc640,10,time required to complete risk assessment impement changes to associated documents,15 FTE x 20hrs PP x 8wks,,,High Impact,1,0,,,21580599,04d25798-3a42-ee11-bdf5-000d3a8fd327,3244be55-65b6-f011-bbd3-7c1e527d2157,a633db83-9289-f011-b4cc-7c1e527d2157
2d718068-65b6-f011-bbd3-7c1e527d2157,1,na,na,,,Low Impact,1,0,,,21580596,04d25798-3a42-ee11-bdf5-000d3a8fd327,3244be55-65b6-f011-bbd3-7c1e527d2157,40a9de76-9289-f011-b4cc-7c1e527cd923
e4443469-65b6-f011-bbd2-000d3a1cc640,1,"Cleaning practices in place, risk assessment to be utilized to determine areas for improvement",CR rate higher than expected,,,Low Impact,1,0,,,21580594,04d25798-3a42-ee11-bdf5-000d3a8fd327,3244be55-65b6-f011-bbd3-7c1e527d2157,c29afc0a-9289-f011-b4cc-7c1e527d2157
9d7f7b65-65b6-f011-bbd3-7c1e527cd923,10,Loss of 5 batches in 2025 equates to reater than 10% yield,The calculation for yield includes the amount of DS produced. The financial calculation for yield includes the discards from contamination (per calculation from finance).,,,High Impact,1,0,,,21580591,04d25798-3a42-ee11-bdf5-000d3a8fd327,3244be55-65b6-f011-bbd3-7c1e527d2157,6e1c0e50-9289-f011-b4cc-002248271486
29718068-65b6-f011-bbd3-7c1e527d2157,15,400 Shire Way site has had 12 contaminations (2023-2025)  with the cleaning as a potential contributor,Cost per batch is approximately $3M (USD) of which $9M could be attributed to cleaning/sanitization methodology,,,Critical Impact,1,0,,,21580588,04d25798-3a42-ee11-bdf5-000d3a8fd327,3244be55-65b6-f011-bbd3-7c1e527d2157,740adf46-9289-f011-b4cc-7c1e527cd923
df443469-65b6-f011-bbd2-000d3a1cc640,0,NA,NA,,,No Impact,1,0,,,21580586,04d25798-3a42-ee11-bdf5-000d3a8fd327,3244be55-65b6-f011-bbd3-7c1e527d2157,fc7f63d0-9189-f011-b4cc-002248271486
acf9346b-65b6-f011-bbd2-000d3a546a9e,15,Contaminations are negatively impacting the ability to meet MPS,currently 5 batch ontaminations estimated value TBD,,,Critical Impact,1,0,,,21580583,04d25798-3a42-ee11-bdf5-000d3a8fd327,3244be55-65b6-f011-bbd3-7c1e527d2157,3182c040-9289-f011-b4cc-7c1e527cd923
62dc736b-65b6-f011-bbd3-7c1e527cd923,1,"Additional supplies (70%IPA), wipes and other materials",expected up-tick in materials utilized to improve cleaning,,,Low Impact,1,0,,,21580581,04d25798-3a42-ee11-bdf5-000d3a8fd327,3244be55-65b6-f011-bbd3-7c1e527d2157,300edd89-9289-f011-b4cc-7c1e527d2157
381f3316-dab4-f011-bbd3-7c1e527cd923,0,,,,,No Impact,1,0,,,21252962,04d25798-3a42-ee11-bdf5-000d3a8fd327,ae9f8fe9-d3b4-f011-bbd3-002248271486,3182c040-9289-f011-b4cc-7c1e527cd923
27af9847-4daf-f011-bbd3-002248271486,10,This project is associated with the tactical implementation plan for contamination free site.  SALT-VALUE,Reducing contamination events by 1 per fiscal year will have a savings of ~12.62 OkuYen which is the cost associtaed with one Rep AF batch.,,,High Impact,1,0,,,21252796,04d25798-3a42-ee11-bdf5-000d3a8fd327,7425d0e0-b9ae-f011-bbd3-7c1e527d2157,124ef45c-9289-f011-b4cc-002248271486
9fa7c346-4daf-f011-bbd2-000d3a1a1cb2,0,This project is not related to a Quality Risk Register Item,,,,No Impact,1,0,,,20961187,04d25798-3a42-ee11-bdf5-000d3a8fd327,7425d0e0-b9ae-f011-bbd3-7c1e527d2157,23511df6-9189-f011-b4cc-7c1e527d2157
a5a7c346-4daf-f011-bbd2-000d3a1a1cb2,5,"The following people time will be required:

SLT sponsor (5%) - Support escalations 
Project Lead (100%) - Leading project activities until program stand up
PM (50%) - Build out plan/timelines, Cross collaboration with key stakeholders, Create milestone check-ins 
QSI/BE (25%) Communication support, Change Management
MFG (10-25%) - Training
L&D  (100%)  - Training content creation
DD&T (10%)  - Tool Creation
SMEs (10-15 %) (QoTF, Micro, CC&MA, MFG, Eng/Fac) 
HR (5%) - Change Job Descriptions",,,,Moderate Impact,1,0,,,20961185,04d25798-3a42-ee11-bdf5-000d3a8fd327,7425d0e0-b9ae-f011-bbd3-7c1e527d2157,a633db83-9289-f011-b4cc-7c1e527d2157
99a7c346-4daf-f011-bbd2-000d3a1a1cb2,1,"This project will aim to improve consistency of operators aseptic practices, reducing the number of contamination events leading to batch rejection and invovles the creation of a training program.  The development of this program will have no impact on the production schedule.",,,,Low Impact,1,0,,,20961178,04d25798-3a42-ee11-bdf5-000d3a8fd327,7425d0e0-b9ae-f011-bbd3-7c1e527d2157,40a9de76-9289-f011-b4cc-7c1e527cd923
39af9847-4daf-f011-bbd3-002248271486,5,"This project is intended to provide benefits of reduced contamination events leading to batch rejection. This project is associated with a larger tactical implementation plan for contamination free site. In the current state it would be expected that if no improvements are made, there is potential for single batch loss related to contmainations.",,,,Moderate Impact,1,0,,,20961066,04d25798-3a42-ee11-bdf5-000d3a8fd327,7425d0e0-b9ae-f011-bbd3-7c1e527d2157,c29afc0a-9289-f011-b4cc-7c1e527d2157
a6a7c346-4daf-f011-bbd2-000d3a1a1cb2,1,"This project will aim to improve consistency of operators aseptic practices, reducing the number of contamination events leading to batch rejection","Support from Valsource (3rd party) will be required to provide consultation support on champion program. There bill rate is $400 / hr and we expect to need a total of 225 hrs of support ($90,000 USD = .138OkuYen)",,,Low Impact,1,0,,,20961062,04d25798-3a42-ee11-bdf5-000d3a8fd327,7425d0e0-b9ae-f011-bbd3-7c1e527d2157,300edd89-9289-f011-b4cc-7c1e527d2157
14cf5244-4daf-f011-bbd3-7c1e527cd923,0,"This project is intended to reduce contamination events that lead to batch rejection. If there is a reduction in contamination events it would be expected that there could be less overall production activities. This could lead to less water usage, biohazard wasteand overall enegery consumption",,,,No Impact,1,0,,,20961059,04d25798-3a42-ee11-bdf5-000d3a8fd327,7425d0e0-b9ae-f011-bbd3-7c1e527d2157,c91de0e9-9189-f011-b4cc-7c1e527d2157
25af9847-4daf-f011-bbd3-002248271486,5,This change is expected to have the benefit of improving right first time production as it relates to a reduction in contamination events. If contamination events are reduced it will allow for more flexibility in the overall production schedule.,,,,Moderate Impact,1,0,,,20961051,04d25798-3a42-ee11-bdf5-000d3a8fd327,7425d0e0-b9ae-f011-bbd3-7c1e527d2157,6e1c0e50-9289-f011-b4cc-002248271486
dfce5244-4daf-f011-bbd3-7c1e527cd923,0,This project does not address any EHS Risk Register items,,,,No Impact,1,0,,,20961049,04d25798-3a42-ee11-bdf5-000d3a8fd327,7425d0e0-b9ae-f011-bbd3-7c1e527d2157,fc7f63d0-9189-f011-b4cc-002248271486
98a7c346-4daf-f011-bbd2-000d3a1a1cb2,15,"This project will aim to improve consistency of operators aseptic practices, reducing the number of contamination events leading to batch rejection. This project is also associated with the contamination free site tactical implementation plan which is several other projects that will further support the reduction in contamination events and batch rejection.","If we are able to reduce contamination and discard of one Rep AF batch per fiscal year which has the cost of  $8,259,219 (~12.62 OkuYen), this could be considered the expected financial benefits of moving forward with this project.",,,Critical Impact,1,0,,,20951646,04d25798-3a42-ee11-bdf5-000d3a8fd327,7425d0e0-b9ae-f011-bbd3-7c1e527d2157,740adf46-9289-f011-b4cc-7c1e527cd923
6b1a8748-4daf-f011-bbd3-7c1e527d2157,1,"This project will aim to improve consistency of operators aseptic practices, reducing the number of contamination events leading to batch rejection and invovles the creation of a training program.  The development of this program will have no impact on the production schedule.

Experience is available through ValSource who is providing consultation services and we have the necessary training experience and content on site to build this program.",,,,Low Impact,1,0,,,20908059,04d25798-3a42-ee11-bdf5-000d3a8fd327,7425d0e0-b9ae-f011-bbd3-7c1e527d2157,cba1c26b-9289-f011-b4cc-7c1e527d2157
2eaf9847-4daf-f011-bbd3-002248271486,0,,,,,No Impact,1,0,,,20847808,04d25798-3a42-ee11-bdf5-000d3a8fd327,7425d0e0-b9ae-f011-bbd3-7c1e527d2157,31d4e7e3-9189-f011-b4cc-7c1e527d2157
00cf5244-4daf-f011-bbd3-7c1e527cd923,0,,,,,No Impact,1,0,,,20847802,04d25798-3a42-ee11-bdf5-000d3a8fd327,7425d0e0-b9ae-f011-bbd3-7c1e527d2157,3182c040-9289-f011-b4cc-7c1e527cd923
ecce5244-4daf-f011-bbd3-7c1e527cd923,0,,,,,No Impact,1,0,,,20847799,04d25798-3a42-ee11-bdf5-000d3a8fd327,7425d0e0-b9ae-f011-bbd3-7c1e527d2157,09e36ed6-9189-f011-b4cc-002248271486
9d5d9ef8-619d-f011-b41b-7c1e527d2157,0,This is not associated with an EHS risk,,,,No Impact,1,0,,,20846909,04d25798-3a42-ee11-bdf5-000d3a8fd327,da9b7958-619d-f011-b41b-7c1e527d2157,fc7f63d0-9189-f011-b4cc-002248271486
f72adbfc-619d-f011-b41b-00224827aa4c,5,"While production can be scheduled without this change, the number of production bioreactor idle days can be reduced by up to 25 days in FY26 by implementing this change.",,,,Moderate Impact,1,0,,,20846907,04d25798-3a42-ee11-bdf5-000d3a8fd327,da9b7958-619d-f011-b41b-7c1e527d2157,6e1c0e50-9289-f011-b4cc-002248271486
1ab4befe-619d-f011-b41c-002248276c98,0,"While production can be scheduled without this change, the number of production bioreactor idle days can be reduced by up to 25 days in FY26 by implementing this change.",,,,No Impact,1,0,,,20846905,04d25798-3a42-ee11-bdf5-000d3a8fd327,da9b7958-619d-f011-b41b-7c1e527d2157,c29afc0a-9289-f011-b4cc-7c1e527d2157
19b4befe-619d-f011-b41c-002248276c98,1,There should be no impact to production while implementing this project.,,,,Low Impact,1,0,,,20846900,04d25798-3a42-ee11-bdf5-000d3a8fd327,da9b7958-619d-f011-b41b-7c1e527d2157,40a9de76-9289-f011-b4cc-7c1e527cd923
c26c8337-85a3-f011-bbd3-7c1e527cd923,1,This will require development and execution of a change control and may require some manufacturing document updates,,,,Low Impact,1,0,,,20846895,04d25798-3a42-ee11-bdf5-000d3a8fd327,da9b7958-619d-f011-b41b-7c1e527d2157,a633db83-9289-f011-b4cc-7c1e527d2157
511900fd-619d-f011-b41c-7c1e527e91a1,0,There are no risk register items related to this,,,,No Impact,1,0,,,20846893,04d25798-3a42-ee11-bdf5-000d3a8fd327,da9b7958-619d-f011-b41b-7c1e527d2157,23511df6-9189-f011-b4cc-7c1e527d2157
70529035-85a3-f011-bbd3-002248271486,10,The change will reduce product change over cycle time and reduce the resulting number of idle days in the production bioreactors by up to 25 days.,,,,High Impact,1,0,,,20846891,04d25798-3a42-ee11-bdf5-000d3a8fd327,da9b7958-619d-f011-b41b-7c1e527d2157,124ef45c-9289-f011-b4cc-002248271486
03b7cdfb-619d-f011-b41b-000d3a984383,0,no change to landfill waste,,,,No Impact,1,0,,,20846889,04d25798-3a42-ee11-bdf5-000d3a8fd327,da9b7958-619d-f011-b41b-7c1e527d2157,31d4e7e3-9189-f011-b4cc-7c1e527d2157
d14ef037-85a3-f011-bbd3-6045bddb6d09,0,No change to carbon reduction,,,,No Impact,1,0,,,20846887,04d25798-3a42-ee11-bdf5-000d3a8fd327,da9b7958-619d-f011-b41b-7c1e527d2157,09e36ed6-9189-f011-b4cc-002248271486
001499fe-619d-f011-b41b-7c1e527d2157,0,No impact to water usage,,,,No Impact,1,0,,,20846881,04d25798-3a42-ee11-bdf5-000d3a8fd327,da9b7958-619d-f011-b41b-7c1e527d2157,c91de0e9-9189-f011-b4cc-7c1e527d2157
f09d8ffb-619d-f011-b41c-7c1e527cd923,1,No new equipment or modifications needed.  Procedural controls to prevent mix-up exist in current SOP and MBR.,,,,Low Impact,1,0,,,20846877,04d25798-3a42-ee11-bdf5-000d3a8fd327,da9b7958-619d-f011-b41b-7c1e527d2157,cba1c26b-9289-f011-b4cc-7c1e527d2157
1f8a9f63-9daa-f011-bbd3-7c1e527d2157,1,No expected impact to Cell Bank operations.,The addition of scrubs and dedicated socks and shoes will not change the maunfacturing processes in Cell Bank.,,,Low Impact,1,0,,,20797773,04d25798-3a42-ee11-bdf5-000d3a8fd327,b9b5a337-e1a9-f011-bbd3-7c1e527d2157,40a9de76-9289-f011-b4cc-7c1e527cd923
4c8890cf-9caa-f011-bbd3-7c1e527cd923,15,This project will likely need to be executed during a scheduled manufacturing shutdown to avoid any impact on production.,This project impacts the locker rooms that serve as access points to LEX 400 controlled manufacturing areas.,,,Critical Impact,1,0,,,20797767,04d25798-3a42-ee11-bdf5-000d3a8fd327,d15a94a6-e3a9-f011-bbd3-7c1e527d2157,40a9de76-9289-f011-b4cc-7c1e527cd923
752ed8cb-9caa-f011-bbd3-002248271486,5,"The anticipated complexity of this project is medium. It will require an architectural update to both the male and female locker rooms in LEX 400, and will likely need to be carried out during a scheduled shutdown.",N/A,,,Moderate Impact,1,0,,,20797762,04d25798-3a42-ee11-bdf5-000d3a8fd327,d15a94a6-e3a9-f011-bbd3-7c1e527d2157,cba1c26b-9289-f011-b4cc-7c1e527d2157
21cb75cb-9caa-f011-bbd3-7c1e527d2157,0,N/A,N/A,,,No Impact,1,0,,,20797760,04d25798-3a42-ee11-bdf5-000d3a8fd327,d15a94a6-e3a9-f011-bbd3-7c1e527d2157,c91de0e9-9189-f011-b4cc-7c1e527d2157
7982e8ce-9caa-f011-bbd3-6045bddb6d09,0,N/A,N/A,,,No Impact,1,0,,,20797758,04d25798-3a42-ee11-bdf5-000d3a8fd327,d15a94a6-e3a9-f011-bbd3-7c1e527d2157,31d4e7e3-9189-f011-b4cc-7c1e527d2157
4b8890cf-9caa-f011-bbd3-7c1e527cd923,0,This change aims to enhance employee satisfaction by addressing current challenges and creating a more supportive work environment.,Feedback from manufacturing personnel using the current locker rooms highlights the need for private changing spaces and improvements to personnel flow.,,,No Impact,1,0,,,20797756,04d25798-3a42-ee11-bdf5-000d3a8fd327,d15a94a6-e3a9-f011-bbd3-7c1e527d2157,124ef45c-9289-f011-b4cc-002248271486
4e8890cf-9caa-f011-bbd3-7c1e527cd923,1,"The current locker rooms were not designed to meet existing gowning requirements. Although this issue has not been raised in any audits to date, the space does present challenges that could potentially lead to internal or external inspection observations.",The benefit of this change is avoiding future observations.,,,Low Impact,1,0,,,20797744,04d25798-3a42-ee11-bdf5-000d3a8fd327,d15a94a6-e3a9-f011-bbd3-7c1e527d2157,23511df6-9189-f011-b4cc-7c1e527d2157
762ed8cb-9caa-f011-bbd3-002248271486,5,This change will impact both the male and female locker rooms in LEX 400. Implementation will likely need to occur during a scheduled shutdown.,This work will temporarily impact entry into the controlled manaufacturing areas becuase it will impact the locker rooms. This work will need to happen during a scheduled shutown.,,,Moderate Impact,1,0,,,20797742,04d25798-3a42-ee11-bdf5-000d3a8fd327,d15a94a6-e3a9-f011-bbd3-7c1e527d2157,a633db83-9289-f011-b4cc-7c1e527d2157
7a82e8ce-9caa-f011-bbd3-6045bddb6d09,0,"While the current state does not pose a risk to production, the existing locker rooms were not built to accommodate present gowning requirements. Additionally, they are not sufficiently sized to support future personnel flow associated with expanded manufacturing operations.",Increasing manufacturing demand is expected to require the hiring of up to 60 additional personnel. This growth will necessitate an improved locker room layout to optimize personnel flow and provide adequate locker space.,,,No Impact,1,0,,,20797740,04d25798-3a42-ee11-bdf5-000d3a8fd327,d15a94a6-e3a9-f011-bbd3-7c1e527d2157,c29afc0a-9289-f011-b4cc-7c1e527d2157
19cb75cb-9caa-f011-bbd3-7c1e527d2157,0,"Improving the flow through the locker rooms is expected to deliver benefits, including enhanced employee satisfaction and morale. Feedback from personnel indicates that the current locker rooms lack adequate private changing spaces, are undersized, and that the overall flow through the space needs improvement. Addressing these issues will create a more positive experience for employees while supporting operational efficiency.",No financial benefit is expected.,,,No Impact,1,0,,,20797532,04d25798-3a42-ee11-bdf5-000d3a8fd327,d15a94a6-e3a9-f011-bbd3-7c1e527d2157,6e1c0e50-9289-f011-b4cc-002248271486
20cb75cb-9caa-f011-bbd3-7c1e527d2157,0,N/A,N/A,,,No Impact,1,0,,,20797519,04d25798-3a42-ee11-bdf5-000d3a8fd327,d15a94a6-e3a9-f011-bbd3-7c1e527d2157,740adf46-9289-f011-b4cc-7c1e527cd923
06cb75cb-9caa-f011-bbd3-7c1e527d2157,1,"Although this initiative is not listed on the EHS Register, updating the current locker rooms to better accommodate present needs is expected to positively impact personnel flow. Improved flow through these areas will contribute to enhanced safety for all personnel.",The existing locker rooms were not originally designed to meet the current gowning requirements.,,,Low Impact,1,0,,,20797516,04d25798-3a42-ee11-bdf5-000d3a8fd327,d15a94a6-e3a9-f011-bbd3-7c1e527d2157,fc7f63d0-9189-f011-b4cc-002248271486
4f8890cf-9caa-f011-bbd3-7c1e527cd923,10,"Upgrading the locker rooms in building LEX400 is a significant project that will require substantial changes to the current facilities. Due to the scale of the work needed, these improvements will likely need to be completed during the next LEX400 facility shutdown.",This is an estimated cost based on previous project of similar scope.,,,High Impact,1,0,,,20797505,04d25798-3a42-ee11-bdf5-000d3a8fd327,d15a94a6-e3a9-f011-bbd3-7c1e527d2157,300edd89-9289-f011-b4cc-7c1e527d2157
6d2ed8cb-9caa-f011-bbd3-002248271486,5,"Improved locker rooms are needed to meet increased personnel movement into controlled manufacturing areas associated with the increasing manufacturing production schedule (MPS). Upgrading our locker rooms is essential to ensure compliance, support increased personnel flow, and enhance the overall employee experience.","The current locker rooms are outdated and inadequate for our operational needs. They were not designed to support the new requirements for changing into scrubs, dedicated socks, and shoes. The space lacks sufficient private changing areas, and the overall layout does not meet the needs of team members using the facility. Additionally, as future manufacturing demands drive increased headcount, traffic in the already undersized gowning areas will only worsen, further underscoring the need for significant upgrades to ensure both compliance and employee comfort.",,,Moderate Impact,1,0,,,20797500,04d25798-3a42-ee11-bdf5-000d3a8fd327,d15a94a6-e3a9-f011-bbd3-7c1e527d2157,3182c040-9289-f011-b4cc-7c1e527cd923
4586065d-9daa-f011-bbd3-7c1e527cd923,0,N/A,N/A,,,No Impact,1,0,,,20797431,04d25798-3a42-ee11-bdf5-000d3a8fd327,b9b5a337-e1a9-f011-bbd3-7c1e527d2157,124ef45c-9289-f011-b4cc-002248271486
73192e62-9daa-f011-bbd3-6045bddb6d09,5,The level of effort is low. This is not a large scale project.,"General
All scope is based on the RWS study completed on September 12, 2025.
Electrical
Provide new lighting fixtures in the changing stalls and circulation. Connect new lighting to existing lighting circuit as indicated in the feasibility study. Provide new layout to achieve uniform illumination. 
Update lighting controls (dimmer, vacancy/occupancy integration) to suit the new room layout. Integrate existing ceiling occupancy sensors. 
Modify normal-power branch circuits and receptacles to support the new program. 
Fire alarm upgrades only pertain to the scope of work. 
Upgrades to building electrical service, power distribution system, and building emergency power systems are excluded from our proposal. 
HVAC
Reconfigure air distribution in the existing 2410A room per the feasibility study, including relocation of supply ceiling diffuser. 
Provide new exhaust ductwork to serve both of the proposed changing stalls. 
Maintain and verify room pressurization relationships to adjacent spaces identified in the study; implement rebalancing and TAB to achieve the final design intent. 
Provide limited HVAC adjustments in adjacent rooms as indicated by the study to support the new layout and circulation 
Architectural
Relocate lockers for storage of personal items and add a storage closet to house metro rack storage and preserve space for utility cart storage. 
Containment closet to accommodate 

Update Cell Bank gowning SOP.",,,Moderate Impact,1,0,,,20797429,04d25798-3a42-ee11-bdf5-000d3a8fd327,b9b5a337-e1a9-f011-bbd3-7c1e527d2157,a633db83-9289-f011-b4cc-7c1e527d2157
24d83960-9daa-f011-bbd3-002248271486,0,N/A,N/A,,,No Impact,1,0,,,20797427,04d25798-3a42-ee11-bdf5-000d3a8fd327,b9b5a337-e1a9-f011-bbd3-7c1e527d2157,fc7f63d0-9189-f011-b4cc-002248271486
25d83960-9daa-f011-bbd3-002248271486,0,N/A,N/A,,,No Impact,1,0,,,20797425,04d25798-3a42-ee11-bdf5-000d3a8fd327,b9b5a337-e1a9-f011-bbd3-7c1e527d2157,09e36ed6-9189-f011-b4cc-002248271486
45d83960-9daa-f011-bbd3-002248271486,0,N/A,N/A,,,No Impact,1,0,,,20797423,04d25798-3a42-ee11-bdf5-000d3a8fd327,b9b5a337-e1a9-f011-bbd3-7c1e527d2157,31d4e7e3-9189-f011-b4cc-7c1e527d2157
47d83960-9daa-f011-bbd3-002248271486,5,This project is in direct response to a recent internal observation & existing compliance gap against both the global Takeda standards (per SOP-229527) + the Annex 1 requirements applicable to the Cell Bank Manufacturing GMP.,Currently the gowning for Cell Bank is not in compliance with he global Takeda standards (per SOP-229527) + the Annex 1 requirements applicable to the Cell Bank Manufacturing GMP.,,,Moderate Impact,1,0,,,20797421,04d25798-3a42-ee11-bdf5-000d3a8fd327,b9b5a337-e1a9-f011-bbd3-7c1e527d2157,23511df6-9189-f011-b4cc-7c1e527d2157
89968b63-9daa-f011-bbd3-7c1e527cd923,0,N/A,N/A,,,No Impact,1,0,,,20797419,04d25798-3a42-ee11-bdf5-000d3a8fd327,b9b5a337-e1a9-f011-bbd3-7c1e527d2157,c29afc0a-9289-f011-b4cc-7c1e527d2157
4d559b5d-9daa-f011-bbd3-7c1e527d2157,0,There is no expected production benefit. This project will close a compliance gap against both the global Takeda standards (per SOP-229527) + the Annex 1 requirements applicable to the Cell Bank Manufacturing GMP.,N/A,,,No Impact,1,0,,,20797417,04d25798-3a42-ee11-bdf5-000d3a8fd327,b9b5a337-e1a9-f011-bbd3-7c1e527d2157,6e1c0e50-9289-f011-b4cc-002248271486
2cd83960-9daa-f011-bbd3-002248271486,0,N/A,N/A,,,No Impact,1,0,,,20797413,04d25798-3a42-ee11-bdf5-000d3a8fd327,b9b5a337-e1a9-f011-bbd3-7c1e527d2157,740adf46-9289-f011-b4cc-7c1e527cd923
8a968b63-9daa-f011-bbd3-7c1e527cd923,1,Solution is already developed.,"To create an area that accommodates the following:
Minimum (2) changing stalls
Minimum (8) lockers for storage of personal clothing
Storage space to accommodate min. (8-10) pairs of plant-dedicated shoes
Dedicated shoe disinfection station (pre-sat bleach wipes)
Storage bins of new and used scrubs & plant-dedicated socks (both launderable)

Scope of Work
General
All scope is based on the RWS study completed on September 12, 2025.
Electrical
Provide new lighting fixtures in the changing stalls and circulation. Connect new lighting to existing lighting circuit as indicated in the feasibility study. Provide new layout to achieve uniform illumination. 
Update lighting controls (dimmer, vacancy/occupancy integration) to suit the new room layout. Integrate existing ceiling occupancy sensors. 
Modify normal-power branch circuits and receptacles to support the new program. 
Fire alarm upgrades only pertain to the scope of work. 
Upgrades to building electrical service, power distribution system, and building emergency power systems are excluded from our proposal. 
HVAC
Reconfigure air distribution in the existing 2410A room per the feasibility study, including relocation of supply ceiling diffuser. 
Provide new exhaust ductwork to serve both of the proposed changing stalls. 
Maintain and verify room pressurization relationships to adjacent spaces identified in the study; implement rebalancing and TAB to achieve the final design intent. 
Provide limited HVAC adjustments in adjacent rooms as indicated by the study to support the new layout and circulation 
Architectural
Relocate lockers for storage of personal items and add a storage closet to house metro rack storage and preserve space for utility cart storage. 
Containment closet to accommodate",,,Low Impact,1,0,,,20797411,04d25798-3a42-ee11-bdf5-000d3a8fd327,b9b5a337-e1a9-f011-bbd3-7c1e527d2157,cba1c26b-9289-f011-b4cc-7c1e527d2157
88968b63-9daa-f011-bbd3-7c1e527cd923,0,N/A,N/A,,,No Impact,1,0,,,20797408,04d25798-3a42-ee11-bdf5-000d3a8fd327,b9b5a337-e1a9-f011-bbd3-7c1e527d2157,c91de0e9-9189-f011-b4cc-7c1e527d2157
8f968b63-9daa-f011-bbd3-7c1e527cd923,1,"The estimated cost for the project is $268,000.00.","General
All scope is based on the RWS study completed on September 12, 2025.
Electrical
Provide new lighting fixtures in the changing stalls and circulation. Connect new lighting to existing lighting circuit as indicated in the feasibility study. Provide new layout to achieve uniform illumination. 
Update lighting controls (dimmer, vacancy/occupancy integration) to suit the new room layout. Integrate existing ceiling occupancy sensors. 
Modify normal-power branch circuits and receptacles to support the new program. 
Fire alarm upgrades only pertain to the scope of work. 
Upgrades to building electrical service, power distribution system, and building emergency power systems are excluded from our proposal. 
HVAC
Reconfigure air distribution in the existing 2410A room per the feasibility study, including relocation of supply ceiling diffuser. 
Provide new exhaust ductwork to serve both of the proposed changing stalls. 
Maintain and verify room pressurization relationships to adjacent spaces identified in the study; implement rebalancing and TAB to achieve the final design intent. 
Provide limited HVAC adjustments in adjacent rooms as indicated by the study to support the new layout and circulation 
Architectural
Relocate lockers for storage of personal items and add a storage closet to house metro rack storage and preserve space for utility cart storage. 
Containment closet to accommodate 

Total Capital Extimated Costs $232,000.00
Total OPEX Estimated Costs  $36,300.00",,,Low Impact,1,0,,,20797400,04d25798-3a42-ee11-bdf5-000d3a8fd327,b9b5a337-e1a9-f011-bbd3-7c1e527d2157,300edd89-9289-f011-b4cc-7c1e527d2157
44192e62-9daa-f011-bbd3-6045bddb6d09,5,This project is in direct response to a recent internal observation & existing compliance gap against both the global Takeda standards (per SOP-229527) + the Annex 1 requirements applicable to the Cell Bank Manufacturing GMP.,Closes significate compliance gaps against both the global Takeda standards (per SOP-229527) + the Annex 1 requirements applicable to the Cell Bank Manufacturing GMP.,,,Moderate Impact,1,0,,,20797398,04d25798-3a42-ee11-bdf5-000d3a8fd327,b9b5a337-e1a9-f011-bbd3-7c1e527d2157,3182c040-9289-f011-b4cc-7c1e527cd923
0052a30d-dc9e-f011-b41c-7c1e527cd923,0,No expected change on water usage,,,,No Impact,1,0,,,20755664,04d25798-3a42-ee11-bdf5-000d3a8fd327,564de39d-db9e-f011-b41b-7c1e527d2157,c91de0e9-9189-f011-b4cc-7c1e527d2157
2be46b11-dc9e-f011-b41c-7c1e5209fc28,0,No impact on waste to landfill,,,,No Impact,1,0,,,20755661,04d25798-3a42-ee11-bdf5-000d3a8fd327,564de39d-db9e-f011-b41b-7c1e527d2157,31d4e7e3-9189-f011-b4cc-7c1e527d2157
92eeec12-dc9e-f011-b41c-002248276c98,0,C) Permanent Risk Mitigation plan is routine pre-emptive chamber replacement. No batches have been lost to date,,,,No Impact,1,0,,,20755651,04d25798-3a42-ee11-bdf5-000d3a8fd327,564de39d-db9e-f011-b41b-7c1e527d2157,c29afc0a-9289-f011-b4cc-7c1e527d2157
e92b480e-dc9e-f011-b41c-6045bddb6d09,0,No production benefits expected as it relates to yield. Benefits are reduced risk of equipment failure.,,,,No Impact,1,0,,,20755649,04d25798-3a42-ee11-bdf5-000d3a8fd327,564de39d-db9e-f011-b41b-7c1e527d2157,6e1c0e50-9289-f011-b4cc-002248271486
4908eb0c-dc9e-f011-b41c-002248276c98,0,Project does not address safety concerns.,,,,No Impact,1,0,,,20755645,04d25798-3a42-ee11-bdf5-000d3a8fd327,564de39d-db9e-f011-b41b-7c1e527d2157,fc7f63d0-9189-f011-b4cc-002248271486
09984e0d-dc9e-f011-b41b-7c1e527d2157,5,"Required for site road map, redundancy exists but would cause delays if needing to move from chamber to chamber.",,,,Moderate Impact,1,0,,,20755641,04d25798-3a42-ee11-bdf5-000d3a8fd327,564de39d-db9e-f011-b41b-7c1e527d2157,3182c040-9289-f011-b4cc-7c1e527cd923
d8df324d-dc9e-f011-b41b-7c1e527d2157,5,"Benchtop centrifue new model is similar to exisitng model, some IOQ activities might be new task of medium complexity",,,,Moderate Impact,1,0,,,20755635,04d25798-3a42-ee11-bdf5-000d3a8fd327,b68e30a9-db9e-f011-b41c-002248271486,cba1c26b-9289-f011-b4cc-7c1e527d2157
3d0af346-dc9e-f011-b41b-7c1e527d2157,0,None,,,,No Impact,1,0,,,20755629,04d25798-3a42-ee11-bdf5-000d3a8fd327,b68e30a9-db9e-f011-b41c-002248271486,09e36ed6-9189-f011-b4cc-002248271486
f9e8b048-dc9e-f011-b41c-7c1e527cd923,0,No impact on waste to landfill,,,,No Impact,1,0,,,20755623,04d25798-3a42-ee11-bdf5-000d3a8fd327,b68e30a9-db9e-f011-b41c-002248271486,31d4e7e3-9189-f011-b4cc-7c1e527d2157
8c852247-dc9e-f011-b41c-6045bddb6d09,0,No expected water usage,,,,No Impact,1,0,,,20755621,04d25798-3a42-ee11-bdf5-000d3a8fd327,b68e30a9-db9e-f011-b41c-002248271486,c91de0e9-9189-f011-b4cc-7c1e527d2157
5f4bb948-dc9e-f011-b41c-002248271486,1,"AIMP project to support overall equipment health, performance, and availability",,,,Low Impact,1,0,,,20755619,04d25798-3a42-ee11-bdf5-000d3a8fd327,b68e30a9-db9e-f011-b41c-002248271486,124ef45c-9289-f011-b4cc-002248271486
8d852247-dc9e-f011-b41c-6045bddb6d09,0,None. Remediates operational risk,,,,No Impact,1,0,,,20755617,04d25798-3a42-ee11-bdf5-000d3a8fd327,b68e30a9-db9e-f011-b41c-002248271486,23511df6-9189-f011-b4cc-7c1e527d2157
40e54a4d-dc9e-f011-b41c-6045bddb6d09,5,"Validation, SOP revision, Calibration
FAC - plug and play",,,,Moderate Impact,1,0,,,20755615,04d25798-3a42-ee11-bdf5-000d3a8fd327,b68e30a9-db9e-f011-b41c-002248271486,a633db83-9289-f011-b4cc-7c1e527d2157
430af346-dc9e-f011-b41b-7c1e527d2157,1,Redundancy exist. Equipment being replaced can be used until new equipment becomes available,,,,Low Impact,1,0,,,20755613,04d25798-3a42-ee11-bdf5-000d3a8fd327,b68e30a9-db9e-f011-b41c-002248271486,40a9de76-9289-f011-b4cc-7c1e527cd923
684bb948-dc9e-f011-b41c-002248271486,0,(C) Permanent mitigation plan is to replace centrifuge. Impact to production would occur if failure occurs and parts are not available/entire units are obsolete.,,,,No Impact,1,0,,,20755611,04d25798-3a42-ee11-bdf5-000d3a8fd327,b68e30a9-db9e-f011-b41c-002248271486,c29afc0a-9289-f011-b4cc-7c1e527d2157
5a4bb948-dc9e-f011-b41c-002248271486,0,No production benefit expected as related to yield. Benefitt are equipment health improvement and obsolescence avoidance,,,,No Impact,1,0,,,20755609,04d25798-3a42-ee11-bdf5-000d3a8fd327,b68e30a9-db9e-f011-b41c-002248271486,6e1c0e50-9289-f011-b4cc-002248271486
634bb948-dc9e-f011-b41c-002248271486,1,(C) operating cost avoidance - new equipment are expected to fail less,,,,Low Impact,1,0,,,20755607,04d25798-3a42-ee11-bdf5-000d3a8fd327,b68e30a9-db9e-f011-b41c-002248271486,740adf46-9289-f011-b4cc-7c1e527cd923
ece8b048-dc9e-f011-b41c-7c1e527cd923,0,Project does not address safety concern,,,,No Impact,1,0,,,20755606,04d25798-3a42-ee11-bdf5-000d3a8fd327,b68e30a9-db9e-f011-b41c-002248271486,fc7f63d0-9189-f011-b4cc-002248271486
09e9b048-dc9e-f011-b41c-7c1e527cd923,1,"19000 USD for each unit x 4 unit = 76000 USD
Plus 4000 USD labor
Total 80000 USD

11,769,898.48 yen
0.117 oku yen",,,,Low Impact,1,0,,,20755604,04d25798-3a42-ee11-bdf5-000d3a8fd327,b68e30a9-db9e-f011-b41c-002248271486,300edd89-9289-f011-b4cc-7c1e527d2157
f1e8b048-dc9e-f011-b41c-7c1e527cd923,1,Benchtop CFG's are obsolete and are required to be replaced through AIMP. The replacement will reduce business risk of known obsolescence and allow continued production at 400SW,,,,Low Impact,1,0,,,20755602,04d25798-3a42-ee11-bdf5-000d3a8fd327,b68e30a9-db9e-f011-b41c-002248271486,3182c040-9289-f011-b4cc-7c1e527cd923
0ee0324d-dc9e-f011-b41b-7c1e527d2157,0,No impact on waste to landfill,,,,No Impact,1,0,,,20755590,04d25798-3a42-ee11-bdf5-000d3a8fd327,762c2bc4-db9e-f011-b41b-7c1e52598de0,31d4e7e3-9189-f011-b4cc-7c1e527d2157
49e54a4d-dc9e-f011-b41c-6045bddb6d09,0,no impact on water usage,,,,No Impact,1,0,,,20755588,04d25798-3a42-ee11-bdf5-000d3a8fd327,762c2bc4-db9e-f011-b41b-7c1e52598de0,c91de0e9-9189-f011-b4cc-7c1e527d2157
44e54a4d-dc9e-f011-b41c-6045bddb6d09,0,Equipment Carbon reduction is negligible as equipment will be replaced like-in-kind.,,,,No Impact,1,0,,,20755586,04d25798-3a42-ee11-bdf5-000d3a8fd327,762c2bc4-db9e-f011-b41b-7c1e52598de0,09e36ed6-9189-f011-b4cc-002248271486
8fcc7e50-dc9e-f011-b41b-7c1e52598de0,0,Project will not address a quality risk register item.,,,,No Impact,1,0,,,20755582,04d25798-3a42-ee11-bdf5-000d3a8fd327,762c2bc4-db9e-f011-b41b-7c1e52598de0,23511df6-9189-f011-b4cc-7c1e527d2157
91cc7e50-dc9e-f011-b41b-7c1e52598de0,0,A. Redundant equipment,,,,No Impact,1,0,,,20755577,04d25798-3a42-ee11-bdf5-000d3a8fd327,762c2bc4-db9e-f011-b41b-7c1e52598de0,c29afc0a-9289-f011-b4cc-7c1e527d2157
45e54a4d-dc9e-f011-b41c-6045bddb6d09,0,No production benifits expected as it relates to yield. Benefits are reduced risk of equipment failures.,,,,No Impact,1,0,,,20755575,04d25798-3a42-ee11-bdf5-000d3a8fd327,762c2bc4-db9e-f011-b41b-7c1e52598de0,6e1c0e50-9289-f011-b4cc-002248271486
43e54a4d-dc9e-f011-b41c-6045bddb6d09,0,The project does not address safety concerns.,,,,No Impact,1,0,,,20755571,04d25798-3a42-ee11-bdf5-000d3a8fd327,762c2bc4-db9e-f011-b41b-7c1e52598de0,fc7f63d0-9189-f011-b4cc-002248271486
0be0324d-dc9e-f011-b41b-7c1e527d2157,5,Failed equipment results in the time required to replace the equipment with other units and decreases productivity.,,,,Moderate Impact,1,0,,,20755567,04d25798-3a42-ee11-bdf5-000d3a8fd327,762c2bc4-db9e-f011-b41b-7c1e52598de0,3182c040-9289-f011-b4cc-7c1e527cd923
d349eb4f-dc9e-f011-b41c-7c1e527cd923,10,Known & Unknown technical challenges. Looking to do a like-in-kind replacement.,,,,High Impact,1,0,,,20755561,04d25798-3a42-ee11-bdf5-000d3a8fd327,3ee81ccb-db9e-f011-b41b-7c1e5246e632,cba1c26b-9289-f011-b4cc-7c1e527d2157
8ccc7e50-dc9e-f011-b41b-7c1e52598de0,0,No impact on waste to Landfill,,,,No Impact,1,0,,,20755559,04d25798-3a42-ee11-bdf5-000d3a8fd327,3ee81ccb-db9e-f011-b41b-7c1e5246e632,31d4e7e3-9189-f011-b4cc-7c1e527d2157
acffdd4c-dc9e-f011-b41b-7c1e5246e632,0,None expected,,,,No Impact,1,0,,,20755557,04d25798-3a42-ee11-bdf5-000d3a8fd327,3ee81ccb-db9e-f011-b41b-7c1e5246e632,c91de0e9-9189-f011-b4cc-7c1e527d2157
41e54a4d-dc9e-f011-b41c-6045bddb6d09,1,"New autoclave and glasswasher likely to be electric therefore eliminating need for plant or clean steam. If either is needed, new model will be self generating.",,,,Low Impact,1,0,,,20755555,04d25798-3a42-ee11-bdf5-000d3a8fd327,3ee81ccb-db9e-f011-b41b-7c1e5246e632,09e36ed6-9189-f011-b4cc-002248271486
84d81450-dc9e-f011-b41c-002248276c98,1,Supports AIMP program and sustains lab operations for the future,,,,Low Impact,1,0,,,20755553,04d25798-3a42-ee11-bdf5-000d3a8fd327,3ee81ccb-db9e-f011-b41b-7c1e5246e632,124ef45c-9289-f011-b4cc-002248271486
4ae54a4d-dc9e-f011-b41c-6045bddb6d09,5,Lab Equipment Lifecycle,,,,Moderate Impact,1,0,,,20755551,04d25798-3a42-ee11-bdf5-000d3a8fd327,3ee81ccb-db9e-f011-b41b-7c1e5246e632,23511df6-9189-f011-b4cc-7c1e527d2157
92cc7e50-dc9e-f011-b41b-7c1e52598de0,5,"New installation of a glasswasher, autoclave and associated floor/structural work leaves estimation of 300-2,000 hours.",,,,Moderate Impact,1,0,,,20755549,04d25798-3a42-ee11-bdf5-000d3a8fd327,3ee81ccb-db9e-f011-b41b-7c1e5246e632,a633db83-9289-f011-b4cc-7c1e527d2157
8bcc7e50-dc9e-f011-b41b-7c1e52598de0,1,No impact to annual batches expected. Coordination required to keep QC operational during project execution.,,,,Low Impact,1,0,,,20755547,04d25798-3a42-ee11-bdf5-000d3a8fd327,3ee81ccb-db9e-f011-b41b-7c1e5246e632,40a9de76-9289-f011-b4cc-7c1e527cd923
90cc7e50-dc9e-f011-b41b-7c1e52598de0,0,A) Temporary Mitigation Exists but the Root Cause Remains + Little to No Impact on Production/Yield,,,,No Impact,1,0,,,20755545,04d25798-3a42-ee11-bdf5-000d3a8fd327,3ee81ccb-db9e-f011-b41b-7c1e5246e632,c29afc0a-9289-f011-b4cc-7c1e527d2157
55774f4a-dc9e-f011-b41b-7c1e52598de0,0,No production benefit should be expected as it relates to yield. Benefits are reduced risk of equipment failure.,,,,No Impact,1,0,,,20755543,04d25798-3a42-ee11-bdf5-000d3a8fd327,3ee81ccb-db9e-f011-b41b-7c1e5246e632,6e1c0e50-9289-f011-b4cc-002248271486
87d81450-dc9e-f011-b41c-002248276c98,1,Expected operating cost avoidance as newer models are more efficient.,,,,Low Impact,1,0,,,20755541,04d25798-3a42-ee11-bdf5-000d3a8fd327,3ee81ccb-db9e-f011-b41b-7c1e5246e632,740adf46-9289-f011-b4cc-7c1e527cd923
51774f4a-dc9e-f011-b41b-7c1e52598de0,0,Project does not address safety concerns.,,,,No Impact,1,0,,,20755538,04d25798-3a42-ee11-bdf5-000d3a8fd327,3ee81ccb-db9e-f011-b41b-7c1e5246e632,fc7f63d0-9189-f011-b4cc-002248271486
adffdd4c-dc9e-f011-b41b-7c1e5246e632,5,"Qoutes: $70,000 washer  
             $400,000 Autoclave
              50% soft cost",,,,Moderate Impact,1,0,,,20755536,04d25798-3a42-ee11-bdf5-000d3a8fd327,3ee81ccb-db9e-f011-b41b-7c1e5246e632,300edd89-9289-f011-b4cc-7c1e527d2157
0ce0324d-dc9e-f011-b41b-7c1e527d2157,10,"No redundancy, no spare parts",,,,High Impact,1,0,,,20755534,04d25798-3a42-ee11-bdf5-000d3a8fd327,3ee81ccb-db9e-f011-b41b-7c1e5246e632,3182c040-9289-f011-b4cc-7c1e527cd923
8ca393b3-af9f-f011-b41b-7c1e52ff7eb9,1,Minimal impact to 200R operations during removal and install of the new RTU's. Warehouse will continue to operate as normal during this work but safety implications are likely to occur leaving portions of the warehouse off limits temporarily.,,,,Low Impact,1,0,,,20755528,04d25798-3a42-ee11-bdf5-000d3a8fd327,e6d049e2-ae9f-f011-b41b-7c1e527d2157,40a9de76-9289-f011-b4cc-7c1e527cd923
6bbc9fb4-af9f-f011-b41b-7c1e527d2157,0,Equipment is aged and at risk of increasing failure. Units have obsolete refrigerant which is increasingly difficult and expensive to source.,,,,No Impact,1,0,,,20755526,04d25798-3a42-ee11-bdf5-000d3a8fd327,e6d049e2-ae9f-f011-b41b-7c1e527d2157,c29afc0a-9289-f011-b4cc-7c1e527d2157
81a393b3-af9f-f011-b41b-7c1e52ff7eb9,0,No production benefits expected,,,,No Impact,1,0,,,20755524,04d25798-3a42-ee11-bdf5-000d3a8fd327,e6d049e2-ae9f-f011-b41b-7c1e527d2157,6e1c0e50-9289-f011-b4cc-002248271486
8aa393b3-af9f-f011-b41b-7c1e52ff7eb9,1,Reduced time and money spent on repairing units.,,,,Low Impact,1,0,,,20755523,04d25798-3a42-ee11-bdf5-000d3a8fd327,e6d049e2-ae9f-f011-b41b-7c1e527d2157,740adf46-9289-f011-b4cc-7c1e527cd923
061173ae-af9f-f011-b41b-7c1e527d2157,0,No current safety concerns exist,,,,No Impact,1,0,,,20755521,04d25798-3a42-ee11-bdf5-000d3a8fd327,e6d049e2-ae9f-f011-b41b-7c1e527d2157,fc7f63d0-9189-f011-b4cc-002248271486
8d5e35b2-af9f-f011-bbd2-00224833ae3d,10,"250k per unit, 3 units = 750k, 1.1 OkuYen",,,,High Impact,1,0,,,20755519,04d25798-3a42-ee11-bdf5-000d3a8fd327,e6d049e2-ae9f-f011-b41b-7c1e527d2157,300edd89-9289-f011-b4cc-7c1e527d2157
6c5e35b2-af9f-f011-bbd2-00224833ae3d,5,RTUs feed GMP Warehouse and refrigerant obsolescence drives replacement requirement.,,,,Moderate Impact,1,0,,,20755517,04d25798-3a42-ee11-bdf5-000d3a8fd327,e6d049e2-ae9f-f011-b41b-7c1e527d2157,3182c040-9289-f011-b4cc-7c1e527cd923
52abdc52-60a0-f011-b41b-7c1e527d2157,1,Primarily vendor management,,,,Low Impact,1,0,,,20755512,04d25798-3a42-ee11-bdf5-000d3a8fd327,c9bf4c0a-b59f-f011-b41c-002248276c98,cba1c26b-9289-f011-b4cc-7c1e527d2157
b2eed750-60a0-f011-b41c-6045bddb6d09,0,No benefit expected,,,,No Impact,1,0,,,20755510,04d25798-3a42-ee11-bdf5-000d3a8fd327,c9bf4c0a-b59f-f011-b41c-002248276c98,09e36ed6-9189-f011-b4cc-002248271486
a4f10b53-60a0-f011-b41c-002248276c98,0,No benefit expected,,,,No Impact,1,0,,,20755509,04d25798-3a42-ee11-bdf5-000d3a8fd327,c9bf4c0a-b59f-f011-b41c-002248276c98,c91de0e9-9189-f011-b4cc-7c1e527d2157
a1f10b53-60a0-f011-b41c-002248276c98,0,No benefit expected,,,,No Impact,1,0,,,20755507,04d25798-3a42-ee11-bdf5-000d3a8fd327,c9bf4c0a-b59f-f011-b41c-002248276c98,31d4e7e3-9189-f011-b4cc-7c1e527d2157
b3eed750-60a0-f011-b41c-6045bddb6d09,1,Supports AIMP program,,,,Low Impact,1,0,,,20755506,04d25798-3a42-ee11-bdf5-000d3a8fd327,c9bf4c0a-b59f-f011-b41c-002248276c98,124ef45c-9289-f011-b4cc-002248271486
a5f10b53-60a0-f011-b41c-002248276c98,0,No quality risk register item,,,,No Impact,1,0,,,20755504,04d25798-3a42-ee11-bdf5-000d3a8fd327,c9bf4c0a-b59f-f011-b41c-002248276c98,23511df6-9189-f011-b4cc-7c1e527d2157
8ae9bd4d-60a0-f011-b41b-7c1e52ff7eb9,1,Vendor management,,,,Low Impact,1,0,,,20755502,04d25798-3a42-ee11-bdf5-000d3a8fd327,c9bf4c0a-b59f-f011-b41c-002248276c98,a633db83-9289-f011-b4cc-7c1e527d2157
51abdc52-60a0-f011-b41b-7c1e527d2157,1,equipment does not impact production,,,,Low Impact,1,0,,,20755500,04d25798-3a42-ee11-bdf5-000d3a8fd327,c9bf4c0a-b59f-f011-b41c-002248276c98,40a9de76-9289-f011-b4cc-7c1e527cd923
86e9bd4d-60a0-f011-b41b-7c1e52ff7eb9,0,equipment does not impact production,,,,No Impact,1,0,,,20755498,04d25798-3a42-ee11-bdf5-000d3a8fd327,c9bf4c0a-b59f-f011-b41c-002248276c98,c29afc0a-9289-f011-b4cc-7c1e527d2157
0b589d4f-60a0-f011-b41c-002248271486,0,no benefit expected,,,,No Impact,1,0,,,20755497,04d25798-3a42-ee11-bdf5-000d3a8fd327,c9bf4c0a-b59f-f011-b41c-002248276c98,6e1c0e50-9289-f011-b4cc-002248271486
50abdc52-60a0-f011-b41b-7c1e527d2157,1,Reduced time and money spent on repairing units.,,,,Low Impact,1,0,,,20755495,04d25798-3a42-ee11-bdf5-000d3a8fd327,c9bf4c0a-b59f-f011-b41c-002248276c98,740adf46-9289-f011-b4cc-7c1e527cd923
6ee9bd4d-60a0-f011-b41b-7c1e52ff7eb9,0,not on the EHS Risk Register,,,,No Impact,1,0,,,20755493,04d25798-3a42-ee11-bdf5-000d3a8fd327,c9bf4c0a-b59f-f011-b41c-002248276c98,fc7f63d0-9189-f011-b4cc-002248271486
8d99b853-60a0-f011-b41b-7c1e52ff7eb9,1,22k vendor repair,,,,Low Impact,1,0,,,20755492,04d25798-3a42-ee11-bdf5-000d3a8fd327,c9bf4c0a-b59f-f011-b41c-002248276c98,300edd89-9289-f011-b4cc-7c1e527d2157
27dfc24c-60a0-f011-b41b-7c1e527d2157,1,"Repair work is quoted at 22k, considering age, replacement may be recommended. Awaiting replacement quote",,,,Low Impact,1,0,,,20755490,04d25798-3a42-ee11-bdf5-000d3a8fd327,c9bf4c0a-b59f-f011-b41c-002248276c98,3182c040-9289-f011-b4cc-7c1e527cd923
fabd33ec-eaa2-f011-bbd2-7c1e527d2157,1,Current obsolete equipment will be replaced by like-in-kind equipment with only minor technical differences.,,,,Low Impact,1,0,,,20755484,04d25798-3a42-ee11-bdf5-000d3a8fd327,b8889fd3-eaa2-f011-bbd2-7c1e527d2157,cba1c26b-9289-f011-b4cc-7c1e527d2157
f7bd33ec-eaa2-f011-bbd2-7c1e527d2157,0,This project is not expected to impact total waste reduction.,,,,No Impact,1,0,,,20755482,04d25798-3a42-ee11-bdf5-000d3a8fd327,b8889fd3-eaa2-f011-bbd2-7c1e527d2157,31d4e7e3-9189-f011-b4cc-7c1e527d2157
348c98ee-eaa2-f011-bbd3-002248271486,1,No direct value creation driving this project proposal. Driver is Reliaibility improvement.,,,,Low Impact,1,0,,,20755480,04d25798-3a42-ee11-bdf5-000d3a8fd327,b8889fd3-eaa2-f011-bbd2-7c1e527d2157,124ef45c-9289-f011-b4cc-002248271486
f8bd33ec-eaa2-f011-bbd2-7c1e527d2157,0,This project does not address any Quality Risk Reguister Item.,,,,No Impact,1,0,,,20755479,04d25798-3a42-ee11-bdf5-000d3a8fd327,b8889fd3-eaa2-f011-bbd2-7c1e527d2157,23511df6-9189-f011-b4cc-7c1e527d2157
5ec234ed-eaa2-f011-bbd3-7c1e527cd923,5,This project involves a relatively straightforward obsolete unit replacement. Dismantlement and installation (both for the primary equipment and utilities) should involve limited labor investment.,,,,Moderate Impact,1,0,,,20755477,04d25798-3a42-ee11-bdf5-000d3a8fd327,b8889fd3-eaa2-f011-bbd2-7c1e527d2157,a633db83-9289-f011-b4cc-7c1e527d2157
53c234ed-eaa2-f011-bbd3-7c1e527cd923,1,"A staggered replacement of the 8 candidate (obsolete) biosafety cabinets would likely avoid any impact to annual batch delivery, although an impact to the production schedule is possible.",,,,Low Impact,1,0,,,20755475,04d25798-3a42-ee11-bdf5-000d3a8fd327,b8889fd3-eaa2-f011-bbd2-7c1e527d2157,40a9de76-9289-f011-b4cc-7c1e527cd923
f9bd33ec-eaa2-f011-bbd2-7c1e527d2157,1,"A) No mitigation plan exists to account for spare part/equipment obsolescence and inability to replace subcomponents in the event of failure. Failure (subcomponent failure without available spares) has occurred, albeit with little to no impact on production.",,,,Low Impact,1,0,,,20755473,04d25798-3a42-ee11-bdf5-000d3a8fd327,b8889fd3-eaa2-f011-bbd2-7c1e527d2157,c29afc0a-9289-f011-b4cc-7c1e527d2157
f5bd33ec-eaa2-f011-bbd2-7c1e527d2157,0,No yield increase or immediate production bottleneck mitigation will be provided by this project. This project is to replace obsolete equipment and is reliability driven with respect to the elimination of production risks.,,,,No Impact,1,0,,,20755471,04d25798-3a42-ee11-bdf5-000d3a8fd327,b8889fd3-eaa2-f011-bbd2-7c1e527d2157,6e1c0e50-9289-f011-b4cc-002248271486
f6bd33ec-eaa2-f011-bbd2-7c1e527d2157,0,Financial benefits are not expected in terms of cost avoidance but rather in terms of production loss and/or slowdown avoidance.,,,,No Impact,1,0,,,20755467,04d25798-3a42-ee11-bdf5-000d3a8fd327,b8889fd3-eaa2-f011-bbd2-7c1e527d2157,740adf46-9289-f011-b4cc-7c1e527cd923
328c98ee-eaa2-f011-bbd3-002248271486,0,This project does not adress an EHS Risk Register Item.,,,,No Impact,1,0,,,20755465,04d25798-3a42-ee11-bdf5-000d3a8fd327,b8889fd3-eaa2-f011-bbd2-7c1e527d2157,fc7f63d0-9189-f011-b4cc-002248271486
358c98ee-eaa2-f011-bbd3-002248271486,10,"A) If enough units fail at fur sufficient duration, redundant capaity could be exceeded and result in QC-operational slowdowns and potentially lost or delayed production.
B) Units currently have key components with no available spares due to obsolescence.",,,,High Impact,1,0,,,20755464,04d25798-3a42-ee11-bdf5-000d3a8fd327,b8889fd3-eaa2-f011-bbd2-7c1e527d2157,3182c040-9289-f011-b4cc-7c1e527cd923
388c98ee-eaa2-f011-bbd3-002248271486,1,"8 obsolete biosafety cabinets are being proposed for replacement, at a an estimated combined cost of ~$150K plus $75K (50%) for soft costs.",,,,Low Impact,1,0,,,20755462,04d25798-3a42-ee11-bdf5-000d3a8fd327,b8889fd3-eaa2-f011-bbd2-7c1e527d2157,300edd89-9289-f011-b4cc-7c1e527d2157
a15c1338-99a3-f011-bbd3-6045bddb6d09,1,Project implementation would be mainly robot purchase and setting up the autonomous route. That along with the alert management for items deteremined out of range by the robot.,,,,Low Impact,1,0,,,20755455,04d25798-3a42-ee11-bdf5-000d3a8fd327,75c94dff-98a3-f011-bbd2-7c1e527d2157,cba1c26b-9289-f011-b4cc-7c1e527d2157
92aaa937-99a3-f011-bbd2-7c1e527d2157,0,Not applicable,,,,No Impact,1,0,,,20755453,04d25798-3a42-ee11-bdf5-000d3a8fd327,75c94dff-98a3-f011-bbd2-7c1e527d2157,09e36ed6-9189-f011-b4cc-002248271486
923d2237-99a3-f011-bbd3-7c1e527cd923,0,Not applicable,,,,No Impact,1,0,,,20755451,04d25798-3a42-ee11-bdf5-000d3a8fd327,75c94dff-98a3-f011-bbd2-7c1e527d2157,31d4e7e3-9189-f011-b4cc-7c1e527d2157
9c5c1338-99a3-f011-bbd3-6045bddb6d09,0,Not applicable,,,,No Impact,1,0,,,20755449,04d25798-3a42-ee11-bdf5-000d3a8fd327,75c94dff-98a3-f011-bbd2-7c1e527d2157,c91de0e9-9189-f011-b4cc-7c1e527d2157
a1aaa937-99a3-f011-bbd2-7c1e527d2157,1,In line with Takeda objectives to move towards 50% predictive maintenance,,,,Low Impact,1,0,,,20755447,04d25798-3a42-ee11-bdf5-000d3a8fd327,75c94dff-98a3-f011-bbd2-7c1e527d2157,124ef45c-9289-f011-b4cc-002248271486
33280c39-99a3-f011-bbd3-002248271486,0,No quality risk item being addressed,,,,No Impact,1,0,,,20755445,04d25798-3a42-ee11-bdf5-000d3a8fd327,75c94dff-98a3-f011-bbd2-7c1e527d2157,23511df6-9189-f011-b4cc-7c1e527d2157
b8aaa937-99a3-f011-bbd2-7c1e527d2157,5,"Labor hours on the lower end of 300-2,000. Crossfunctional team of RE's and Plant Utilities techs required",,,,Moderate Impact,1,0,,,20755443,04d25798-3a42-ee11-bdf5-000d3a8fd327,75c94dff-98a3-f011-bbd2-7c1e527d2157,a633db83-9289-f011-b4cc-7c1e527d2157
975c1338-99a3-f011-bbd3-6045bddb6d09,1,No impact,,,,Low Impact,1,0,,,20755441,04d25798-3a42-ee11-bdf5-000d3a8fd327,75c94dff-98a3-f011-bbd2-7c1e527d2157,40a9de76-9289-f011-b4cc-7c1e527cd923
39280c39-99a3-f011-bbd3-002248271486,0,Critical assets are monitored annually whereas the autonomous robot could monitor far more frequently,,,,No Impact,1,0,,,20755439,04d25798-3a42-ee11-bdf5-000d3a8fd327,75c94dff-98a3-f011-bbd2-7c1e527d2157,c29afc0a-9289-f011-b4cc-7c1e527d2157
0f280c39-99a3-f011-bbd3-002248271486,0,Risk mitigation of critical assets through predictive technology,,,,No Impact,1,0,,,20755437,04d25798-3a42-ee11-bdf5-000d3a8fd327,75c94dff-98a3-f011-bbd2-7c1e527d2157,6e1c0e50-9289-f011-b4cc-002248271486
25280c39-99a3-f011-bbd3-002248271486,1,The autonomous robot woud be expected to find plant abnormalities and alert Site Engineering to take action proactively which would avoid unplanned failures of utility equipment.,,,,Low Impact,1,0,,,20755435,04d25798-3a42-ee11-bdf5-000d3a8fd327,75c94dff-98a3-f011-bbd2-7c1e527d2157,740adf46-9289-f011-b4cc-7c1e527cd923
fae90733-99a3-f011-bbd3-002248271486,0,"No EHS risk register item, however, utilizing a robot instead of personnel, decreases safety risk when opening live panels.",,,,No Impact,1,0,,,20755433,04d25798-3a42-ee11-bdf5-000d3a8fd327,75c94dff-98a3-f011-bbd2-7c1e527d2157,fc7f63d0-9189-f011-b4cc-002248271486
a25c1338-99a3-f011-bbd3-6045bddb6d09,5,Estimate 250-500k based on discussions with vendor,,,,Moderate Impact,1,0,,,20755431,04d25798-3a42-ee11-bdf5-000d3a8fd327,75c94dff-98a3-f011-bbd2-7c1e527d2157,300edd89-9289-f011-b4cc-7c1e527d2157
21280c39-99a3-f011-bbd3-002248271486,0,Infrared scans are completed annually leaving significant time between scans. The autonomous robot allows for continuous monitoring of critical equipment on a daily basis checking infrared and acoustics.,,,,No Impact,1,0,,,20755429,04d25798-3a42-ee11-bdf5-000d3a8fd327,75c94dff-98a3-f011-bbd2-7c1e527d2157,3182c040-9289-f011-b4cc-7c1e527cd923
88fd6501-22a5-f011-bbd3-7c1e527cd923,1,Cold room will need to be emptied of material but there are other cold rooms within 400SW available. Minimal impact job,,,,Low Impact,1,0,,,20755413,04d25798-3a42-ee11-bdf5-000d3a8fd327,3f038e7c-21a5-f011-bbd3-7c1e527cd923,40a9de76-9289-f011-b4cc-7c1e527cd923
4420e8fe-21a5-f011-bbd3-002248271486,1,Primarily vendor management,,,,Low Impact,1,0,,,20755411,04d25798-3a42-ee11-bdf5-000d3a8fd327,3f038e7c-21a5-f011-bbd3-7c1e527cd923,a633db83-9289-f011-b4cc-7c1e527d2157
a7fd6501-22a5-f011-bbd3-7c1e527cd923,1,Primarily vendor management,,,,Low Impact,1,0,,,20755409,04d25798-3a42-ee11-bdf5-000d3a8fd327,3f038e7c-21a5-f011-bbd3-7c1e527cd923,cba1c26b-9289-f011-b4cc-7c1e527d2157
89fd6501-22a5-f011-bbd3-7c1e527cd923,0,no benefit expected,,,,No Impact,1,0,,,20755402,04d25798-3a42-ee11-bdf5-000d3a8fd327,3f038e7c-21a5-f011-bbd3-7c1e527cd923,31d4e7e3-9189-f011-b4cc-7c1e527d2157
3b20e8fe-21a5-f011-bbd3-002248271486,0,no benefit expected,,,,No Impact,1,0,,,20755400,04d25798-3a42-ee11-bdf5-000d3a8fd327,3f038e7c-21a5-f011-bbd3-7c1e527cd923,c91de0e9-9189-f011-b4cc-7c1e527d2157
2320e8fe-21a5-f011-bbd3-002248271486,0,no benefit expected,,,,No Impact,1,0,,,20755398,04d25798-3a42-ee11-bdf5-000d3a8fd327,3f038e7c-21a5-f011-bbd3-7c1e527cd923,09e36ed6-9189-f011-b4cc-002248271486
39fb5400-22a5-f011-bbd2-7c1e527d2157,1,Supports AIMP program and overall maintenance compliance.,,,,Low Impact,1,0,,,20755397,04d25798-3a42-ee11-bdf5-000d3a8fd327,3f038e7c-21a5-f011-bbd3-7c1e527cd923,124ef45c-9289-f011-b4cc-002248271486
3c20e8fe-21a5-f011-bbd3-002248271486,5,There is a compliance risk to leaving the cold storage wall in the existing condition. An observation for lack of maintenance during an agency audit is the concern due to the deteriorating walls.,,,,Moderate Impact,1,0,,,20755388,04d25798-3a42-ee11-bdf5-000d3a8fd327,3f038e7c-21a5-f011-bbd3-7c1e527cd923,23511df6-9189-f011-b4cc-7c1e527d2157
a0fd6501-22a5-f011-bbd3-7c1e527cd923,0,No impact on production yield,,,,No Impact,1,0,,,20755332,04d25798-3a42-ee11-bdf5-000d3a8fd327,3f038e7c-21a5-f011-bbd3-7c1e527cd923,c29afc0a-9289-f011-b4cc-7c1e527d2157
2720e8fe-21a5-f011-bbd3-002248271486,0,No benefit expected; supports a different project to add a dehumidifier to this unit.,,,,No Impact,1,0,,,20755330,04d25798-3a42-ee11-bdf5-000d3a8fd327,3f038e7c-21a5-f011-bbd3-7c1e527cd923,6e1c0e50-9289-f011-b4cc-002248271486
47fb5400-22a5-f011-bbd2-7c1e527d2157,0,No benefit expected,,,,No Impact,1,0,,,20755328,04d25798-3a42-ee11-bdf5-000d3a8fd327,3f038e7c-21a5-f011-bbd3-7c1e527cd923,740adf46-9289-f011-b4cc-7c1e527cd923
7bfd6501-22a5-f011-bbd3-7c1e527cd923,0,This project does not address an EHS Risk Register Item.,,,,No Impact,1,0,,,20755326,04d25798-3a42-ee11-bdf5-000d3a8fd327,3f038e7c-21a5-f011-bbd3-7c1e527cd923,fc7f63d0-9189-f011-b4cc-002248271486
4520e8fe-21a5-f011-bbd3-002248271486,1,23k quote received,,,,Low Impact,1,0,,,20755324,04d25798-3a42-ee11-bdf5-000d3a8fd327,3f038e7c-21a5-f011-bbd3-7c1e527cd923,300edd89-9289-f011-b4cc-7c1e527d2157
3ffb5400-22a5-f011-bbd2-7c1e527d2157,1,Pitting does not impact current performance but can reduce life,,,,Low Impact,1,0,,,20755322,04d25798-3a42-ee11-bdf5-000d3a8fd327,3f038e7c-21a5-f011-bbd3-7c1e527cd923,3182c040-9289-f011-b4cc-7c1e527cd923
fe5fc254-3ba5-f011-bbd2-7c1e527d2157,1,Discussions with automation management have deemed the project feasbile with minimal complexity.,,,,Low Impact,1,0,,,20754929,04d25798-3a42-ee11-bdf5-000d3a8fd327,87add845-3ba5-f011-bbd3-002248271486,cba1c26b-9289-f011-b4cc-7c1e527d2157
eafb1058-3ba5-f011-bbd3-002248271486,0,No water impacts associated with this project.,,,,No Impact,1,0,,,20754927,04d25798-3a42-ee11-bdf5-000d3a8fd327,87add845-3ba5-f011-bbd3-002248271486,c91de0e9-9189-f011-b4cc-7c1e527d2157
e7fb1058-3ba5-f011-bbd3-002248271486,0,No waste impacts due to this project.,,,,No Impact,1,0,,,20754925,04d25798-3a42-ee11-bdf5-000d3a8fd327,87add845-3ba5-f011-bbd3-002248271486,31d4e7e3-9189-f011-b4cc-7c1e527d2157
f2c5e851-3ba5-f011-bbd3-002248271486,0,Project would have no reduction or impact on carbon reduction efforts.,,,,No Impact,1,0,,,20754923,04d25798-3a42-ee11-bdf5-000d3a8fd327,87add845-3ba5-f011-bbd3-002248271486,09e36ed6-9189-f011-b4cc-002248271486
afe13956-3ba5-f011-bbd3-6045bddb6d09,5,Project will reduce deviations and improves quality & compliance by eliminating cold storage high temperature deviations. Project is in line with company objective to achieve 50% predictive maintenance through the APMS system,,,,Moderate Impact,1,0,,,20754921,04d25798-3a42-ee11-bdf5-000d3a8fd327,87add845-3ba5-f011-bbd3-002248271486,124ef45c-9289-f011-b4cc-002248271486
26de3957-3ba5-f011-bbd3-7c1e527cd923,1,This project will reduce or eliminate the number of walk-in cold room deviations through machine learning/APMS.,,,,Low Impact,1,0,,,20754919,04d25798-3a42-ee11-bdf5-000d3a8fd327,87add845-3ba5-f011-bbd3-002248271486,23511df6-9189-f011-b4cc-7c1e527d2157
f4fb1058-3ba5-f011-bbd3-002248271486,5,"Cross-functional team required to move PLC data into SAIL/APMS. Automation, Reliability Engineering, VAL, capital projects, etc.",,,,Moderate Impact,1,0,,,20754917,04d25798-3a42-ee11-bdf5-000d3a8fd327,87add845-3ba5-f011-bbd3-002248271486,a633db83-9289-f011-b4cc-7c1e527d2157
e4fb1058-3ba5-f011-bbd3-002248271486,1,Project would be scheduled around production where cold storage material may need to be temporarily relocated to another unit. No facility shutdown required.,,,,Low Impact,1,0,,,20754915,04d25798-3a42-ee11-bdf5-000d3a8fd327,87add845-3ba5-f011-bbd3-002248271486,40a9de76-9289-f011-b4cc-7c1e527cd923
35de3957-3ba5-f011-bbd3-7c1e527cd923,10,"Project will increase the reliability of the 400SW walk-in cold rooms by decreasing the risk to product stored within the units. The APMS system is capable of detecting failure ahead of quality alarm, therefore, reducing or eliminating deviations associated with high temperature alarms and protecting product quality. Major failures which are not responded to timely (off hours / weekends as an example) could result in a loss of the entirety of the contents within the cold room.",,,,High Impact,1,0,,,20754913,04d25798-3a42-ee11-bdf5-000d3a8fd327,87add845-3ba5-f011-bbd3-002248271486,c29afc0a-9289-f011-b4cc-7c1e527d2157
095fc254-3ba5-f011-bbd2-7c1e527d2157,0,"Project does not directly increase output or yield, however, the project protects product through increasing the reliability and detectability of failure through 24/7 monitoring and machine learning. The failure should be detected ahead of high temperature events within the 400SW cold storage walk-ins",,,,No Impact,1,0,,,20754911,04d25798-3a42-ee11-bdf5-000d3a8fd327,87add845-3ba5-f011-bbd3-002248271486,6e1c0e50-9289-f011-b4cc-002248271486
bbe13956-3ba5-f011-bbd3-6045bddb6d09,1,"This project will eliminate walk-in cold room deviations for high temperature alarms. The APMS system should predict failure ahead of time using machine data and therefore eliminate high temperature events, deviations, product impact and off hours triage by the FAC and Supply Chain teams.",,,,Low Impact,1,0,,,20754909,04d25798-3a42-ee11-bdf5-000d3a8fd327,87add845-3ba5-f011-bbd3-002248271486,740adf46-9289-f011-b4cc-7c1e527cd923
ebc5e851-3ba5-f011-bbd3-002248271486,0,N/A,,,,No Impact,1,0,,,20754907,04d25798-3a42-ee11-bdf5-000d3a8fd327,87add845-3ba5-f011-bbd3-002248271486,fc7f63d0-9189-f011-b4cc-002248271486
55de3957-3ba5-f011-bbd3-7c1e527cd923,5,Discussions with Automation management estimate 250k-500k dollars.,,,,Moderate Impact,1,0,,,20754905,04d25798-3a42-ee11-bdf5-000d3a8fd327,87add845-3ba5-f011-bbd3-002248271486,300edd89-9289-f011-b4cc-7c1e527d2157
b6e13956-3ba5-f011-bbd3-6045bddb6d09,5,Project is part of the predictive maintenance roadmap utilizting the Asset Performance Management System (APMS) which is a Takeda big rock / major initiative. Providing the local PLC data to SAIL/APMS will predict cold room failure and prevent deviations and potential product loss due to high temperature events.,,,,Moderate Impact,1,0,,,20754903,04d25798-3a42-ee11-bdf5-000d3a8fd327,87add845-3ba5-f011-bbd3-002248271486,3182c040-9289-f011-b4cc-7c1e527cd923
8af661b4-af9f-f011-b41c-7c1e527cd923,5,Like in kind replacement required due to obsolete refrigerant. expecting medium complexity,,,,Moderate Impact,1,0,,,20725510,04d25798-3a42-ee11-bdf5-000d3a8fd327,e6d049e2-ae9f-f011-b41b-7c1e527d2157,cba1c26b-9289-f011-b4cc-7c1e527d2157
68bc9fb4-af9f-f011-b41b-7c1e527d2157,0,No benefit expected.,,,,No Impact,1,0,,,20725497,04d25798-3a42-ee11-bdf5-000d3a8fd327,e6d049e2-ae9f-f011-b41b-7c1e527d2157,31d4e7e3-9189-f011-b4cc-7c1e527d2157
805e35b2-af9f-f011-bbd2-00224833ae3d,0,No benefit expected,,,,No Impact,1,0,,,20725494,04d25798-3a42-ee11-bdf5-000d3a8fd327,e6d049e2-ae9f-f011-b41b-7c1e527d2157,c91de0e9-9189-f011-b4cc-7c1e527d2157
595e35b2-af9f-f011-bbd2-00224833ae3d,1,No significant benefit expected. New technology is expected to be more energy effecient,,,,Low Impact,1,0,,,20725492,04d25798-3a42-ee11-bdf5-000d3a8fd327,e6d049e2-ae9f-f011-b41b-7c1e527d2157,09e36ed6-9189-f011-b4cc-002248271486
071173ae-af9f-f011-b41b-7c1e527d2157,1,Supports AIMP program,,,,Low Impact,1,0,,,20725490,04d25798-3a42-ee11-bdf5-000d3a8fd327,e6d049e2-ae9f-f011-b41b-7c1e527d2157,124ef45c-9289-f011-b4cc-002248271486
95a393b3-af9f-f011-b41b-7c1e52ff7eb9,0,No Quality risk concerns,,,,No Impact,1,0,,,20725488,04d25798-3a42-ee11-bdf5-000d3a8fd327,e6d049e2-ae9f-f011-b41b-7c1e527d2157,23511df6-9189-f011-b4cc-7c1e527d2157
8c5e35b2-af9f-f011-bbd2-00224833ae3d,5,"Minimal SOP updates, uninstall, install, mapping likely required",,,,Moderate Impact,1,0,,,20725486,04d25798-3a42-ee11-bdf5-000d3a8fd327,e6d049e2-ae9f-f011-b41b-7c1e527d2157,a633db83-9289-f011-b4cc-7c1e527d2157
e010203f-85ab-f011-bbd3-7c1e527d2157,5,We are familiar with the system but have limited experience in upgrading infrastructure.,,,,Moderate Impact,1,0,,,20708191,04d25798-3a42-ee11-bdf5-000d3a8fd327,cbeac53a-85ab-f011-bbd3-002248276c98,cba1c26b-9289-f011-b4cc-7c1e527d2157
b1072842-85ab-f011-bbd3-002248271486,1,Estimate of work performed with SMEs,,,,Low Impact,1,0,,,20708187,04d25798-3a42-ee11-bdf5-000d3a8fd327,cbeac53a-85ab-f011-bbd3-002248276c98,a633db83-9289-f011-b4cc-7c1e527d2157
af072842-85ab-f011-bbd3-002248271486,1,"We should be able to implement new infrastructure in parallel and cut over to the new system during a small window, operations can continue as access to the Delta V can be done via other stations",,,,Low Impact,1,0,,,20708172,04d25798-3a42-ee11-bdf5-000d3a8fd327,cbeac53a-85ab-f011-bbd3-002248276c98,40a9de76-9289-f011-b4cc-7c1e527cd923
e410203f-85ab-f011-bbd3-7c1e527d2157,1,budgetary quote and estimate of internal resource capacity,,,,Low Impact,1,0,,,20708170,04d25798-3a42-ee11-bdf5-000d3a8fd327,cbeac53a-85ab-f011-bbd3-002248276c98,300edd89-9289-f011-b4cc-7c1e527d2157
643ead42-85ab-f011-bbd2-000d3a8f6e7d,1,budgetary quote from vendor,,,,Low Impact,1,0,,,20708168,04d25798-3a42-ee11-bdf5-000d3a8fd327,cbeac53a-85ab-f011-bbd3-002248276c98,300edd89-9289-f011-b4cc-7c1e527d2157
10fbdd42-85ab-f011-bbd3-7c1e527cd923,0,,,,,No Impact,1,0,,,20708162,04d25798-3a42-ee11-bdf5-000d3a8fd327,cbeac53a-85ab-f011-bbd3-002248276c98,c29afc0a-9289-f011-b4cc-7c1e527d2157
623ead42-85ab-f011-bbd2-000d3a8f6e7d,0,,,,,No Impact,1,0,,,20708161,04d25798-3a42-ee11-bdf5-000d3a8fd327,cbeac53a-85ab-f011-bbd3-002248276c98,23511df6-9189-f011-b4cc-7c1e527d2157
b0072842-85ab-f011-bbd3-002248271486,0,,,,,No Impact,1,0,,,20708160,04d25798-3a42-ee11-bdf5-000d3a8fd327,cbeac53a-85ab-f011-bbd3-002248276c98,c91de0e9-9189-f011-b4cc-7c1e527d2157
ad51d73c-85ab-f011-bbd3-7c1e527cd923,0,,,,,No Impact,1,0,,,20708159,04d25798-3a42-ee11-bdf5-000d3a8fd327,cbeac53a-85ab-f011-bbd3-002248276c98,31d4e7e3-9189-f011-b4cc-7c1e527d2157
485bab3c-85ab-f011-bbd2-000d3a8f6e7d,0,,,,,No Impact,1,0,,,20708156,04d25798-3a42-ee11-bdf5-000d3a8fd327,cbeac53a-85ab-f011-bbd3-002248276c98,740adf46-9289-f011-b4cc-7c1e527cd923
fb3a7d40-85ab-f011-bbd2-000d3a5361f4,0,,,,,No Impact,1,0,,,20708154,04d25798-3a42-ee11-bdf5-000d3a8fd327,cbeac53a-85ab-f011-bbd3-002248276c98,3182c040-9289-f011-b4cc-7c1e527cd923
475bab3c-85ab-f011-bbd2-000d3a8f6e7d,0,,,,,No Impact,1,0,,,20708153,04d25798-3a42-ee11-bdf5-000d3a8fd327,cbeac53a-85ab-f011-bbd3-002248276c98,124ef45c-9289-f011-b4cc-002248271486
84f45f40-85ab-f011-bbd3-6045bddb6d09,0,,,,,No Impact,1,0,,,20708151,04d25798-3a42-ee11-bdf5-000d3a8fd327,cbeac53a-85ab-f011-bbd3-002248276c98,6e1c0e50-9289-f011-b4cc-002248271486
a951d73c-85ab-f011-bbd3-7c1e527cd923,0,,,,,No Impact,1,0,,,20708149,04d25798-3a42-ee11-bdf5-000d3a8fd327,cbeac53a-85ab-f011-bbd3-002248276c98,09e36ed6-9189-f011-b4cc-002248271486
455bab3c-85ab-f011-bbd2-000d3a8f6e7d,0,,,,,No Impact,1,0,,,20708147,04d25798-3a42-ee11-bdf5-000d3a8fd327,cbeac53a-85ab-f011-bbd3-002248276c98,fc7f63d0-9189-f011-b4cc-002248271486
3866e292-7fab-f011-bbd3-002248276c98,1,"We have installed several of these controlers previously in the system, we know the process for installation and commissioning and qualification.",,,,Low Impact,1,0,,,20708121,04d25798-3a42-ee11-bdf5-000d3a8fd327,b9aab387-7fab-f011-bbd3-7c1e527cd923,cba1c26b-9289-f011-b4cc-7c1e527d2157
3978db90-7fab-f011-bbd3-002248271486,1,"we are currenlty using this type of controller in other parts of the system so qualification has been done previously, while each new unit will require qualification, the protocols have been developed previously",,,,Low Impact,1,0,,,20708118,04d25798-3a42-ee11-bdf5-000d3a8fd327,b9aab387-7fab-f011-bbd3-7c1e527cd923,a633db83-9289-f011-b4cc-7c1e527d2157
8f68238f-7fab-f011-bbd2-000d3a5361f4,5,A window of time (8 - 24 hrs) when the equipment controlled by these controllers is not in operation is required to upgrade the controllers. this can be staged not all seven need to be installed at once so a potential rolling slowdown could be had.  A review of schedule at the time may present windows that are already present in the schedule.,,,,Moderate Impact,1,0,,,20708117,04d25798-3a42-ee11-bdf5-000d3a8fd327,b9aab387-7fab-f011-bbd3-7c1e527cd923,40a9de76-9289-f011-b4cc-7c1e527cd923
e66ac092-7fab-f011-bbd3-6045bddb6d09,1,Budgetary quote from vendor provides basis of budget,,,,Low Impact,1,0,,,20707944,04d25798-3a42-ee11-bdf5-000d3a8fd327,b9aab387-7fab-f011-bbd3-7c1e527cd923,300edd89-9289-f011-b4cc-7c1e527d2157
9268238f-7fab-f011-bbd2-000d3a5361f4,0,,,,,No Impact,1,0,,,20707940,04d25798-3a42-ee11-bdf5-000d3a8fd327,b9aab387-7fab-f011-bbd3-7c1e527cd923,c29afc0a-9289-f011-b4cc-7c1e527d2157
6e87ee93-7fab-f011-bbd3-7c1e527cd923,0,,,,,No Impact,1,0,,,20707938,04d25798-3a42-ee11-bdf5-000d3a8fd327,b9aab387-7fab-f011-bbd3-7c1e527cd923,23511df6-9189-f011-b4cc-7c1e527d2157
3778db90-7fab-f011-bbd3-002248271486,0,,,,,No Impact,1,0,,,20707937,04d25798-3a42-ee11-bdf5-000d3a8fd327,b9aab387-7fab-f011-bbd3-7c1e527cd923,c91de0e9-9189-f011-b4cc-7c1e527d2157
3366e292-7fab-f011-bbd3-002248276c98,0,,,,,No Impact,1,0,,,20707936,04d25798-3a42-ee11-bdf5-000d3a8fd327,b9aab387-7fab-f011-bbd3-7c1e527cd923,31d4e7e3-9189-f011-b4cc-7c1e527d2157
3266e292-7fab-f011-bbd3-002248276c98,0,,,,,No Impact,1,0,,,20707934,04d25798-3a42-ee11-bdf5-000d3a8fd327,b9aab387-7fab-f011-bbd3-7c1e527cd923,740adf46-9289-f011-b4cc-7c1e527cd923
bcfe0e94-7fab-f011-bbd3-7c1e527d2157,0,,,,,No Impact,1,0,,,20707933,04d25798-3a42-ee11-bdf5-000d3a8fd327,b9aab387-7fab-f011-bbd3-7c1e527cd923,3182c040-9289-f011-b4cc-7c1e527cd923
8568238f-7fab-f011-bbd2-000d3a5361f4,0,,,,,No Impact,1,0,,,20707931,04d25798-3a42-ee11-bdf5-000d3a8fd327,b9aab387-7fab-f011-bbd3-7c1e527cd923,124ef45c-9289-f011-b4cc-002248271486
bbfe0e94-7fab-f011-bbd3-7c1e527d2157,0,,,,,No Impact,1,0,,,20707929,04d25798-3a42-ee11-bdf5-000d3a8fd327,b9aab387-7fab-f011-bbd3-7c1e527cd923,6e1c0e50-9289-f011-b4cc-002248271486
3166e292-7fab-f011-bbd3-002248276c98,0,,,,,No Impact,1,0,,,20707927,04d25798-3a42-ee11-bdf5-000d3a8fd327,b9aab387-7fab-f011-bbd3-7c1e527cd923,09e36ed6-9189-f011-b4cc-002248271486
3378db90-7fab-f011-bbd3-002248271486,0,,,,,No Impact,1,0,,,20707925,04d25798-3a42-ee11-bdf5-000d3a8fd327,b9aab387-7fab-f011-bbd3-7c1e527cd923,fc7f63d0-9189-f011-b4cc-002248271486
8d09e6e5-79ab-f011-bbd2-000d3a5361f4,1,Material Replacement,,,,Low Impact,1,0,,,20707831,04d25798-3a42-ee11-bdf5-000d3a8fd327,cbb9b5da-79ab-f011-bbd3-6045bddb6d09,cba1c26b-9289-f011-b4cc-7c1e527d2157
7ec205e4-79ab-f011-bbd3-002248276c98,0,,,,,No Impact,1,0,,,20707819,04d25798-3a42-ee11-bdf5-000d3a8fd327,cbb9b5da-79ab-f011-bbd3-6045bddb6d09,c29afc0a-9289-f011-b4cc-7c1e527d2157
ba45dee6-79ab-f011-bbd3-7c1e527d2157,0,,,,,No Impact,1,0,,,20707818,04d25798-3a42-ee11-bdf5-000d3a8fd327,cbb9b5da-79ab-f011-bbd3-6045bddb6d09,23511df6-9189-f011-b4cc-7c1e527d2157
18d26ae6-79ab-f011-bbd2-000d3a8f6e7d,0,,,,,No Impact,1,0,,,20707817,04d25798-3a42-ee11-bdf5-000d3a8fd327,cbb9b5da-79ab-f011-bbd3-6045bddb6d09,c91de0e9-9189-f011-b4cc-7c1e527d2157
8609e6e5-79ab-f011-bbd2-000d3a5361f4,0,,,,,No Impact,1,0,,,20707815,04d25798-3a42-ee11-bdf5-000d3a8fd327,cbb9b5da-79ab-f011-bbd3-6045bddb6d09,31d4e7e3-9189-f011-b4cc-7c1e527d2157
df80fbe7-79ab-f011-bbd3-6045bddb6d09,0,,,,,No Impact,1,0,,,20707811,04d25798-3a42-ee11-bdf5-000d3a8fd327,cbb9b5da-79ab-f011-bbd3-6045bddb6d09,3182c040-9289-f011-b4cc-7c1e527cd923
74c205e4-79ab-f011-bbd3-002248276c98,0,,,,,No Impact,1,0,,,20707808,04d25798-3a42-ee11-bdf5-000d3a8fd327,cbb9b5da-79ab-f011-bbd3-6045bddb6d09,6e1c0e50-9289-f011-b4cc-002248271486
b845dee6-79ab-f011-bbd3-7c1e527d2157,0,,,,,No Impact,1,0,,,20707806,04d25798-3a42-ee11-bdf5-000d3a8fd327,cbb9b5da-79ab-f011-bbd3-6045bddb6d09,09e36ed6-9189-f011-b4cc-002248271486
0fd26ae6-79ab-f011-bbd2-000d3a8f6e7d,0,,,,,No Impact,1,0,,,20707805,04d25798-3a42-ee11-bdf5-000d3a8fd327,cbb9b5da-79ab-f011-bbd3-6045bddb6d09,fc7f63d0-9189-f011-b4cc-002248271486
49d4d1d7-78a5-f011-bbd2-7c1e527d2157,5,"The legacy instrument coming online in January 2026 is over a decade old, and unsuited for modern, high-sensitivity or orthogonal assay development. The new instrument is required in addition to current assets for true enablement of advanced analytical and PAT-driven initiatives.",,,,Moderate Impact,1,0,,,20707474,04d25798-3a42-ee11-bdf5-000d3a8fd327,893307c7-78a5-f011-bbd3-7c1e527cd923,23511df6-9189-f011-b4cc-7c1e527d2157
277e63d3-78a5-f011-bbd3-7c1e527cd923,1,"•	Provide rapid, robust, near-real-time impurity and intact mass analysis to support PAT, process optimization, and troubleshooting.
•	Eliminate or drastically reduce costly, slow outsourcing for critical assays.
•	Accelerate method development, troubleshooting, and process improvement cycles, benefiting both commercial supply and investigational timelines.",,,,Low Impact,1,0,,,20707472,04d25798-3a42-ee11-bdf5-000d3a8fd327,893307c7-78a5-f011-bbd3-7c1e527cd923,31d4e7e3-9189-f011-b4cc-7c1e527d2157
1eda5bd9-78a5-f011-bbd3-7c1e527cd923,1,"•	Provide rapid, robust, near-real-time impurity and intact mass analysis to support PAT, process optimization, and troubleshooting.
•	Eliminate or drastically reduce costly, slow outsourcing for critical assays.
•	Accelerate method development, troubleshooting, and process improvement cycles, benefiting both commercial supply and investigational timelines.",,,,Low Impact,1,0,,,20707466,04d25798-3a42-ee11-bdf5-000d3a8fd327,893307c7-78a5-f011-bbd3-7c1e527cd923,c91de0e9-9189-f011-b4cc-7c1e527d2157
dc289ed8-78a5-f011-bbd3-002248271486,1,"•	Provide rapid, robust, near-real-time impurity and intact mass analysis to support PAT, process optimization, and troubleshooting.
•	Eliminate or drastically reduce costly, slow outsourcing for critical assays.
•	Accelerate method development, troubleshooting, and process improvement cycles, benefiting both commercial supply and investigational timelines.",,,,Low Impact,1,0,,,20707462,04d25798-3a42-ee11-bdf5-000d3a8fd327,893307c7-78a5-f011-bbd3-7c1e527cd923,09e36ed6-9189-f011-b4cc-002248271486
e9289ed8-78a5-f011-bbd3-002248271486,10,"With the addition of a modern, high-sensitivity LC-MS system, our team will:
•	Provide rapid, robust, near-real-time impurity and intact mass analysis to support PAT, process optimization, and troubleshooting.
•	Eliminate or drastically reduce costly, slow outsourcing for critical assays.
•	Accelerate method development, troubleshooting, and process improvement cycles, benefiting both commercial supply and investigational timelines.
•	Develop and implement an in-house residual HCP mass spectrometry assay, providing an orthogonal, high-sensitivity alternative to ELISA, crucial in the face of reagent shortages.
•	Train and upskill staff on industry-standard and regulatory-forward technologies.",,,,High Impact,1,0,,,20707460,04d25798-3a42-ee11-bdf5-000d3a8fd327,893307c7-78a5-f011-bbd3-7c1e527cd923,124ef45c-9289-f011-b4cc-002248271486
257e63d3-78a5-f011-bbd3-7c1e527cd923,1,"With the addition of a modern, high-sensitivity LC-MS system, our team will:
•	Develop and implement an in-house residual HCP mass spectrometry assay, providing an orthogonal, high-sensitivity alternative to ELISA, crucial in the face of reagent shortages.
•	Provide rapid, robust, near-real-time impurity and intact mass analysis to support PAT, process optimization, and troubleshooting.
•	Eliminate or drastically reduce costly, slow outsourcing for critical assays.
•	Accelerate method development, troubleshooting, and process improvement cycles, benefiting both commercial supply and investigational timelines.
•	Train and upskill staff on industry-standard and regulatory-forward technologies.",,,,Low Impact,1,0,,,20707458,04d25798-3a42-ee11-bdf5-000d3a8fd327,893307c7-78a5-f011-bbd3-7c1e527cd923,6e1c0e50-9289-f011-b4cc-002248271486
3ed4d1d7-78a5-f011-bbd2-7c1e527d2157,10,"•	High Outsourcing Costs: Recent outsourcing of four peptide mapping samples to support a single investigation cost over 37,000 dollars, with a 3–4 week turnaround time. 
•	Risk from Reagent Shortage: When ELISA reagents are low, lack of an orthogonal MS-based HCP assay limits our ability to support process and product investigations.
•	Limited Analytical Flexibility: Current legacy equipment cannot meet PAT requirements for rapid, sensitive intact mass and impurity monitoring, or support orthogonal assays.
•	Limited Capacity: Even with the additional legacy instrument, current and future workloads cannot be met efficiently.
•	Professional Growth: Modern technology is needed for team development and retention.",,,,High Impact,1,0,,,20707456,04d25798-3a42-ee11-bdf5-000d3a8fd327,893307c7-78a5-f011-bbd3-7c1e527cd923,740adf46-9289-f011-b4cc-7c1e527cd923
53d4d1d7-78a5-f011-bbd2-7c1e527d2157,5,"•	Outsourcing Savings: Recent experience shows that outsourcing peptide mapping work costs over 37,000 dollars for only four samples, with turnaround times of 3–4 weeks. At current project and investigation volumes, internalizing these analyses pays back the cost of the new system within a few large investigations.
•	Assay Development: With a new LC-MS, the lab can develop a residual HCP assay (orthogonal to ELISA) in-house. This mitigates risk and controls cost by reducing dependency on expensive, sometimes scarce, ELISA reagents, and allows uninterrupted support for ongoing and urgent investigations.
•	Operational Resilience: Enhanced in-house capability means reduced risk of production and release delays due to slow external labs or reagent shortages.
Impact Rationale:
•	Turnaround Time: Internal LC-MS analysis decreases turnaround from weeks to days, accelerating problem-solving, troubleshooting, and release timelines.
•	Agility in Investigations: Capability to rapidly respond to investigations, including low-level impurity events, minimizes potential regulatory actions, quality deviations, and batch investigations.
•	Regulatory Compliance: Direct, MS-based characterization of impurities and CQAs meets or exceeds evolving regulatory agency expectations for robust, orthogonal analytical controls.
•	Process Analytical Technology (PAT): Adoption of MS within PAT enables near-real-time monitoring of product attributes, supporting advanced manufacturing initiatives.
•	Professional Development and Retention: State-of-the-art instrumentation helps attract, develop, and retain scientific talent while building organizational expertise for future growth.",,,,Moderate Impact,1,0,,,20707454,04d25798-3a42-ee11-bdf5-000d3a8fd327,893307c7-78a5-f011-bbd3-7c1e527cd923,300edd89-9289-f011-b4cc-7c1e527d2157
ee289ed8-78a5-f011-bbd3-002248271486,1,"The lab is setting up an older, used mass spectrometer retired from San Diego, anticipated to be operational in January 2026. This instrument, with its low sensitivity and dated technology, provides only partial support and does not address the need for high-resolution, high mass accuracy analyses. Presently, detection of low-level impurities and development of new high-sensitivity assays (like residual HCP) is not possible. When ELISA reagents are low, investigations and process development are delayed and lack of process quality support.",,,,Low Impact,1,0,,,20707448,04d25798-3a42-ee11-bdf5-000d3a8fd327,893307c7-78a5-f011-bbd3-7c1e527cd923,3182c040-9289-f011-b4cc-7c1e527cd923
cf9fe02b-6da0-f011-b41c-002248271486,1,"The current state relies on outsourcing mycoplasma testing, which introduces delays of several weeks, impacting timely investigational support. This approach presents an indirect impact on manufacturing operations, as delayed results can prolong investigations and pose financial and operational risks.",,,,Low Impact,1,0,,,20707413,04d25798-3a42-ee11-bdf5-000d3a8fd327,8f7a651f-6da0-f011-b41c-002248271486,cba1c26b-9289-f011-b4cc-7c1e527d2157
10534f2c-6da0-f011-b41c-7c1e527cd923,0,"the instrument will provide preliminary, faster data to aid timely decision-making, reducing potential risks and financial losses during manufacturing investigations.",,,,No Impact,1,0,,,20707395,04d25798-3a42-ee11-bdf5-000d3a8fd327,8f7a651f-6da0-f011-b41c-002248271486,31d4e7e3-9189-f011-b4cc-7c1e527d2157
20d05c2b-6da0-f011-b41c-6045bddb6d09,1,"the instrument will provide preliminary, faster data to aid timely decision-making, reducing potential risks and financial losses during manufacturing investigations.",,,,Low Impact,1,0,,,20707383,04d25798-3a42-ee11-bdf5-000d3a8fd327,8f7a651f-6da0-f011-b41c-002248271486,c91de0e9-9189-f011-b4cc-7c1e527d2157
cb9fe02b-6da0-f011-b41c-002248271486,1,"the instrument will provide preliminary, faster data to aid timely decision-making, reducing potential risks and financial losses during manufacturing investigations.",,,,Low Impact,1,0,,,20707373,04d25798-3a42-ee11-bdf5-000d3a8fd327,8f7a651f-6da0-f011-b41c-002248271486,09e36ed6-9189-f011-b4cc-002248271486
a2fcfb29-6da0-f011-b41b-7c1e527d2157,5,"The instrument will provide preliminary, faster data to aid timely decision-making, reducing potential risks and financial losses during manufacturing investigations.",save time and efforts for contamination related investigations by providing preliminary results,,,Moderate Impact,1,0,,,20707325,04d25798-3a42-ee11-bdf5-000d3a8fd327,8f7a651f-6da0-f011-b41c-002248271486,124ef45c-9289-f011-b4cc-002248271486
13534f2c-6da0-f011-b41c-7c1e527cd923,10,"Currently there is no rapid mycoplasma instrument in the MBO QC lab or Manufacturing Sciences lab. Mycoplasma testing will have to be outsourced, which takes weeks for data turnaround, delays in addressing crucial manufacturing investigations. The proposal suggests the procurement of a Biofire Mycoplasma instrument to enable rapid in-house testing for investigational support within the Manufacturing Sciences Lab.",,,,High Impact,1,0,,,20707280,04d25798-3a42-ee11-bdf5-000d3a8fd327,8f7a651f-6da0-f011-b41c-002248271486,23511df6-9189-f011-b4cc-7c1e527d2157
a4fcfb29-6da0-f011-b41b-7c1e527d2157,1,This is a functional project,,,,Low Impact,1,0,,,20707263,04d25798-3a42-ee11-bdf5-000d3a8fd327,8f7a651f-6da0-f011-b41c-002248271486,a633db83-9289-f011-b4cc-7c1e527d2157
cc9fe02b-6da0-f011-b41c-002248271486,1,"Implementing the Biofire Mycoplasma instrument will enable faster investigational testing, providing preliminary results within hours, reducing delays, and improving manufacturing agility.",,,,Low Impact,1,0,,,20707261,04d25798-3a42-ee11-bdf5-000d3a8fd327,8f7a651f-6da0-f011-b41c-002248271486,40a9de76-9289-f011-b4cc-7c1e527cd923
18534f2c-6da0-f011-b41c-7c1e527cd923,5,"Currently there is no rapid mycoplasma instrument in the MBO QC lab or Manufacturing Sciences lab. Mycoplasma testing will have to be outsourced, which takes weeks for data turnaround, delays in addressing crucial manufacturing investigations. The proposal suggests the procurement of a Biofire Mycoplasma instrument to enable rapid in-house testing for investigational support within the Manufacturing Sciences Lab.",,,,Moderate Impact,1,0,,,20707243,04d25798-3a42-ee11-bdf5-000d3a8fd327,8f7a651f-6da0-f011-b41c-002248271486,c29afc0a-9289-f011-b4cc-7c1e527d2157
b7035726-6da0-f011-b41c-7c1e527cd923,1,"The instrument will provide preliminary, faster data to aid timely decision-making, reducing potential risks and financial losses during manufacturing investigations related to contamination.",,,,Low Impact,1,0,,,20707233,04d25798-3a42-ee11-bdf5-000d3a8fd327,8f7a651f-6da0-f011-b41c-002248271486,6e1c0e50-9289-f011-b4cc-002248271486
a7fcfb29-6da0-f011-b41b-7c1e527d2157,1,"Biofire (in house)​

Assay Turnaround time​

<1 hour​

Instrument cost with one-year warranty​

$111,234.58 ​

Post-warranty Service Contract (one year)​

$13,104.00 ​",,,,Low Impact,1,0,,,20707096,04d25798-3a42-ee11-bdf5-000d3a8fd327,8f7a651f-6da0-f011-b41c-002248271486,300edd89-9289-f011-b4cc-7c1e527d2157
ba035726-6da0-f011-b41c-7c1e527cd923,10,"Currently there is no rapid mycoplasma instrument in the MBO QC lab or Manufacturing Sciences lab. Mycoplasma testing will have to be outsourced, which takes weeks for data turnaround, delays in addressing crucial manufacturing investigations. The proposal suggests the procurement of a Biofire Mycoplasma instrument to enable rapid in-house testing for investigational support within the Manufacturing Sciences Lab.",,,,High Impact,1,0,,,20707094,04d25798-3a42-ee11-bdf5-000d3a8fd327,8f7a651f-6da0-f011-b41c-002248271486,3182c040-9289-f011-b4cc-7c1e527cd923
30eb8421-179b-f011-b4cc-002248271486,1,We have UPLC instrument in the MS analytical lab. This project is to acquire an additional instrument to support increased workload form new projects.,,,,Low Impact,1,0,,,20707084,04d25798-3a42-ee11-bdf5-000d3a8fd327,09410908-179b-f011-b4cc-6045bddb6d09,cba1c26b-9289-f011-b4cc-7c1e527d2157
f69d5f1f-179b-f011-b4cc-7c1e527cd923,1,"With the dedicated Acquity UPLC, the MS Analytical Team will eliminate dependency on PharmSci UPLCs for salt-based methods. The current UPLC instruments are old, raising the risk of instrument failure and extended downtime due to aging hardware. With implementation of a new UPLC instrument, the team will maintain high-quality, reproducible analytical results and meet program timelines for tech transfer and process development.",,,,Low Impact,1,0,,,20707082,04d25798-3a42-ee11-bdf5-000d3a8fd327,09410908-179b-f011-b4cc-6045bddb6d09,09e36ed6-9189-f011-b4cc-002248271486
af683b1e-179b-f011-b41b-6045bdd81124,1,"With the dedicated Acquity UPLC, the MS Analytical Team will eliminate dependency on PharmSci UPLCs for salt-based methods. The current UPLC instruments are old, raising the risk of instrument failure and extended downtime due to aging hardware. With implementation of a new UPLC instrument, the team will maintain high-quality, reproducible analytical results and meet program timelines for tech transfer and process development.",,,,Low Impact,1,0,,,20707080,04d25798-3a42-ee11-bdf5-000d3a8fd327,09410908-179b-f011-b4cc-6045bddb6d09,31d4e7e3-9189-f011-b4cc-7c1e527d2157
2eeb8421-179b-f011-b4cc-002248271486,1,"With the dedicated Acquity UPLC, the MS Analytical Team will eliminate dependency on PharmSci UPLCs for salt-based methods. The current UPLC instruments are old, raising the risk of instrument failure and extended downtime due to aging hardware. With implementation of a new UPLC instrument, the team will maintain high-quality, reproducible analytical results and meet program timelines for tech transfer and process development.",,,,Low Impact,1,0,,,20707078,04d25798-3a42-ee11-bdf5-000d3a8fd327,09410908-179b-f011-b4cc-6045bddb6d09,c91de0e9-9189-f011-b4cc-7c1e527d2157
d1491f1d-179b-f011-b4cc-6045bddb6d09,10,"Borrowing UPLC instruments leads to scheduling issues, bottlenecks, and project lag. Without timely analytical data, process development and investigation support are risking delays. Frequent reconfiguration increased risk of mistakes or instrument-related issues. The age of existing instruments increases the probability of unexpected failures, jeopardizing project timelines.",,,,High Impact,1,0,,,20707069,04d25798-3a42-ee11-bdf5-000d3a8fd327,09410908-179b-f011-b4cc-6045bddb6d09,124ef45c-9289-f011-b4cc-002248271486
2feb8421-179b-f011-b4cc-002248271486,10,"Borrowing UPLC instruments leads to scheduling issues, bottlenecks, and project lag. Without timely analytical data, process development and investigation support are risking delays. Frequent reconfiguration increased risk of mistakes or instrument-related issues. The age of existing instruments increases the probability of unexpected failures, jeopardizing project timelines.",,,,High Impact,1,0,,,20707067,04d25798-3a42-ee11-bdf5-000d3a8fd327,09410908-179b-f011-b4cc-6045bddb6d09,23511df6-9189-f011-b4cc-7c1e527d2157
099e5f1f-179b-f011-b4cc-7c1e527cd923,1,This project is to implement a UPLC instrument in the MS analytical lab at 200SW.,,,,Low Impact,1,0,,,20707065,04d25798-3a42-ee11-bdf5-000d3a8fd327,09410908-179b-f011-b4cc-6045bddb6d09,a633db83-9289-f011-b4cc-7c1e527d2157
29eb8421-179b-f011-b4cc-002248271486,1,The project is to implement a UPLC instrument at 200SW MS analytical lab and will not impact production.,,,,Low Impact,1,0,,,20707063,04d25798-3a42-ee11-bdf5-000d3a8fd327,09410908-179b-f011-b4cc-6045bddb6d09,40a9de76-9289-f011-b4cc-7c1e527cd923
bc683b1e-179b-f011-b41b-6045bdd81124,5,"Borrowing UPLC instruments leads to scheduling issues, bottlenecks, and project lag. Without timely analytical data, process development and investigation support are risking delays. Frequent reconfiguration increased risk of mistakes or instrument-related issues. The age of existing instruments increases the probability of unexpected failures, jeopardizing project timelines.",,,,Moderate Impact,1,0,,,20707055,04d25798-3a42-ee11-bdf5-000d3a8fd327,09410908-179b-f011-b4cc-6045bddb6d09,c29afc0a-9289-f011-b4cc-7c1e527d2157
98683b1e-179b-f011-b41b-6045bdd81124,5,"Borrowing UPLC instruments leads to scheduling issues, bottlenecks, and project lag. Without timely analytical data, process development and investigation support are risking delays. Frequent reconfiguration increased risk of mistakes or instrument-related issues. The age of existing instruments increases the probability of unexpected failures, jeopardizing project timelines.",,,,Moderate Impact,1,0,,,20707053,04d25798-3a42-ee11-bdf5-000d3a8fd327,09410908-179b-f011-b4cc-6045bddb6d09,6e1c0e50-9289-f011-b4cc-002248271486
d2491f1d-179b-f011-b4cc-6045bddb6d09,5,"Borrowing UPLC instruments leads to scheduling issues, bottlenecks, and project lag. Without timely analytical data, process development and investigation support are risking delays. Frequent reconfiguration increased risk of mistakes or instrument-related issues. The age of existing instruments increases the probability of unexpected failures, jeopardizing project timelines.",,,,Moderate Impact,1,0,,,20707051,04d25798-3a42-ee11-bdf5-000d3a8fd327,09410908-179b-f011-b4cc-6045bddb6d09,740adf46-9289-f011-b4cc-7c1e527cd923
92683b1e-179b-f011-b41b-6045bdd81124,5,This project eliminates the safety risk of carrying hazardous reagents between different floors or buildings and makes the process more efficient and safe.,,,,Moderate Impact,1,0,,,20707046,04d25798-3a42-ee11-bdf5-000d3a8fd327,09410908-179b-f011-b4cc-6045bddb6d09,fc7f63d0-9189-f011-b4cc-002248271486
1425591f-179b-f011-b4cc-002248276c98,1,The estimated price will be around $180K,,,,Low Impact,1,0,,,20707044,04d25798-3a42-ee11-bdf5-000d3a8fd327,09410908-179b-f011-b4cc-6045bddb6d09,300edd89-9289-f011-b4cc-7c1e527d2157
a8683b1e-179b-f011-b41b-6045bdd81124,10,"At present, the lab has three UPLC instruments, two of them retired from PharmSci and more than 10 years old. Two are dedicated to organic mobile phase workflows (VPRIV N-glycan development and TAK-079/TAK-743 protein carryover methods), while the third is paired with the mass spectrometer. The advanced age of these instruments increases their likelihood of failure, adding further risk of downtime and unplanned maintenance. There is no instrument available for salt-based analytical methods required for new and ongoing projects. The team has been borrowing UPLC time from PharmSci, introducing scheduling conflicts and significant delays in project execution.",,,,High Impact,1,0,,,20707041,04d25798-3a42-ee11-bdf5-000d3a8fd327,09410908-179b-f011-b4cc-6045bddb6d09,3182c040-9289-f011-b4cc-7c1e527cd923
ef52f027-53a4-f011-bbd3-6045bddb6d09,1,Asset Replacement Program for Patient-Supply,,,,Low Impact,1,0,,,20707037,04d25798-3a42-ee11-bdf5-000d3a8fd327,460978c2-4ca4-f011-bbd3-002248271486,124ef45c-9289-f011-b4cc-002248271486
c82909fd-45a5-f011-bbd3-7c1e527cd923,5,Truck lease expires on 31JUL26 and will need to be decommissioned prior to turning truck into Penske,,,,Moderate Impact,1,0,,,20707035,04d25798-3a42-ee11-bdf5-000d3a8fd327,f67bf6f6-45a5-f011-bbd3-7c1e527cd923,3182c040-9289-f011-b4cc-7c1e527cd923
a6ad187f-01a6-f011-bbd3-002248271486,1,Asset Replacement Program for Patient-Quality,,,,Low Impact,1,0,,,20707033,04d25798-3a42-ee11-bdf5-000d3a8fd327,b907945d-01a6-f011-bbd2-7c1e527d2157,124ef45c-9289-f011-b4cc-002248271486
a9ad187f-01a6-f011-bbd3-002248271486,1,Asset Replacement Program for Patient-Quality,,,,Low Impact,1,0,,,20707031,04d25798-3a42-ee11-bdf5-000d3a8fd327,b907945d-01a6-f011-bbd2-7c1e527d2157,3182c040-9289-f011-b4cc-7c1e527cd923
f2649e3e-0aa6-f011-bbd2-7c1e527d2157,1,Asset Replacement Program for Patient-Quality,,,,Low Impact,1,0,,,20707029,04d25798-3a42-ee11-bdf5-000d3a8fd327,71802c12-05a6-f011-bbd2-7c1e527d2157,124ef45c-9289-f011-b4cc-002248271486
84945643-0aa6-f011-bbd3-002248271486,1,Asset Replacement Program for Patient-Quality,,,,Low Impact,1,0,,,20707027,04d25798-3a42-ee11-bdf5-000d3a8fd327,71802c12-05a6-f011-bbd2-7c1e527d2157,3182c040-9289-f011-b4cc-7c1e527cd923
bf7966b2-0aa6-f011-bbd2-7c1e527d2157,1,Asset Replacement Program for Patient-Quality,,,,Low Impact,1,0,,,20707004,04d25798-3a42-ee11-bdf5-000d3a8fd327,27d378c7-06a6-f011-bbd3-7c1e527cd923,124ef45c-9289-f011-b4cc-002248271486
c07966b2-0aa6-f011-bbd2-7c1e527d2157,1,Asset Replacement Program for Patient-Quality,,,,Low Impact,1,0,,,20707000,04d25798-3a42-ee11-bdf5-000d3a8fd327,27d378c7-06a6-f011-bbd3-7c1e527cd923,3182c040-9289-f011-b4cc-7c1e527cd923
f0448ebb-0aa6-f011-bbd3-7c1e527cd923,1,Asset Replacement Program for Patient-Quality,,,,Low Impact,1,0,,,20706998,04d25798-3a42-ee11-bdf5-000d3a8fd327,40e1e82e-07a6-f011-bbd3-7c1e527cd923,124ef45c-9289-f011-b4cc-002248271486
f1448ebb-0aa6-f011-bbd3-7c1e527cd923,1,Asset Replacement Program for Patient-Quality,,,,Low Impact,1,0,,,20706996,04d25798-3a42-ee11-bdf5-000d3a8fd327,40e1e82e-07a6-f011-bbd3-7c1e527cd923,3182c040-9289-f011-b4cc-7c1e527cd923
80458ebb-0aa6-f011-bbd3-7c1e527cd923,1,Asset Replacement Program for Patient-Quality,,,,Low Impact,1,0,,,20706990,04d25798-3a42-ee11-bdf5-000d3a8fd327,02d14a80-07a6-f011-bbd3-002248271486,124ef45c-9289-f011-b4cc-002248271486
6f2b87c1-0aa6-f011-bbd3-7c1e527cd923,1,Asset Replacement Program for Patient-Quality,,,,Low Impact,1,0,,,20706988,04d25798-3a42-ee11-bdf5-000d3a8fd327,25e09ee2-07a6-f011-bbd3-002248271486,124ef45c-9289-f011-b4cc-002248271486
c31000be-0aa6-f011-bbd3-6045bddb6d09,1,asset replacement,,,,Low Impact,1,0,,,20706986,04d25798-3a42-ee11-bdf5-000d3a8fd327,25e09ee2-07a6-f011-bbd3-002248271486,3182c040-9289-f011-b4cc-7c1e527cd923
8f810855-22a9-f011-bbd3-7c1e527d2157,0,N/A,,,,No Impact,1,0,,,20706588,04d25798-3a42-ee11-bdf5-000d3a8fd327,3d930d4d-22a9-f011-bbd3-7c1e527cd923,c29afc0a-9289-f011-b4cc-7c1e527d2157
b3ac6459-22a9-f011-bbd3-002248271486,1,Will be necessary for FY27 production schedule to run 4 BRXs of TAK-079.  Then will be required for 5th & 6th BRX.,"Short term will be cost avoidance 

Long Term will have COP reduction impact",,,Low Impact,1,0,,,20706582,04d25798-3a42-ee11-bdf5-000d3a8fd327,3d930d4d-22a9-f011-bbd3-7c1e527cd923,740adf46-9289-f011-b4cc-7c1e527cd923
4e54f670-5cab-f011-bbd3-002248271486,5,TBD,,,,Moderate Impact,1,0,,,20706400,04d25798-3a42-ee11-bdf5-000d3a8fd327,f065cc64-5cab-f011-bbd3-002248271486,cba1c26b-9289-f011-b4cc-7c1e527d2157
4a54f670-5cab-f011-bbd3-002248271486,0,TBD,,,,No Impact,1,0,,,20706394,04d25798-3a42-ee11-bdf5-000d3a8fd327,f065cc64-5cab-f011-bbd3-002248271486,c91de0e9-9189-f011-b4cc-7c1e527d2157
4954f670-5cab-f011-bbd3-002248271486,0,TBD,,,,No Impact,1,0,,,20706392,04d25798-3a42-ee11-bdf5-000d3a8fd327,f065cc64-5cab-f011-bbd3-002248271486,31d4e7e3-9189-f011-b4cc-7c1e527d2157
4254f670-5cab-f011-bbd3-002248271486,0,TBD,,,,No Impact,1,0,,,20706389,04d25798-3a42-ee11-bdf5-000d3a8fd327,f065cc64-5cab-f011-bbd3-002248271486,09e36ed6-9189-f011-b4cc-002248271486
4854f670-5cab-f011-bbd3-002248271486,15,Discard Reductions from 5% to 2%,,,,Critical Impact,1,0,,,20706385,04d25798-3a42-ee11-bdf5-000d3a8fd327,f065cc64-5cab-f011-bbd3-002248271486,124ef45c-9289-f011-b4cc-002248271486
e12b5472-5cab-f011-bbd3-7c1e527d2157,10,Mitigate discards,,,,High Impact,1,0,,,20706368,04d25798-3a42-ee11-bdf5-000d3a8fd327,f065cc64-5cab-f011-bbd3-002248271486,23511df6-9189-f011-b4cc-7c1e527d2157
e22b5472-5cab-f011-bbd3-7c1e527d2157,1,TBD,,,,Low Impact,1,0,,,20706366,04d25798-3a42-ee11-bdf5-000d3a8fd327,f065cc64-5cab-f011-bbd3-002248271486,a633db83-9289-f011-b4cc-7c1e527d2157
3debe771-5cab-f011-bbd3-7c1e527cd923,1,No impact to production schedule or batch deliveries,,,,Low Impact,1,0,,,20706364,04d25798-3a42-ee11-bdf5-000d3a8fd327,f065cc64-5cab-f011-bbd3-002248271486,40a9de76-9289-f011-b4cc-7c1e527cd923
49ebe771-5cab-f011-bbd3-7c1e527cd923,15,Discard Reductions from 5% to 2%,,,,Critical Impact,1,0,,,20706362,04d25798-3a42-ee11-bdf5-000d3a8fd327,f065cc64-5cab-f011-bbd3-002248271486,c29afc0a-9289-f011-b4cc-7c1e527d2157
37ebe771-5cab-f011-bbd3-7c1e527cd923,10,Discard Reductions from 5% to 2%,,,,High Impact,1,0,,,20706360,04d25798-3a42-ee11-bdf5-000d3a8fd327,f065cc64-5cab-f011-bbd3-002248271486,6e1c0e50-9289-f011-b4cc-002248271486
3aebe771-5cab-f011-bbd3-7c1e527cd923,1,Strategic Initiative -  1057629,,,,Low Impact,1,0,,,20706358,04d25798-3a42-ee11-bdf5-000d3a8fd327,f065cc64-5cab-f011-bbd3-002248271486,740adf46-9289-f011-b4cc-7c1e527cd923
32ebe771-5cab-f011-bbd3-7c1e527cd923,0,Low,,,,No Impact,1,0,,,20706356,04d25798-3a42-ee11-bdf5-000d3a8fd327,f065cc64-5cab-f011-bbd3-002248271486,fc7f63d0-9189-f011-b4cc-002248271486
4aebe771-5cab-f011-bbd3-7c1e527cd923,1,TBD - Strategic Initiative -  1057629,,,,Low Impact,1,0,,,20706349,04d25798-3a42-ee11-bdf5-000d3a8fd327,f065cc64-5cab-f011-bbd3-002248271486,300edd89-9289-f011-b4cc-7c1e527d2157
e02b5472-5cab-f011-bbd3-7c1e527d2157,1,Reduce discards,,,,Low Impact,1,0,,,20706339,04d25798-3a42-ee11-bdf5-000d3a8fd327,f065cc64-5cab-f011-bbd3-002248271486,3182c040-9289-f011-b4cc-7c1e527cd923
ad869ff3-58ab-f011-bbd3-7c1e527cd923,15,"Warehouse of the Future program will include technical solutions, such as automation (material handling) which the site currently has no experience with. New software solutions that will interface with SAP and MES are also anticipated. More details will be known post design sprint 31OCT25.",,,,Critical Impact,1,0,,,20706296,04d25798-3a42-ee11-bdf5-000d3a8fd327,0e311323-58ab-f011-bbd3-002248271486,cba1c26b-9289-f011-b4cc-7c1e527d2157
0c766cf6-58ab-f011-bbd3-7c1e527d2157,1,Warehouse of the Future program will reduce the amount of material going to landfill; details will be known post design sprint 31OCT25.,,,,Low Impact,1,0,,,20706294,04d25798-3a42-ee11-bdf5-000d3a8fd327,0e311323-58ab-f011-bbd3-002248271486,c91de0e9-9189-f011-b4cc-7c1e527d2157
0b766cf6-58ab-f011-bbd3-7c1e527d2157,10,Warehouse of the Future program will reduce the amount of material going to landfill; details will be known post design sprint 31OCT25.,,,,High Impact,1,0,,,20706290,04d25798-3a42-ee11-bdf5-000d3a8fd327,0e311323-58ab-f011-bbd3-002248271486,31d4e7e3-9189-f011-b4cc-7c1e527d2157
88869ff3-58ab-f011-bbd3-7c1e527cd923,10,Warehouse of the Future program will reduce carbon footprint; details will be known post design sprint 31OCT25.,,,,High Impact,1,0,,,20706288,04d25798-3a42-ee11-bdf5-000d3a8fd327,0e311323-58ab-f011-bbd3-002248271486,09e36ed6-9189-f011-b4cc-002248271486
acea53f3-58ab-f011-bbd3-6045bddb6d09,15,"Warehouse of the Future program is a global initiative to enable both site and GMS/GQ long-term strategic goals and ensure continuous patient supply. WoF will reduce COGS, reduce carbon footprint, will increase productivity and efficiency gains.",,,,Critical Impact,1,0,,,20706286,04d25798-3a42-ee11-bdf5-000d3a8fd327,0e311323-58ab-f011-bbd3-002248271486,124ef45c-9289-f011-b4cc-002248271486
229bd7f1-58ab-f011-bbd3-002248271486,5,"Warehouse of the Future program will reduce the number of compliance risks, deviations and gaps; project details are not yet known. More information will be available after the design sprint concludes 31OCT25.",,,,Moderate Impact,1,0,,,20706284,04d25798-3a42-ee11-bdf5-000d3a8fd327,0e311323-58ab-f011-bbd3-002248271486,23511df6-9189-f011-b4cc-7c1e527d2157
0e766cf6-58ab-f011-bbd3-7c1e527d2157,15,Warehouse of the Future program will require cross-functional resources to support multiple projects/workstreams; details are unknown until the design sprint is completed 31OCT25.,,,,Critical Impact,1,0,,,20706282,04d25798-3a42-ee11-bdf5-000d3a8fd327,0e311323-58ab-f011-bbd3-002248271486,a633db83-9289-f011-b4cc-7c1e527d2157
adea53f3-58ab-f011-bbd3-6045bddb6d09,1,Warehouse of the Future program may have production schedule impacts but details are not yet known at this time; will update as more details are known. Goal is to impact the production schedule as minimally as possible.,,,,Low Impact,1,0,,,20706280,04d25798-3a42-ee11-bdf5-000d3a8fd327,0e311323-58ab-f011-bbd3-002248271486,40a9de76-9289-f011-b4cc-7c1e527cd923
aeea53f3-58ab-f011-bbd3-6045bddb6d09,10,"Warehouse of the Future will ensure that there is sufficient warehousing space to store increased demand in raw materials, UPB, DS, and cell bank storage requirements.",,,,High Impact,1,0,,,20706275,04d25798-3a42-ee11-bdf5-000d3a8fd327,0e311323-58ab-f011-bbd3-002248271486,c29afc0a-9289-f011-b4cc-7c1e527d2157
dda86af0-58ab-f011-bbd3-7c1e527d2157,15,"Warehouse of the Future will enable increased manufacturing production as forecasted over the next 10 years, including commercial, clinical launch, small molecule, and cell bank operations.",,,,Critical Impact,1,0,,,20706273,04d25798-3a42-ee11-bdf5-000d3a8fd327,0e311323-58ab-f011-bbd3-002248271486,6e1c0e50-9289-f011-b4cc-002248271486
dca86af0-58ab-f011-bbd3-7c1e527d2157,15,"Warehouse of the Future program will address EHS goals, including carbon footprint reduction.",,,,Critical Impact,1,0,,,20706271,04d25798-3a42-ee11-bdf5-000d3a8fd327,0e311323-58ab-f011-bbd3-002248271486,fc7f63d0-9189-f011-b4cc-002248271486
b1869ff3-58ab-f011-bbd3-7c1e527cd923,15,"Warehouse of the Future program may buy, build, or lease a warehouse to support increased production and long-term GSM strategic goals. Program will require funding for professional assessments/studies, purchase of assessets such as automation equipment (material handling), and potential purchase and/or construction of warehouse building.",,,,Critical Impact,1,0,,,20706269,04d25798-3a42-ee11-bdf5-000d3a8fd327,0e311323-58ab-f011-bbd3-002248271486,300edd89-9289-f011-b4cc-7c1e527d2157
09766cf6-58ab-f011-bbd3-7c1e527d2157,15,Warehouse of the future will incorporate material handling automation and other process efficiencies resulting in >1.0 OY COP savings.,,,,Critical Impact,1,0,,,20706267,04d25798-3a42-ee11-bdf5-000d3a8fd327,0e311323-58ab-f011-bbd3-002248271486,740adf46-9289-f011-b4cc-7c1e527cd923
179bd7f1-58ab-f011-bbd3-002248271486,0,,,,,No Impact,1,0,,,20706158,04d25798-3a42-ee11-bdf5-000d3a8fd327,0e311323-58ab-f011-bbd3-002248271486,3182c040-9289-f011-b4cc-7c1e527cd923
1bb4befe-619d-f011-b41c-002248276c98,1,"No capital is needed, this will require risk assessment and procedure updates.",,,,Low Impact,1,0,,,20705777,04d25798-3a42-ee11-bdf5-000d3a8fd327,da9b7958-619d-f011-b41b-7c1e527d2157,300edd89-9289-f011-b4cc-7c1e527d2157
7882e8ce-9caa-f011-bbd3-6045bddb6d09,0,,,,,No Impact,1,0,,,20702318,04d25798-3a42-ee11-bdf5-000d3a8fd327,d15a94a6-e3a9-f011-bbd3-7c1e527d2157,09e36ed6-9189-f011-b4cc-002248271486
527f7269-7fa3-f011-bbd2-7c1e527d2157,5,We are familiar with the equipment and have solicited a vendor familiar with the system.,,,,Moderate Impact,1,0,,,20697043,04d25798-3a42-ee11-bdf5-000d3a8fd327,79707dff-7da3-f011-bbd3-002248271486,cba1c26b-9289-f011-b4cc-7c1e527d2157
bc588a68-7fa3-f011-bbd3-002248271486,5,This will require multiple hours from Automation and a vendor to execute,,,,Moderate Impact,1,0,,,20697041,04d25798-3a42-ee11-bdf5-000d3a8fd327,79707dff-7da3-f011-bbd3-002248271486,a633db83-9289-f011-b4cc-7c1e527d2157
517f7269-7fa3-f011-bbd2-7c1e527d2157,1,this project affects only office area HVAC controls,,,,Low Impact,1,0,,,20697039,04d25798-3a42-ee11-bdf5-000d3a8fd327,79707dff-7da3-f011-bbd3-002248271486,40a9de76-9289-f011-b4cc-7c1e527cd923
02d6656a-7fa3-f011-bbd3-6045bddb6d09,1,Proposal from vendor to perform upgrade of aiging equipment and to separate the control system to allow us to separate off MABioOps buidlings from GREF building responsibilities.,,,,Low Impact,1,0,,,20697037,04d25798-3a42-ee11-bdf5-000d3a8fd327,79707dff-7da3-f011-bbd3-002248271486,300edd89-9289-f011-b4cc-7c1e527d2157
01d6656a-7fa3-f011-bbd3-6045bddb6d09,1,"Metasys is the Building Management System for the office area of 300 SW, 200 SW, 500 SW and 125 Spring Street.",,,,Low Impact,1,0,,,20697035,04d25798-3a42-ee11-bdf5-000d3a8fd327,79707dff-7da3-f011-bbd3-002248271486,3182c040-9289-f011-b4cc-7c1e527cd923
f2a17763-7fa3-f011-bbd2-7c1e527d2157,5,We have experience with SAIL however not all use cases have been fully developed.  External Resource for configuring new SAIL use cases required as we do not have ability to execute projects in house.,,,,Moderate Impact,1,0,,,20697026,04d25798-3a42-ee11-bdf5-000d3a8fd327,997d8e56-7fa3-f011-bbd3-002248271486,cba1c26b-9289-f011-b4cc-7c1e527d2157
a2159262-7fa3-f011-bbd3-002248271486,5,"this is a bucket of hours, for contract work.",,,,Moderate Impact,1,0,,,20697024,04d25798-3a42-ee11-bdf5-000d3a8fd327,997d8e56-7fa3-f011-bbd3-002248271486,a633db83-9289-f011-b4cc-7c1e527d2157
076c0b64-7fa3-f011-bbd3-6045bddb6d09,1,Adding data collection through SAIL is work that is executed periferral to the workflows and will not affect production schedule,,,,Low Impact,1,0,,,20697022,04d25798-3a42-ee11-bdf5-000d3a8fd327,997d8e56-7fa3-f011-bbd3-002248271486,40a9de76-9289-f011-b4cc-7c1e527cd923
a4159262-7fa3-f011-bbd3-002248271486,1,This is a bucket to support opex change controls and projects that add equipment to SAIL live NOVA and other equipment that do not have specific projects associated with them.  The execution of SAIL work is conducted only by contractors and there is no funding in current budgets to accomodate this work.,This provides the site new capability to monitor and record data making operations more efficient and right first time.,,,Low Impact,1,0,,,20697017,04d25798-3a42-ee11-bdf5-000d3a8fd327,997d8e56-7fa3-f011-bbd3-002248271486,300edd89-9289-f011-b4cc-7c1e527d2157
b8042134-02a6-f011-bbd3-7c1e527cd923,1,Need the ATF controller in conjunction wit ATF implementation. .,,,,Low Impact,1,0,,,20696949,04d25798-3a42-ee11-bdf5-000d3a8fd327,aee763a0-eca5-f011-bbd3-7c1e527cd923,40a9de76-9289-f011-b4cc-7c1e527cd923
56c234ed-eaa2-f011-bbd3-7c1e527cd923,0,This project is not anticipated to have any impact on water usage reduction.,,,,No Impact,1,0,,,20696542,04d25798-3a42-ee11-bdf5-000d3a8fd327,b8889fd3-eaa2-f011-bbd2-7c1e527d2157,c91de0e9-9189-f011-b4cc-7c1e527d2157
b5ac6459-22a9-f011-bbd3-002248271486,1,N/A,,,,Low Impact,1,0,,,20691196,04d25798-3a42-ee11-bdf5-000d3a8fd327,3d930d4d-22a9-f011-bbd3-7c1e527cd923,40a9de76-9289-f011-b4cc-7c1e527cd923
e44e4d59-22a9-f011-bbd3-7c1e527cd923,0,N/A,,,,No Impact,1,0,,,20691181,04d25798-3a42-ee11-bdf5-000d3a8fd327,3d930d4d-22a9-f011-bbd3-7c1e527cd923,c91de0e9-9189-f011-b4cc-7c1e527d2157
e54e4d59-22a9-f011-bbd3-7c1e527cd923,5,pH probe in bag for VI has caused trouble in the past,,,,Moderate Impact,1,0,,,20691175,04d25798-3a42-ee11-bdf5-000d3a8fd327,3d930d4d-22a9-f011-bbd3-7c1e527cd923,cba1c26b-9289-f011-b4cc-7c1e527d2157
e64e4d59-22a9-f011-bbd3-7c1e527cd923,5,"Automation work and potential materials work
Validation work required",,,,Moderate Impact,1,0,,,20691167,04d25798-3a42-ee11-bdf5-000d3a8fd327,3d930d4d-22a9-f011-bbd3-7c1e527cd923,a633db83-9289-f011-b4cc-7c1e527d2157
8e810855-22a9-f011-bbd3-7c1e527d2157,0,Best practice not required,,,,No Impact,1,0,,,20691058,04d25798-3a42-ee11-bdf5-000d3a8fd327,3d930d4d-22a9-f011-bbd3-7c1e527cd923,23511df6-9189-f011-b4cc-7c1e527d2157
961c6c53-22a9-f011-bbd3-002248271486,15,Launch TAK-079 and implement 4th BRX,,,,Critical Impact,1,0,,,20691056,04d25798-3a42-ee11-bdf5-000d3a8fd327,3d930d4d-22a9-f011-bbd3-7c1e527cd923,124ef45c-9289-f011-b4cc-002248271486
83810855-22a9-f011-bbd3-7c1e527d2157,15,Running 4 production BRXs of mAbs creates a bottleneck in previral withoutclosed operations idle time will shift to the production BRX.,,,,Critical Impact,1,0,,,20691052,04d25798-3a42-ee11-bdf5-000d3a8fd327,3d930d4d-22a9-f011-bbd3-7c1e527cd923,6e1c0e50-9289-f011-b4cc-002248271486
ca8e0853-22a9-f011-bbd3-7c1e527cd923,0,N/A,,,,No Impact,1,0,,,20691050,04d25798-3a42-ee11-bdf5-000d3a8fd327,3d930d4d-22a9-f011-bbd3-7c1e527cd923,fc7f63d0-9189-f011-b4cc-002248271486
e74e4d59-22a9-f011-bbd3-7c1e527cd923,5,"New designs for single use items, automation work",,,,Moderate Impact,1,0,,,20691048,04d25798-3a42-ee11-bdf5-000d3a8fd327,3d930d4d-22a9-f011-bbd3-7c1e527cd923,300edd89-9289-f011-b4cc-7c1e527d2157
8d810855-22a9-f011-bbd3-7c1e527d2157,0,No current business continuity issues.  Currently a complaince risk.,,,,No Impact,1,0,,,20691046,04d25798-3a42-ee11-bdf5-000d3a8fd327,3d930d4d-22a9-f011-bbd3-7c1e527cd923,3182c040-9289-f011-b4cc-7c1e527cd923
b6ac6459-22a9-f011-bbd3-002248271486,0,,,,,No Impact,1,0,,,20691038,04d25798-3a42-ee11-bdf5-000d3a8fd327,3d930d4d-22a9-f011-bbd3-7c1e527cd923,31d4e7e3-9189-f011-b4cc-7c1e527d2157
931c6c53-22a9-f011-bbd3-002248271486,0,,,,,No Impact,1,0,,,20691030,04d25798-3a42-ee11-bdf5-000d3a8fd327,3d930d4d-22a9-f011-bbd3-7c1e527cd923,09e36ed6-9189-f011-b4cc-002248271486
88458ebb-0aa6-f011-bbd3-7c1e527cd923,1,asset replacement,,,,Low Impact,1,0,,,20594633,04d25798-3a42-ee11-bdf5-000d3a8fd327,02d14a80-07a6-f011-bbd3-002248271486,3182c040-9289-f011-b4cc-7c1e527cd923
76cab230-02a6-f011-bbd3-002248271486,0,"Unkinown, need to evaluate",,,,No Impact,1,0,,,20594356,04d25798-3a42-ee11-bdf5-000d3a8fd327,aee763a0-eca5-f011-bbd3-7c1e527cd923,c91de0e9-9189-f011-b4cc-7c1e527d2157
20eb6e32-02a6-f011-bbd3-6045bddb6d09,0,Unknown,,,,No Impact,1,0,,,20594354,04d25798-3a42-ee11-bdf5-000d3a8fd327,aee763a0-eca5-f011-bbd3-7c1e527cd923,31d4e7e3-9189-f011-b4cc-7c1e527d2157
8a0b0c2e-02a6-f011-bbd3-7c1e527cd923,10,Risk level high due to potential inability to supply to patients,,,,High Impact,1,0,,,20594352,04d25798-3a42-ee11-bdf5-000d3a8fd327,aee763a0-eca5-f011-bbd3-7c1e527cd923,fc7f63d0-9189-f011-b4cc-002248271486
52cab230-02a6-f011-bbd3-002248271486,0,Unknown at this point,,,,No Impact,1,0,,,20594350,04d25798-3a42-ee11-bdf5-000d3a8fd327,aee763a0-eca5-f011-bbd3-7c1e527cd923,09e36ed6-9189-f011-b4cc-002248271486
21eb6e32-02a6-f011-bbd3-6045bddb6d09,1,"Primary project for the lab, however installation of the ATF controller will be less",,,,Low Impact,1,0,,,20594346,04d25798-3a42-ee11-bdf5-000d3a8fd327,aee763a0-eca5-f011-bbd3-7c1e527cd923,a633db83-9289-f011-b4cc-7c1e527d2157
1dad5c30-02a6-f011-bbd2-7c1e527d2157,10,Risk for potential commercial stock-out in worse case scenario for VPRIV/Replagal due non repleavment of production equipment.,,,,High Impact,1,0,,,20594344,04d25798-3a42-ee11-bdf5-000d3a8fd327,aee763a0-eca5-f011-bbd3-7c1e527cd923,23511df6-9189-f011-b4cc-7c1e527d2157
b4042134-02a6-f011-bbd3-7c1e527cd923,5,Will allow business continuance once CARR centrifuge becomes not usable. Equippment and parts are already non replaceable. ATF tested intial feasability of ATF for bothe VPRIV/Replagal with positrive results. CARR has always carried the risk of a single sie supply wheras ATF can be sourced from multiplt vendors and has been established and is a common global technology since 2011. Estimate $120-$240K savings per 2K run.,,,,Moderate Impact,1,0,,,20594342,04d25798-3a42-ee11-bdf5-000d3a8fd327,aee763a0-eca5-f011-bbd3-7c1e527cd923,740adf46-9289-f011-b4cc-7c1e527cd923
c1042134-02a6-f011-bbd3-7c1e527cd923,15,"No immediate implentable mitigation, hence ths evaluation studies reviewed for disk stack (GEA kytero) vs ATF (Repligen). ATF has been selected as the the more robust and feasible technology to consider for implementation in 2027.",,,,Critical Impact,1,0,,,20594340,04d25798-3a42-ee11-bdf5-000d3a8fd327,aee763a0-eca5-f011-bbd3-7c1e527cd923,c29afc0a-9289-f011-b4cc-7c1e527d2157
1deb6e32-02a6-f011-bbd3-6045bddb6d09,15,"Carr Centritech centrifuges have been discontinued; inserts remain available but from a single supplier, posing a patient supply risk for VPRIV, Replagal and clinical TAK611
Multiple deviations in the past year linked to centrifuge issues: contamination, bag leaks, and perfusion rate deviations",,,,Critical Impact,1,0,,,20594334,04d25798-3a42-ee11-bdf5-000d3a8fd327,aee763a0-eca5-f011-bbd3-7c1e527cd923,3182c040-9289-f011-b4cc-7c1e527cd923
1ead5c30-02a6-f011-bbd2-7c1e527d2157,5,New technology being adopted for future platform projects. MS has impelmented and evaluated in the lab and in Pilot plant. Now must conduct in depth process characterization. New technology for Manufacturing.,,,,Moderate Impact,1,0,,,20594332,04d25798-3a42-ee11-bdf5-000d3a8fd327,aee763a0-eca5-f011-bbd3-7c1e527cd923,cba1c26b-9289-f011-b4cc-7c1e527d2157
910b0c2e-02a6-f011-bbd3-7c1e527cd923,10,Aligns with CMC roadmaps and FoF,,,,High Impact,1,0,,,20594330,04d25798-3a42-ee11-bdf5-000d3a8fd327,aee763a0-eca5-f011-bbd3-7c1e527cd923,124ef45c-9289-f011-b4cc-002248271486
8e0b0c2e-02a6-f011-bbd3-7c1e527cd923,10,"With current CARR centritech system have experiences productivity loss through VVD, OOR losses as evidenced via multiple deviationse.g. leaks through centrifuge bags, pinch valves, perfustion rates. Current technology predicted to require less to no depth filtration required, unlike current process.",,,,High Impact,1,0,,,20594321,04d25798-3a42-ee11-bdf5-000d3a8fd327,aee763a0-eca5-f011-bbd3-7c1e527cd923,6e1c0e50-9289-f011-b4cc-002248271486
7acab230-02a6-f011-bbd3-002248271486,5,"Will enable FoF and platofrm to implement ATF technology for N-1 and to enable CARR centrifuge replacement for VPRIV/Replagal. Carr Centritech centrifuges have been discontinued; inserts remain available but from a single supplier, posing a patient supply risk for VPRIV, Replagal and clinical TAK611
Multiple deviations (12plus) in the past year linked to centrifuge issues: contamination, bag leaks, and perfusion rate deviations",,,,Moderate Impact,1,0,,,20594250,04d25798-3a42-ee11-bdf5-000d3a8fd327,aee763a0-eca5-f011-bbd3-7c1e527cd923,300edd89-9289-f011-b4cc-7c1e527d2157
09fdb415-aa98-f011-b4cc-7c1e527cd923,1,Prior project Cell therapy experience,Similar,,,Low Impact,1,0,,,20487039,04d25798-3a42-ee11-bdf5-000d3a8fd327,653011a3-a998-f011-b4cb-7c1e527d2157,cba1c26b-9289-f011-b4cc-7c1e527d2157
02fdb415-aa98-f011-b4cc-7c1e527cd923,0,No waste impact,N/A,,,No Impact,1,0,,,20487037,04d25798-3a42-ee11-bdf5-000d3a8fd327,653011a3-a998-f011-b4cb-7c1e527d2157,31d4e7e3-9189-f011-b4cc-7c1e527d2157
502cd811-aa98-f011-b4cc-002248271486,0,No water impact,N/A,,,No Impact,1,0,,,20487035,04d25798-3a42-ee11-bdf5-000d3a8fd327,653011a3-a998-f011-b4cb-7c1e527d2157,c91de0e9-9189-f011-b4cc-7c1e527d2157
4c2cd811-aa98-f011-b4cc-002248271486,0,No carbon impact,N/A,,,No Impact,1,0,,,20487033,04d25798-3a42-ee11-bdf5-000d3a8fd327,653011a3-a998-f011-b4cb-7c1e527d2157,09e36ed6-9189-f011-b4cc-002248271486
e2268316-aa98-f011-b4cc-6045bddb6d09,0,Not on current SALT,Project list,,,No Impact,1,0,,,20487031,04d25798-3a42-ee11-bdf5-000d3a8fd327,653011a3-a998-f011-b4cb-7c1e527d2157,124ef45c-9289-f011-b4cc-002248271486
09815816-aa98-f011-b4cb-7c1e527d2157,1,Prior deviation history,Actual history,,,Low Impact,1,0,,,20487029,04d25798-3a42-ee11-bdf5-000d3a8fd327,653011a3-a998-f011-b4cb-7c1e527d2157,23511df6-9189-f011-b4cc-7c1e527d2157
0bfdb415-aa98-f011-b4cc-7c1e527cd923,5,Past project experience,Past experience,,,Moderate Impact,1,0,,,20487027,04d25798-3a42-ee11-bdf5-000d3a8fd327,653011a3-a998-f011-b4cb-7c1e527d2157,a633db83-9289-f011-b4cc-7c1e527d2157
4f2cd811-aa98-f011-b4cc-002248271486,1,Ongoing improvement working within schedule,Based on review of windows,,,Low Impact,1,0,,,20487025,04d25798-3a42-ee11-bdf5-000d3a8fd327,653011a3-a998-f011-b4cb-7c1e527d2157,40a9de76-9289-f011-b4cc-7c1e527cd923
e1268316-aa98-f011-b4cc-6045bddb6d09,0,No direct savings,Based on alarm history,,,No Impact,1,0,,,20487023,04d25798-3a42-ee11-bdf5-000d3a8fd327,653011a3-a998-f011-b4cb-7c1e527d2157,6e1c0e50-9289-f011-b4cc-002248271486
4e2cd811-aa98-f011-b4cc-002248271486,1,Avoid alarm response and production time impact,Based alarm history,,,Low Impact,1,0,,,20487021,04d25798-3a42-ee11-bdf5-000d3a8fd327,653011a3-a998-f011-b4cb-7c1e527d2157,740adf46-9289-f011-b4cc-7c1e527cd923
effcb415-aa98-f011-b4cc-7c1e527cd923,0,Not a safety cconcern,No history,,,No Impact,1,0,,,20487019,04d25798-3a42-ee11-bdf5-000d3a8fd327,653011a3-a998-f011-b4cb-7c1e527d2157,fc7f63d0-9189-f011-b4cc-002248271486
532cd811-aa98-f011-b4cc-002248271486,1,Need a study followed by minor hardware/softwrae and change control to implement,Based on prior prior expereince,,,Low Impact,1,0,,,20487017,04d25798-3a42-ee11-bdf5-000d3a8fd327,653011a3-a998-f011-b4cb-7c1e527d2157,300edd89-9289-f011-b4cc-7c1e527d2157
4d2cd811-aa98-f011-b4cc-002248271486,5,Repeated pressurization failures have impacted processing in cell banking suite,Multiple per day,,,Moderate Impact,1,0,,,20487014,04d25798-3a42-ee11-bdf5-000d3a8fd327,653011a3-a998-f011-b4cb-7c1e527d2157,3182c040-9289-f011-b4cc-7c1e527cd923
cfa788c4-0aa6-f011-bbd2-7c1e527d2157,5,GLIMS complexity,,,,Moderate Impact,1,0,,,20472605,04d25798-3a42-ee11-bdf5-000d3a8fd327,25e09ee2-07a6-f011-bbd3-002248271486,cba1c26b-9289-f011-b4cc-7c1e527d2157
d0a788c4-0aa6-f011-bbd2-7c1e527d2157,5,"AIQ, QC IT, QAMV, MS and Biochemistry",,,,Moderate Impact,1,0,,,20472603,04d25798-3a42-ee11-bdf5-000d3a8fd327,25e09ee2-07a6-f011-bbd3-002248271486,a633db83-9289-f011-b4cc-7c1e527d2157
4659f8c3-0aa6-f011-bbd3-6045bddb6d09,5,Need to install each instrument one at time due the gown ing and space for testing,,,,Moderate Impact,1,0,,,20472601,04d25798-3a42-ee11-bdf5-000d3a8fd327,25e09ee2-07a6-f011-bbd3-002248271486,40a9de76-9289-f011-b4cc-7c1e527cd923
882b87c1-0aa6-f011-bbd3-7c1e527cd923,1,U$ 100k,,,,Low Impact,1,0,,,20472599,04d25798-3a42-ee11-bdf5-000d3a8fd327,25e09ee2-07a6-f011-bbd3-002248271486,300edd89-9289-f011-b4cc-7c1e527d2157
d25af8c3-0aa6-f011-bbd3-6045bddb6d09,10,Final solution is unknown,,,,High Impact,1,0,,,20472588,04d25798-3a42-ee11-bdf5-000d3a8fd327,3f2f4d57-08a6-f011-bbd3-7c1e527cd923,cba1c26b-9289-f011-b4cc-7c1e527d2157
a75495c7-0aa6-f011-bbd3-7c1e527cd923,5,Range between new shelves cost or construction of new retain space,,,,Moderate Impact,1,0,,,20472582,04d25798-3a42-ee11-bdf5-000d3a8fd327,3f2f4d57-08a6-f011-bbd3-7c1e527cd923,300edd89-9289-f011-b4cc-7c1e527d2157
24a888c4-0aa6-f011-bbd2-7c1e527d2157,5,"Could range between <300 and 2000, depending on solution provided. This will be assessed during Q1 FY26",,,,Moderate Impact,1,0,,,20472577,04d25798-3a42-ee11-bdf5-000d3a8fd327,3f2f4d57-08a6-f011-bbd3-7c1e527cd923,a633db83-9289-f011-b4cc-7c1e527d2157
8bdb9bc7-0aa6-f011-bbd3-002248271486,1,No Impact,,,,Low Impact,1,0,,,20472452,04d25798-3a42-ee11-bdf5-000d3a8fd327,3f2f4d57-08a6-f011-bbd3-7c1e527cd923,40a9de76-9289-f011-b4cc-7c1e527cd923
bec9f7c9-0aa6-f011-bbd3-6045bddb6d09,1,Simple project,,,,Low Impact,1,0,,,20472441,04d25798-3a42-ee11-bdf5-000d3a8fd327,b55ed3b9-08a6-f011-bbd3-002248271486,cba1c26b-9289-f011-b4cc-7c1e527d2157
96fe80ca-0aa6-f011-bbd2-7c1e527d2157,5,"QC IT, AIQ and AS",,,,Moderate Impact,1,0,,,20472439,04d25798-3a42-ee11-bdf5-000d3a8fd327,b55ed3b9-08a6-f011-bbd3-002248271486,a633db83-9289-f011-b4cc-7c1e527d2157
205595c7-0aa6-f011-bbd3-7c1e527cd923,1,No Impact,,,,Low Impact,1,0,,,20472437,04d25798-3a42-ee11-bdf5-000d3a8fd327,b55ed3b9-08a6-f011-bbd3-002248271486,40a9de76-9289-f011-b4cc-7c1e527cd923
99fe80ca-0aa6-f011-bbd2-7c1e527d2157,1,U$ 170k,,,,Low Impact,1,0,,,20472435,04d25798-3a42-ee11-bdf5-000d3a8fd327,b55ed3b9-08a6-f011-bbd3-002248271486,300edd89-9289-f011-b4cc-7c1e527d2157
4f1889be-0aa6-f011-bbd2-7c1e527d2157,5,GLIMS connectivity,,,,Moderate Impact,1,0,,,20472426,04d25798-3a42-ee11-bdf5-000d3a8fd327,02d14a80-07a6-f011-bbd3-002248271486,cba1c26b-9289-f011-b4cc-7c1e527d2157
511889be-0aa6-f011-bbd2-7c1e527d2157,5,"QC IT, AIQ, MS, QAMV and Biochemistry",,,,Moderate Impact,1,0,,,20472422,04d25798-3a42-ee11-bdf5-000d3a8fd327,02d14a80-07a6-f011-bbd3-002248271486,a633db83-9289-f011-b4cc-7c1e527d2157
db0f00be-0aa6-f011-bbd3-6045bddb6d09,1,No impact,,,,Low Impact,1,0,,,20472420,04d25798-3a42-ee11-bdf5-000d3a8fd327,02d14a80-07a6-f011-bbd3-002248271486,40a9de76-9289-f011-b4cc-7c1e527cd923
0a1000be-0aa6-f011-bbd3-6045bddb6d09,1,U$ 308K,,,,Low Impact,1,0,,,20472418,04d25798-3a42-ee11-bdf5-000d3a8fd327,02d14a80-07a6-f011-bbd3-002248271486,300edd89-9289-f011-b4cc-7c1e527d2157
c9af6ab8-0aa6-f011-bbd2-7c1e527d2157,1,Install and use,,,,Low Impact,1,0,,,20472411,04d25798-3a42-ee11-bdf5-000d3a8fd327,40e1e82e-07a6-f011-bbd3-7c1e527cd923,cba1c26b-9289-f011-b4cc-7c1e527d2157
caaf6ab8-0aa6-f011-bbd2-7c1e527d2157,1,Cell Bio and AIQ,,,,Low Impact,1,0,,,20472409,04d25798-3a42-ee11-bdf5-000d3a8fd327,40e1e82e-07a6-f011-bbd3-7c1e527cd923,a633db83-9289-f011-b4cc-7c1e527d2157
f6448ebb-0aa6-f011-bbd3-7c1e527cd923,1,No impact,,,,Low Impact,1,0,,,20472407,04d25798-3a42-ee11-bdf5-000d3a8fd327,40e1e82e-07a6-f011-bbd3-7c1e527cd923,40a9de76-9289-f011-b4cc-7c1e527cd923
669aa1bb-0aa6-f011-bbd3-002248271486,1,U$ 10k,,,,Low Impact,1,0,,,20472405,04d25798-3a42-ee11-bdf5-000d3a8fd327,40e1e82e-07a6-f011-bbd3-7c1e527cd923,300edd89-9289-f011-b4cc-7c1e527d2157
742385b5-0aa6-f011-bbd3-7c1e527cd923,5,GLIMS complexity,,,,Moderate Impact,1,0,,,20472399,04d25798-3a42-ee11-bdf5-000d3a8fd327,27d378c7-06a6-f011-bbd3-7c1e527cd923,cba1c26b-9289-f011-b4cc-7c1e527d2157
782385b5-0aa6-f011-bbd3-7c1e527cd923,5,"QC IT, AIQ and Raw Materials",,,,Moderate Impact,1,0,,,20472397,04d25798-3a42-ee11-bdf5-000d3a8fd327,27d378c7-06a6-f011-bbd3-7c1e527cd923,a633db83-9289-f011-b4cc-7c1e527d2157
c67966b2-0aa6-f011-bbd2-7c1e527d2157,1,No impact,,,,Low Impact,1,0,,,20472395,04d25798-3a42-ee11-bdf5-000d3a8fd327,27d378c7-06a6-f011-bbd3-7c1e527cd923,40a9de76-9289-f011-b4cc-7c1e527cd923
7e2385b5-0aa6-f011-bbd3-7c1e527cd923,1,U$ 318k,,,,Low Impact,1,0,,,20472393,04d25798-3a42-ee11-bdf5-000d3a8fd327,27d378c7-06a6-f011-bbd3-7c1e527cd923,300edd89-9289-f011-b4cc-7c1e527d2157
850383af-0aa6-f011-bbd3-7c1e527cd923,5,GLIMS complexity,,,,Moderate Impact,1,0,,,20472381,04d25798-3a42-ee11-bdf5-000d3a8fd327,17f0ea6b-06a6-f011-bbd3-7c1e527cd923,cba1c26b-9289-f011-b4cc-7c1e527d2157
61197caf-0aa6-f011-bbd3-002248271486,5,"AIQ, QC IT and HPLC",,,,Moderate Impact,1,0,,,20472377,04d25798-3a42-ee11-bdf5-000d3a8fd327,17f0ea6b-06a6-f011-bbd3-7c1e527cd923,a633db83-9289-f011-b4cc-7c1e527d2157
4e3069ac-0aa6-f011-bbd2-7c1e527d2157,1,No impact,,,,Low Impact,1,0,,,20472373,04d25798-3a42-ee11-bdf5-000d3a8fd327,17f0ea6b-06a6-f011-bbd3-7c1e527cd923,40a9de76-9289-f011-b4cc-7c1e527cd923
8b0383af-0aa6-f011-bbd3-7c1e527cd923,5,U$ 500k,,,,Moderate Impact,1,0,,,20472369,04d25798-3a42-ee11-bdf5-000d3a8fd327,17f0ea6b-06a6-f011-bbd3-7c1e527cd923,300edd89-9289-f011-b4cc-7c1e527d2157
315595c7-0aa6-f011-bbd3-7c1e527cd923,0,,,,,No Impact,1,0,,,20472365,04d25798-3a42-ee11-bdf5-000d3a8fd327,b55ed3b9-08a6-f011-bbd3-002248271486,c29afc0a-9289-f011-b4cc-7c1e527d2157
90fe80ca-0aa6-f011-bbd2-7c1e527d2157,0,,,,,No Impact,1,0,,,20472364,04d25798-3a42-ee11-bdf5-000d3a8fd327,b55ed3b9-08a6-f011-bbd3-002248271486,23511df6-9189-f011-b4cc-7c1e527d2157
b1c9f7c9-0aa6-f011-bbd3-6045bddb6d09,0,,,,,No Impact,1,0,,,20472363,04d25798-3a42-ee11-bdf5-000d3a8fd327,b55ed3b9-08a6-f011-bbd3-002248271486,c91de0e9-9189-f011-b4cc-7c1e527d2157
8ffe80ca-0aa6-f011-bbd2-7c1e527d2157,0,,,,,No Impact,1,0,,,20472362,04d25798-3a42-ee11-bdf5-000d3a8fd327,b55ed3b9-08a6-f011-bbd3-002248271486,31d4e7e3-9189-f011-b4cc-7c1e527d2157
8dfe80ca-0aa6-f011-bbd2-7c1e527d2157,0,,,,,No Impact,1,0,,,20472360,04d25798-3a42-ee11-bdf5-000d3a8fd327,b55ed3b9-08a6-f011-bbd3-002248271486,740adf46-9289-f011-b4cc-7c1e527cd923
04dc9bc7-0aa6-f011-bbd3-002248271486,0,,,,,No Impact,1,0,,,20472359,04d25798-3a42-ee11-bdf5-000d3a8fd327,b55ed3b9-08a6-f011-bbd3-002248271486,3182c040-9289-f011-b4cc-7c1e527cd923
03dc9bc7-0aa6-f011-bbd3-002248271486,0,,,,,No Impact,1,0,,,20472357,04d25798-3a42-ee11-bdf5-000d3a8fd327,b55ed3b9-08a6-f011-bbd3-002248271486,124ef45c-9289-f011-b4cc-002248271486
8fc9f7c9-0aa6-f011-bbd3-6045bddb6d09,0,,,,,No Impact,1,0,,,20472355,04d25798-3a42-ee11-bdf5-000d3a8fd327,b55ed3b9-08a6-f011-bbd3-002248271486,6e1c0e50-9289-f011-b4cc-002248271486
84fe80ca-0aa6-f011-bbd2-7c1e527d2157,0,,,,,No Impact,1,0,,,20472354,04d25798-3a42-ee11-bdf5-000d3a8fd327,b55ed3b9-08a6-f011-bbd3-002248271486,09e36ed6-9189-f011-b4cc-002248271486
7bfe80ca-0aa6-f011-bbd2-7c1e527d2157,0,,,,,No Impact,1,0,,,20472353,04d25798-3a42-ee11-bdf5-000d3a8fd327,b55ed3b9-08a6-f011-bbd3-002248271486,fc7f63d0-9189-f011-b4cc-002248271486
20a888c4-0aa6-f011-bbd2-7c1e527d2157,0,,,,,No Impact,1,0,,,20472341,04d25798-3a42-ee11-bdf5-000d3a8fd327,3f2f4d57-08a6-f011-bbd3-7c1e527cd923,c29afc0a-9289-f011-b4cc-7c1e527d2157
9e5495c7-0aa6-f011-bbd3-7c1e527cd923,0,,,,,No Impact,1,0,,,20472340,04d25798-3a42-ee11-bdf5-000d3a8fd327,3f2f4d57-08a6-f011-bbd3-7c1e527cd923,23511df6-9189-f011-b4cc-7c1e527d2157
c15af8c3-0aa6-f011-bbd3-6045bddb6d09,0,,,,,No Impact,1,0,,,20472339,04d25798-3a42-ee11-bdf5-000d3a8fd327,3f2f4d57-08a6-f011-bbd3-7c1e527cd923,c91de0e9-9189-f011-b4cc-7c1e527d2157
bc5af8c3-0aa6-f011-bbd3-6045bddb6d09,0,,,,,No Impact,1,0,,,20472338,04d25798-3a42-ee11-bdf5-000d3a8fd327,3f2f4d57-08a6-f011-bbd3-7c1e527cd923,31d4e7e3-9189-f011-b4cc-7c1e527d2157
b15af8c3-0aa6-f011-bbd3-6045bddb6d09,0,,,,,No Impact,1,0,,,20472335,04d25798-3a42-ee11-bdf5-000d3a8fd327,3f2f4d57-08a6-f011-bbd3-7c1e527cd923,740adf46-9289-f011-b4cc-7c1e527cd923
14a888c4-0aa6-f011-bbd2-7c1e527d2157,0,,,,,No Impact,1,0,,,20472333,04d25798-3a42-ee11-bdf5-000d3a8fd327,3f2f4d57-08a6-f011-bbd3-7c1e527cd923,3182c040-9289-f011-b4cc-7c1e527cd923
7fdb9bc7-0aa6-f011-bbd3-002248271486,0,,,,,No Impact,1,0,,,20472332,04d25798-3a42-ee11-bdf5-000d3a8fd327,3f2f4d57-08a6-f011-bbd3-7c1e527cd923,124ef45c-9289-f011-b4cc-002248271486
8b5495c7-0aa6-f011-bbd3-7c1e527cd923,0,,,,,No Impact,1,0,,,20472331,04d25798-3a42-ee11-bdf5-000d3a8fd327,3f2f4d57-08a6-f011-bbd3-7c1e527cd923,6e1c0e50-9289-f011-b4cc-002248271486
875495c7-0aa6-f011-bbd3-7c1e527cd923,0,,,,,No Impact,1,0,,,20472330,04d25798-3a42-ee11-bdf5-000d3a8fd327,3f2f4d57-08a6-f011-bbd3-7c1e527cd923,09e36ed6-9189-f011-b4cc-002248271486
835495c7-0aa6-f011-bbd3-7c1e527cd923,0,,,,,No Impact,1,0,,,20472329,04d25798-3a42-ee11-bdf5-000d3a8fd327,3f2f4d57-08a6-f011-bbd3-7c1e527cd923,fc7f63d0-9189-f011-b4cc-002248271486
822b87c1-0aa6-f011-bbd3-7c1e527cd923,0,,,,,No Impact,1,0,,,20472316,04d25798-3a42-ee11-bdf5-000d3a8fd327,25e09ee2-07a6-f011-bbd3-002248271486,c29afc0a-9289-f011-b4cc-7c1e527d2157
2031a1c1-0aa6-f011-bbd3-002248271486,0,,,,,No Impact,1,0,,,20472315,04d25798-3a42-ee11-bdf5-000d3a8fd327,25e09ee2-07a6-f011-bbd3-002248271486,23511df6-9189-f011-b4cc-7c1e527d2157
5859f8c3-0aa6-f011-bbd3-6045bddb6d09,0,,,,,No Impact,1,0,,,20472314,04d25798-3a42-ee11-bdf5-000d3a8fd327,25e09ee2-07a6-f011-bbd3-002248271486,c91de0e9-9189-f011-b4cc-7c1e527d2157
4d59f8c3-0aa6-f011-bbd3-6045bddb6d09,0,,,,,No Impact,1,0,,,20472313,04d25798-3a42-ee11-bdf5-000d3a8fd327,25e09ee2-07a6-f011-bbd3-002248271486,31d4e7e3-9189-f011-b4cc-7c1e527d2157
732b87c1-0aa6-f011-bbd3-7c1e527cd923,0,,,,,No Impact,1,0,,,20472311,04d25798-3a42-ee11-bdf5-000d3a8fd327,25e09ee2-07a6-f011-bbd3-002248271486,740adf46-9289-f011-b4cc-7c1e527cd923
851889be-0aa6-f011-bbd2-7c1e527d2157,0,,,,,No Impact,1,0,,,20472307,04d25798-3a42-ee11-bdf5-000d3a8fd327,25e09ee2-07a6-f011-bbd3-002248271486,6e1c0e50-9289-f011-b4cc-002248271486
841889be-0aa6-f011-bbd2-7c1e527d2157,0,,,,,No Impact,1,0,,,20472306,04d25798-3a42-ee11-bdf5-000d3a8fd327,25e09ee2-07a6-f011-bbd3-002248271486,09e36ed6-9189-f011-b4cc-002248271486
6c2b87c1-0aa6-f011-bbd3-7c1e527cd923,0,,,,,No Impact,1,0,,,20472304,04d25798-3a42-ee11-bdf5-000d3a8fd327,25e09ee2-07a6-f011-bbd3-002248271486,fc7f63d0-9189-f011-b4cc-002248271486
aa9aa1bb-0aa6-f011-bbd3-002248271486,0,,,,,No Impact,1,0,,,20472292,04d25798-3a42-ee11-bdf5-000d3a8fd327,02d14a80-07a6-f011-bbd3-002248271486,c29afc0a-9289-f011-b4cc-7c1e527d2157
4e1889be-0aa6-f011-bbd2-7c1e527d2157,0,,,,,No Impact,1,0,,,20472291,04d25798-3a42-ee11-bdf5-000d3a8fd327,02d14a80-07a6-f011-bbd3-002248271486,23511df6-9189-f011-b4cc-7c1e527d2157
4d1889be-0aa6-f011-bbd2-7c1e527d2157,0,,,,,No Impact,1,0,,,20472290,04d25798-3a42-ee11-bdf5-000d3a8fd327,02d14a80-07a6-f011-bbd3-002248271486,c91de0e9-9189-f011-b4cc-7c1e527d2157
e10f00be-0aa6-f011-bbd3-6045bddb6d09,0,,,,,No Impact,1,0,,,20472289,04d25798-3a42-ee11-bdf5-000d3a8fd327,02d14a80-07a6-f011-bbd3-002248271486,31d4e7e3-9189-f011-b4cc-7c1e527d2157
a49aa1bb-0aa6-f011-bbd3-002248271486,0,,,,,No Impact,1,0,,,20472286,04d25798-3a42-ee11-bdf5-000d3a8fd327,02d14a80-07a6-f011-bbd3-002248271486,740adf46-9289-f011-b4cc-7c1e527cd923
9d9aa1bb-0aa6-f011-bbd3-002248271486,0,,,,,No Impact,1,0,,,20472282,04d25798-3a42-ee11-bdf5-000d3a8fd327,02d14a80-07a6-f011-bbd3-002248271486,6e1c0e50-9289-f011-b4cc-002248271486
77458ebb-0aa6-f011-bbd3-7c1e527cd923,0,,,,,No Impact,1,0,,,20472280,04d25798-3a42-ee11-bdf5-000d3a8fd327,02d14a80-07a6-f011-bbd3-002248271486,09e36ed6-9189-f011-b4cc-002248271486
481889be-0aa6-f011-bbd2-7c1e527d2157,0,,,,,No Impact,1,0,,,20472279,04d25798-3a42-ee11-bdf5-000d3a8fd327,02d14a80-07a6-f011-bbd3-002248271486,fc7f63d0-9189-f011-b4cc-002248271486
659aa1bb-0aa6-f011-bbd3-002248271486,0,,,,,No Impact,1,0,,,20472268,04d25798-3a42-ee11-bdf5-000d3a8fd327,40e1e82e-07a6-f011-bbd3-7c1e527cd923,c29afc0a-9289-f011-b4cc-7c1e527d2157
649aa1bb-0aa6-f011-bbd3-002248271486,0,,,,,No Impact,1,0,,,20472267,04d25798-3a42-ee11-bdf5-000d3a8fd327,40e1e82e-07a6-f011-bbd3-7c1e527cd923,23511df6-9189-f011-b4cc-7c1e527d2157
639aa1bb-0aa6-f011-bbd3-002248271486,0,,,,,No Impact,1,0,,,20472266,04d25798-3a42-ee11-bdf5-000d3a8fd327,40e1e82e-07a6-f011-bbd3-7c1e527cd923,c91de0e9-9189-f011-b4cc-7c1e527d2157
619aa1bb-0aa6-f011-bbd3-002248271486,0,,,,,No Impact,1,0,,,20472265,04d25798-3a42-ee11-bdf5-000d3a8fd327,40e1e82e-07a6-f011-bbd3-7c1e527cd923,31d4e7e3-9189-f011-b4cc-7c1e527d2157
f5448ebb-0aa6-f011-bbd3-7c1e527cd923,0,,,,,No Impact,1,0,,,20472263,04d25798-3a42-ee11-bdf5-000d3a8fd327,40e1e82e-07a6-f011-bbd3-7c1e527cd923,740adf46-9289-f011-b4cc-7c1e527cd923
e6448ebb-0aa6-f011-bbd3-7c1e527cd923,0,,,,,No Impact,1,0,,,20472259,04d25798-3a42-ee11-bdf5-000d3a8fd327,40e1e82e-07a6-f011-bbd3-7c1e527cd923,6e1c0e50-9289-f011-b4cc-002248271486
b4af6ab8-0aa6-f011-bbd2-7c1e527d2157,0,,,,,No Impact,1,0,,,20472258,04d25798-3a42-ee11-bdf5-000d3a8fd327,40e1e82e-07a6-f011-bbd3-7c1e527cd923,09e36ed6-9189-f011-b4cc-002248271486
b1af6ab8-0aa6-f011-bbd2-7c1e527d2157,0,,,,,No Impact,1,0,,,20472257,04d25798-3a42-ee11-bdf5-000d3a8fd327,40e1e82e-07a6-f011-bbd3-7c1e527cd923,fc7f63d0-9189-f011-b4cc-002248271486
e50ea4b5-0aa6-f011-bbd3-002248271486,0,,,,,No Impact,1,0,,,20472242,04d25798-3a42-ee11-bdf5-000d3a8fd327,27d378c7-06a6-f011-bbd3-7c1e527cd923,c29afc0a-9289-f011-b4cc-7c1e527d2157
702385b5-0aa6-f011-bbd3-7c1e527cd923,0,,,,,No Impact,1,0,,,20472241,04d25798-3a42-ee11-bdf5-000d3a8fd327,27d378c7-06a6-f011-bbd3-7c1e527cd923,23511df6-9189-f011-b4cc-7c1e527d2157
6f2385b5-0aa6-f011-bbd3-7c1e527cd923,0,,,,,No Impact,1,0,,,20472240,04d25798-3a42-ee11-bdf5-000d3a8fd327,27d378c7-06a6-f011-bbd3-7c1e527cd923,c91de0e9-9189-f011-b4cc-7c1e527d2157
c77966b2-0aa6-f011-bbd2-7c1e527d2157,0,,,,,No Impact,1,0,,,20472239,04d25798-3a42-ee11-bdf5-000d3a8fd327,27d378c7-06a6-f011-bbd3-7c1e527cd923,31d4e7e3-9189-f011-b4cc-7c1e527d2157
c57966b2-0aa6-f011-bbd2-7c1e527d2157,0,,,,,No Impact,1,0,,,20472237,04d25798-3a42-ee11-bdf5-000d3a8fd327,27d378c7-06a6-f011-bbd3-7c1e527cd923,740adf46-9289-f011-b4cc-7c1e527cd923
be7966b2-0aa6-f011-bbd2-7c1e527d2157,0,,,,,No Impact,1,0,,,20472233,04d25798-3a42-ee11-bdf5-000d3a8fd327,27d378c7-06a6-f011-bbd3-7c1e527cd923,6e1c0e50-9289-f011-b4cc-002248271486
c80ea4b5-0aa6-f011-bbd3-002248271486,0,,,,,No Impact,1,0,,,20472232,04d25798-3a42-ee11-bdf5-000d3a8fd327,27d378c7-06a6-f011-bbd3-7c1e527cd923,09e36ed6-9189-f011-b4cc-002248271486
602385b5-0aa6-f011-bbd3-7c1e527cd923,0,,,,,No Impact,1,0,,,20472231,04d25798-3a42-ee11-bdf5-000d3a8fd327,27d378c7-06a6-f011-bbd3-7c1e527cd923,fc7f63d0-9189-f011-b4cc-002248271486
800383af-0aa6-f011-bbd3-7c1e527cd923,0,,,,,No Impact,1,0,,,20472216,04d25798-3a42-ee11-bdf5-000d3a8fd327,17f0ea6b-06a6-f011-bbd3-7c1e527cd923,c29afc0a-9289-f011-b4cc-7c1e527d2157
4b197caf-0aa6-f011-bbd3-002248271486,0,,,,,No Impact,1,0,,,20472213,04d25798-3a42-ee11-bdf5-000d3a8fd327,17f0ea6b-06a6-f011-bbd3-7c1e527cd923,23511df6-9189-f011-b4cc-7c1e527d2157
43197caf-0aa6-f011-bbd3-002248271486,0,,,,,No Impact,1,0,,,20472211,04d25798-3a42-ee11-bdf5-000d3a8fd327,17f0ea6b-06a6-f011-bbd3-7c1e527cd923,c91de0e9-9189-f011-b4cc-7c1e527d2157
770383af-0aa6-f011-bbd3-7c1e527cd923,0,,,,,No Impact,1,0,,,20472209,04d25798-3a42-ee11-bdf5-000d3a8fd327,17f0ea6b-06a6-f011-bbd3-7c1e527cd923,31d4e7e3-9189-f011-b4cc-7c1e527d2157
36197caf-0aa6-f011-bbd3-002248271486,0,,,,,No Impact,1,0,,,20472207,04d25798-3a42-ee11-bdf5-000d3a8fd327,17f0ea6b-06a6-f011-bbd3-7c1e527cd923,740adf46-9289-f011-b4cc-7c1e527cd923
700383af-0aa6-f011-bbd3-7c1e527cd923,0,,,,,No Impact,1,0,,,20472204,04d25798-3a42-ee11-bdf5-000d3a8fd327,17f0ea6b-06a6-f011-bbd3-7c1e527cd923,3182c040-9289-f011-b4cc-7c1e527cd923
18197caf-0aa6-f011-bbd3-002248271486,0,,,,,No Impact,1,0,,,20472203,04d25798-3a42-ee11-bdf5-000d3a8fd327,17f0ea6b-06a6-f011-bbd3-7c1e527cd923,124ef45c-9289-f011-b4cc-002248271486
680383af-0aa6-f011-bbd3-7c1e527cd923,0,,,,,No Impact,1,0,,,20472202,04d25798-3a42-ee11-bdf5-000d3a8fd327,17f0ea6b-06a6-f011-bbd3-7c1e527cd923,6e1c0e50-9289-f011-b4cc-002248271486
393069ac-0aa6-f011-bbd2-7c1e527d2157,0,,,,,No Impact,1,0,,,20472200,04d25798-3a42-ee11-bdf5-000d3a8fd327,17f0ea6b-06a6-f011-bbd3-7c1e527cd923,09e36ed6-9189-f011-b4cc-002248271486
f8187caf-0aa6-f011-bbd3-002248271486,0,,,,,No Impact,1,0,,,20472199,04d25798-3a42-ee11-bdf5-000d3a8fd327,17f0ea6b-06a6-f011-bbd3-7c1e527cd923,fc7f63d0-9189-f011-b4cc-002248271486
1af17843-0aa6-f011-bbd3-7c1e527cd923,5,GLIMS complexity,,,,Moderate Impact,1,0,,,20472182,04d25798-3a42-ee11-bdf5-000d3a8fd327,71802c12-05a6-f011-bbd2-7c1e527d2157,cba1c26b-9289-f011-b4cc-7c1e527d2157
fd0c9944-0aa6-f011-bbd2-7c1e527d2157,5,"AIQ, QC IT and HPLC",,,,Moderate Impact,1,0,,,20472178,04d25798-3a42-ee11-bdf5-000d3a8fd327,71802c12-05a6-f011-bbd2-7c1e527d2157,a633db83-9289-f011-b4cc-7c1e527d2157
f7649e3e-0aa6-f011-bbd2-7c1e527d2157,1,No impact,,,,Low Impact,1,0,,,20472176,04d25798-3a42-ee11-bdf5-000d3a8fd327,71802c12-05a6-f011-bbd2-7c1e527d2157,40a9de76-9289-f011-b4cc-7c1e527cd923
91945643-0aa6-f011-bbd3-002248271486,5,U$ 548k,,,,Moderate Impact,1,0,,,20472172,04d25798-3a42-ee11-bdf5-000d3a8fd327,71802c12-05a6-f011-bbd2-7c1e527d2157,300edd89-9289-f011-b4cc-7c1e527d2157
8b945643-0aa6-f011-bbd3-002248271486,0,,,,,No Impact,1,0,,,20472164,04d25798-3a42-ee11-bdf5-000d3a8fd327,71802c12-05a6-f011-bbd2-7c1e527d2157,c29afc0a-9289-f011-b4cc-7c1e527d2157
8a945643-0aa6-f011-bbd3-002248271486,0,,,,,No Impact,1,0,,,20472163,04d25798-3a42-ee11-bdf5-000d3a8fd327,71802c12-05a6-f011-bbd2-7c1e527d2157,23511df6-9189-f011-b4cc-7c1e527d2157
0bf17843-0aa6-f011-bbd3-7c1e527cd923,0,,,,,No Impact,1,0,,,20472161,04d25798-3a42-ee11-bdf5-000d3a8fd327,71802c12-05a6-f011-bbd2-7c1e527d2157,c91de0e9-9189-f011-b4cc-7c1e527d2157
08f17843-0aa6-f011-bbd3-7c1e527cd923,0,,,,,No Impact,1,0,,,20472158,04d25798-3a42-ee11-bdf5-000d3a8fd327,71802c12-05a6-f011-bbd2-7c1e527d2157,31d4e7e3-9189-f011-b4cc-7c1e527d2157
85945643-0aa6-f011-bbd3-002248271486,0,,,,,No Impact,1,0,,,20472156,04d25798-3a42-ee11-bdf5-000d3a8fd327,71802c12-05a6-f011-bbd2-7c1e527d2157,740adf46-9289-f011-b4cc-7c1e527cd923
ef649e3e-0aa6-f011-bbd2-7c1e527d2157,0,,,,,No Impact,1,0,,,20472153,04d25798-3a42-ee11-bdf5-000d3a8fd327,71802c12-05a6-f011-bbd2-7c1e527d2157,6e1c0e50-9289-f011-b4cc-002248271486
eb649e3e-0aa6-f011-bbd2-7c1e527d2157,0,,,,,No Impact,1,0,,,20472152,04d25798-3a42-ee11-bdf5-000d3a8fd327,71802c12-05a6-f011-bbd2-7c1e527d2157,09e36ed6-9189-f011-b4cc-002248271486
e6649e3e-0aa6-f011-bbd2-7c1e527d2157,0,,,,,No Impact,1,0,,,20472150,04d25798-3a42-ee11-bdf5-000d3a8fd327,71802c12-05a6-f011-bbd2-7c1e527d2157,fc7f63d0-9189-f011-b4cc-002248271486
397b9682-01a6-f011-bbd3-7c1e527cd923,5,New instrument and software. GLIMS complexity is unknown,,,,Moderate Impact,1,0,,,20472136,04d25798-3a42-ee11-bdf5-000d3a8fd327,b907945d-01a6-f011-bbd2-7c1e527d2157,cba1c26b-9289-f011-b4cc-7c1e527d2157
3c4a2b85-01a6-f011-bbd3-002248271486,5,"AIQ, QC IT, PArticle labs and RM labs",,,,Moderate Impact,1,0,,,20472130,04d25798-3a42-ee11-bdf5-000d3a8fd327,b907945d-01a6-f011-bbd2-7c1e527d2157,a633db83-9289-f011-b4cc-7c1e527d2157
c9eef00a-629d-f011-b41b-7c1e527d2157,1,"Simple project, bench installation is commonly performed in suites.",,,,Low Impact,1,0,,,20472128,04d25798-3a42-ee11-bdf5-000d3a8fd327,1fbff28e-609d-f011-b41b-00224827aa4c,cba1c26b-9289-f011-b4cc-7c1e527d2157
297b9682-01a6-f011-bbd3-7c1e527cd923,5,Need to outsource testing,,,,Moderate Impact,1,0,,,20472126,04d25798-3a42-ee11-bdf5-000d3a8fd327,b907945d-01a6-f011-bbd2-7c1e527d2157,40a9de76-9289-f011-b4cc-7c1e527cd923
3d4a2b85-01a6-f011-bbd3-002248271486,1,U$ 240k,,,,Low Impact,1,0,,,20472124,04d25798-3a42-ee11-bdf5-000d3a8fd327,b907945d-01a6-f011-bbd2-7c1e527d2157,300edd89-9289-f011-b4cc-7c1e527d2157
caeef00a-629d-f011-b41b-7c1e527d2157,1,Actual labor hours will be fully analyzed when the change control gets department assessments.  It's assumed at this time to be < 300 hours.,,,,Low Impact,1,0,,,20472122,04d25798-3a42-ee11-bdf5-000d3a8fd327,1fbff28e-609d-f011-b41b-00224827aa4c,a633db83-9289-f011-b4cc-7c1e527d2157
65f93d0f-629d-f011-b41c-7c1e527cd923,1,"Installation of benches will be done around manufacturing schedules.  Will not impact areas where manufacturing occurs, benches are primarily in gowning rooms.  NOTE: tried to select None in fields above, but I couldn't get the ""Ok"" button to activate.",,,,Low Impact,1,0,,,20472120,04d25798-3a42-ee11-bdf5-000d3a8fd327,1fbff28e-609d-f011-b41b-00224827aa4c,40a9de76-9289-f011-b4cc-7c1e527cd923
8afbfc88-01a6-f011-bbd3-7c1e527cd923,1,Was implemented in the past,,,,Low Impact,1,0,,,20472115,04d25798-3a42-ee11-bdf5-000d3a8fd327,213f30d9-00a6-f011-bbd3-002248271486,cba1c26b-9289-f011-b4cc-7c1e527d2157
834a2b85-01a6-f011-bbd3-002248271486,1,Around  U$210k,,,,Low Impact,1,0,,,20472113,04d25798-3a42-ee11-bdf5-000d3a8fd327,213f30d9-00a6-f011-bbd3-002248271486,300edd89-9289-f011-b4cc-7c1e527d2157
6eaf958a-01a6-f011-bbd2-7c1e527d2157,5,"AIQ, QC IT and HPLC work",,,,Moderate Impact,1,0,,,20472109,04d25798-3a42-ee11-bdf5-000d3a8fd327,213f30d9-00a6-f011-bbd3-002248271486,a633db83-9289-f011-b4cc-7c1e527d2157
54c0d90e-629d-f011-b41c-002248271486,1,"Quotes for benches, labor, and install was ~ $50,000",,,,Low Impact,1,0,,,20472107,04d25798-3a42-ee11-bdf5-000d3a8fd327,1fbff28e-609d-f011-b41b-00224827aa4c,300edd89-9289-f011-b4cc-7c1e527d2157
82fbfc88-01a6-f011-bbd3-7c1e527cd923,5,Ability to test and validate methods,,,,Moderate Impact,1,0,,,20472105,04d25798-3a42-ee11-bdf5-000d3a8fd327,213f30d9-00a6-f011-bbd3-002248271486,40a9de76-9289-f011-b4cc-7c1e527cd923
c4d37b84-01a6-f011-bbd2-7c1e527d2157,5,Bottleneck at QC o test new methods and future programs at the site,,,,Moderate Impact,1,0,,,20472101,04d25798-3a42-ee11-bdf5-000d3a8fd327,213f30d9-00a6-f011-bbd3-002248271486,3182c040-9289-f011-b4cc-7c1e527cd923
6daf958a-01a6-f011-bbd2-7c1e527d2157,0,,,,,No Impact,1,0,,,20471845,04d25798-3a42-ee11-bdf5-000d3a8fd327,213f30d9-00a6-f011-bbd3-002248271486,c29afc0a-9289-f011-b4cc-7c1e527d2157
89fbfc88-01a6-f011-bbd3-7c1e527cd923,0,,,,,No Impact,1,0,,,20471844,04d25798-3a42-ee11-bdf5-000d3a8fd327,213f30d9-00a6-f011-bbd3-002248271486,23511df6-9189-f011-b4cc-7c1e527d2157
824a2b85-01a6-f011-bbd3-002248271486,0,,,,,No Impact,1,0,,,20471843,04d25798-3a42-ee11-bdf5-000d3a8fd327,213f30d9-00a6-f011-bbd3-002248271486,c91de0e9-9189-f011-b4cc-7c1e527d2157
69af958a-01a6-f011-bbd2-7c1e527d2157,0,,,,,No Impact,1,0,,,20471842,04d25798-3a42-ee11-bdf5-000d3a8fd327,213f30d9-00a6-f011-bbd3-002248271486,31d4e7e3-9189-f011-b4cc-7c1e527d2157
7f4a2b85-01a6-f011-bbd3-002248271486,0,,,,,No Impact,1,0,,,20471840,04d25798-3a42-ee11-bdf5-000d3a8fd327,213f30d9-00a6-f011-bbd3-002248271486,740adf46-9289-f011-b4cc-7c1e527cd923
c3d37b84-01a6-f011-bbd2-7c1e527d2157,0,,,,,No Impact,1,0,,,20471838,04d25798-3a42-ee11-bdf5-000d3a8fd327,213f30d9-00a6-f011-bbd3-002248271486,124ef45c-9289-f011-b4cc-002248271486
c2d37b84-01a6-f011-bbd2-7c1e527d2157,0,,,,,No Impact,1,0,,,20471836,04d25798-3a42-ee11-bdf5-000d3a8fd327,213f30d9-00a6-f011-bbd3-002248271486,6e1c0e50-9289-f011-b4cc-002248271486
7d4a2b85-01a6-f011-bbd3-002248271486,0,,,,,No Impact,1,0,,,20471835,04d25798-3a42-ee11-bdf5-000d3a8fd327,213f30d9-00a6-f011-bbd3-002248271486,09e36ed6-9189-f011-b4cc-002248271486
80fbfc88-01a6-f011-bbd3-7c1e527cd923,0,,,,,No Impact,1,0,,,20471834,04d25798-3a42-ee11-bdf5-000d3a8fd327,213f30d9-00a6-f011-bbd3-002248271486,fc7f63d0-9189-f011-b4cc-002248271486
3b4a2b85-01a6-f011-bbd3-002248271486,0,,,,,No Impact,1,0,,,20471822,04d25798-3a42-ee11-bdf5-000d3a8fd327,b907945d-01a6-f011-bbd2-7c1e527d2157,c29afc0a-9289-f011-b4cc-7c1e527d2157
3a4a2b85-01a6-f011-bbd3-002248271486,0,,,,,No Impact,1,0,,,20471821,04d25798-3a42-ee11-bdf5-000d3a8fd327,b907945d-01a6-f011-bbd2-7c1e527d2157,23511df6-9189-f011-b4cc-7c1e527d2157
2f7b9682-01a6-f011-bbd3-7c1e527cd923,0,,,,,No Impact,1,0,,,20471820,04d25798-3a42-ee11-bdf5-000d3a8fd327,b907945d-01a6-f011-bbd2-7c1e527d2157,c91de0e9-9189-f011-b4cc-7c1e527d2157
b9d37b84-01a6-f011-bbd2-7c1e527d2157,0,,,,,No Impact,1,0,,,20471819,04d25798-3a42-ee11-bdf5-000d3a8fd327,b907945d-01a6-f011-bbd2-7c1e527d2157,31d4e7e3-9189-f011-b4cc-7c1e527d2157
257b9682-01a6-f011-bbd3-7c1e527cd923,0,,,,,No Impact,1,0,,,20471816,04d25798-3a42-ee11-bdf5-000d3a8fd327,b907945d-01a6-f011-bbd2-7c1e527d2157,740adf46-9289-f011-b4cc-7c1e527cd923
b6d37b84-01a6-f011-bbd2-7c1e527d2157,0,,,,,No Impact,1,0,,,20471813,04d25798-3a42-ee11-bdf5-000d3a8fd327,b907945d-01a6-f011-bbd2-7c1e527d2157,6e1c0e50-9289-f011-b4cc-002248271486
a2ad187f-01a6-f011-bbd3-002248271486,0,,,,,No Impact,1,0,,,20471812,04d25798-3a42-ee11-bdf5-000d3a8fd327,b907945d-01a6-f011-bbd2-7c1e527d2157,09e36ed6-9189-f011-b4cc-002248271486
a1ad187f-01a6-f011-bbd3-002248271486,0,,,,,No Impact,1,0,,,20471810,04d25798-3a42-ee11-bdf5-000d3a8fd327,b907945d-01a6-f011-bbd2-7c1e527d2157,fc7f63d0-9189-f011-b4cc-002248271486
22da5bd9-78a5-f011-bbd3-7c1e527cd923,1,The facility (200SW MS Analytical Lab) is being upgraded and will be ready to support installation and operation of two mass spectrometers by January 2026. Physical lab space or utility improvements will not be needed beyond this point; acquisition and setup of the new instrument can proceed without infrastructure delays.,,,,Low Impact,1,0,,,20468769,04d25798-3a42-ee11-bdf5-000d3a8fd327,893307c7-78a5-f011-bbd3-7c1e527cd923,cba1c26b-9289-f011-b4cc-7c1e527d2157
fc289ed8-78a5-f011-bbd3-002248271486,1,This project will be used to support process development and investigations.,,,,Low Impact,1,0,,,20468767,04d25798-3a42-ee11-bdf5-000d3a8fd327,893307c7-78a5-f011-bbd3-7c1e527cd923,a633db83-9289-f011-b4cc-7c1e527d2157
267e63d3-78a5-f011-bbd3-7c1e527cd923,1,This project is to implement a new mass sepectrometer at 200SW Manufacturing Sciences lab and has no impact to production schedule. The project will be used to support investigations to help batch release.,,,,Low Impact,1,0,,,20468764,04d25798-3a42-ee11-bdf5-000d3a8fd327,893307c7-78a5-f011-bbd3-7c1e527cd923,40a9de76-9289-f011-b4cc-7c1e527cd923
21da5bd9-78a5-f011-bbd3-7c1e527cd923,0,,,,,No Impact,1,0,,,20468758,04d25798-3a42-ee11-bdf5-000d3a8fd327,893307c7-78a5-f011-bbd3-7c1e527cd923,c29afc0a-9289-f011-b4cc-7c1e527d2157
1dd4d1d7-78a5-f011-bbd2-7c1e527d2157,0,,,,,No Impact,1,0,,,20468746,04d25798-3a42-ee11-bdf5-000d3a8fd327,893307c7-78a5-f011-bbd3-7c1e527cd923,fc7f63d0-9189-f011-b4cc-002248271486
d02909fd-45a5-f011-bbd3-7c1e527cd923,1,Only decommissioning activities,,,,Low Impact,1,0,,,20468176,04d25798-3a42-ee11-bdf5-000d3a8fd327,f67bf6f6-45a5-f011-bbd3-7c1e527cd923,cba1c26b-9289-f011-b4cc-7c1e527d2157
46868c01-46a5-f011-bbd2-7c1e527d2157,0,N/A,,,,No Impact,1,0,,,20468174,04d25798-3a42-ee11-bdf5-000d3a8fd327,f67bf6f6-45a5-f011-bbd3-7c1e527cd923,c91de0e9-9189-f011-b4cc-7c1e527d2157
169f85fb-45a5-f011-bbd2-7c1e527d2157,1,Reduction in validated truck fleet from 4 to 3 means one less truck omtting carbon emissions,,,,Low Impact,1,0,,,20468172,04d25798-3a42-ee11-bdf5-000d3a8fd327,f67bf6f6-45a5-f011-bbd3-7c1e527cd923,09e36ed6-9189-f011-b4cc-002248271486
dbe1c1fe-45a5-f011-bbd3-002248271486,0,N/A,,,,No Impact,1,0,,,20468170,04d25798-3a42-ee11-bdf5-000d3a8fd327,f67bf6f6-45a5-f011-bbd3-7c1e527cd923,31d4e7e3-9189-f011-b4cc-7c1e527d2157
179f85fb-45a5-f011-bbd2-7c1e527d2157,5,Operating cost reduction by reducing validated truck fleet from 4 to 3,,,,Moderate Impact,1,0,,,20468168,04d25798-3a42-ee11-bdf5-000d3a8fd327,f67bf6f6-45a5-f011-bbd3-7c1e527cd923,124ef45c-9289-f011-b4cc-002248271486
ce2909fd-45a5-f011-bbd3-7c1e527cd923,0,N/A,,,,No Impact,1,0,,,20468166,04d25798-3a42-ee11-bdf5-000d3a8fd327,f67bf6f6-45a5-f011-bbd3-7c1e527cd923,23511df6-9189-f011-b4cc-7c1e527d2157
dee1c1fe-45a5-f011-bbd3-002248271486,1,Only decommissioning efforts as we are not replacing this truck,,,,Low Impact,1,0,,,20468164,04d25798-3a42-ee11-bdf5-000d3a8fd327,f67bf6f6-45a5-f011-bbd3-7c1e527cd923,a633db83-9289-f011-b4cc-7c1e527d2157
cc2909fd-45a5-f011-bbd3-7c1e527cd923,1,"N/A  FYI, would not let me choose ""None""",,,,Low Impact,1,0,,,20468162,04d25798-3a42-ee11-bdf5-000d3a8fd327,f67bf6f6-45a5-f011-bbd3-7c1e527cd923,40a9de76-9289-f011-b4cc-7c1e527cd923
cf2909fd-45a5-f011-bbd3-7c1e527cd923,0,N/A,,,,No Impact,1,0,,,20468160,04d25798-3a42-ee11-bdf5-000d3a8fd327,f67bf6f6-45a5-f011-bbd3-7c1e527cd923,c29afc0a-9289-f011-b4cc-7c1e527d2157
c62909fd-45a5-f011-bbd3-7c1e527cd923,0,N/A,,,,No Impact,1,0,,,20468158,04d25798-3a42-ee11-bdf5-000d3a8fd327,f67bf6f6-45a5-f011-bbd3-7c1e527cd923,6e1c0e50-9289-f011-b4cc-002248271486
ca2909fd-45a5-f011-bbd3-7c1e527cd923,1,"Operating cost reduction of the following:
Monthly Lease charge - $2312.79
Mileage cost - $0.13/mile
Reefer standby rate - $0.25
Fuel - $125/week",All costs provided by Penske for unit 292848,,,Low Impact,1,0,,,20468156,04d25798-3a42-ee11-bdf5-000d3a8fd327,f67bf6f6-45a5-f011-bbd3-7c1e527cd923,740adf46-9289-f011-b4cc-7c1e527cd923
dae1c1fe-45a5-f011-bbd3-002248271486,0,N/A,,,,No Impact,1,0,,,20468134,04d25798-3a42-ee11-bdf5-000d3a8fd327,f67bf6f6-45a5-f011-bbd3-7c1e527cd923,fc7f63d0-9189-f011-b4cc-002248271486
dfe1c1fe-45a5-f011-bbd3-002248271486,1,"Crossfunctional decommissioning support of Validation, Automation, Warehouse, QA Validation",,,,Low Impact,1,0,,,20468130,04d25798-3a42-ee11-bdf5-000d3a8fd327,f67bf6f6-45a5-f011-bbd3-7c1e527cd923,300edd89-9289-f011-b4cc-7c1e527d2157
7af7a842-45a5-f011-bbd3-7c1e527cd923,0,,,,,No Impact,1,0,,,20468093,04d25798-3a42-ee11-bdf5-000d3a8fd327,97a936b1-44a5-f011-bbd3-7c1e527cd923,c29afc0a-9289-f011-b4cc-7c1e527d2157
f648ab41-45a5-f011-bbd3-002248271486,0,,,,,No Impact,1,0,,,20468092,04d25798-3a42-ee11-bdf5-000d3a8fd327,97a936b1-44a5-f011-bbd3-7c1e527cd923,23511df6-9189-f011-b4cc-7c1e527d2157
78f7a842-45a5-f011-bbd3-7c1e527cd923,0,,,,,No Impact,1,0,,,20468090,04d25798-3a42-ee11-bdf5-000d3a8fd327,97a936b1-44a5-f011-bbd3-7c1e527cd923,c91de0e9-9189-f011-b4cc-7c1e527d2157
d015f241-45a5-f011-bbd2-7c1e527d2157,0,,,,,No Impact,1,0,,,20468089,04d25798-3a42-ee11-bdf5-000d3a8fd327,97a936b1-44a5-f011-bbd3-7c1e527cd923,31d4e7e3-9189-f011-b4cc-7c1e527d2157
ee48ab41-45a5-f011-bbd3-002248271486,0,,,,,No Impact,1,0,,,20468087,04d25798-3a42-ee11-bdf5-000d3a8fd327,97a936b1-44a5-f011-bbd3-7c1e527cd923,740adf46-9289-f011-b4cc-7c1e527cd923
cf15f241-45a5-f011-bbd2-7c1e527d2157,0,,,,,No Impact,1,0,,,20468085,04d25798-3a42-ee11-bdf5-000d3a8fd327,97a936b1-44a5-f011-bbd3-7c1e527cd923,124ef45c-9289-f011-b4cc-002248271486
e048ab41-45a5-f011-bbd3-002248271486,0,,,,,No Impact,1,0,,,20468084,04d25798-3a42-ee11-bdf5-000d3a8fd327,97a936b1-44a5-f011-bbd3-7c1e527cd923,6e1c0e50-9289-f011-b4cc-002248271486
cd15f241-45a5-f011-bbd2-7c1e527d2157,0,,,,,No Impact,1,0,,,20468082,04d25798-3a42-ee11-bdf5-000d3a8fd327,97a936b1-44a5-f011-bbd3-7c1e527cd923,fc7f63d0-9189-f011-b4cc-002248271486
36a55f03-3ba5-f011-bbd3-002248271486,1,No technical challenges - assessment required and implement cooling units needed.,No technical challenges - assessment required and implement cooling units needed.,,,Low Impact,1,0,,,20467042,04d25798-3a42-ee11-bdf5-000d3a8fd327,e41d4bfa-3aa5-f011-bbd2-7c1e527d2157,cba1c26b-9289-f011-b4cc-7c1e527d2157
3aa55f03-3ba5-f011-bbd3-002248271486,1,Mostly external contractor support.,Mostly external contractor support.,,,Low Impact,1,0,,,20467038,04d25798-3a42-ee11-bdf5-000d3a8fd327,e41d4bfa-3aa5-f011-bbd2-7c1e527d2157,a633db83-9289-f011-b4cc-7c1e527d2157
23a55f03-3ba5-f011-bbd3-002248271486,1,No impact to production.,No impact to production.,,,Low Impact,1,0,,,20467036,04d25798-3a42-ee11-bdf5-000d3a8fd327,e41d4bfa-3aa5-f011-bbd2-7c1e527d2157,40a9de76-9289-f011-b4cc-7c1e527cd923
3ba55f03-3ba5-f011-bbd3-002248271486,1,Approx estimate $150k total to include study/assessment and upgrades,Approx estimate $150k total to include study/assessment and upgrades,,,Low Impact,1,0,,,20467034,04d25798-3a42-ee11-bdf5-000d3a8fd327,e41d4bfa-3aa5-f011-bbd2-7c1e527d2157,300edd89-9289-f011-b4cc-7c1e527d2157
e6c15100-3ba5-f011-bbd2-7c1e527d2157,0,,,,,No Impact,1,0,,,20466996,04d25798-3a42-ee11-bdf5-000d3a8fd327,e41d4bfa-3aa5-f011-bbd2-7c1e527d2157,23511df6-9189-f011-b4cc-7c1e527d2157
ac672703-3ba5-f011-bbd3-7c1e527cd923,0,,,,,No Impact,1,0,,,20466995,04d25798-3a42-ee11-bdf5-000d3a8fd327,e41d4bfa-3aa5-f011-bbd2-7c1e527d2157,c91de0e9-9189-f011-b4cc-7c1e527d2157
dec15100-3ba5-f011-bbd2-7c1e527d2157,0,,,,,No Impact,1,0,,,20466994,04d25798-3a42-ee11-bdf5-000d3a8fd327,e41d4bfa-3aa5-f011-bbd2-7c1e527d2157,31d4e7e3-9189-f011-b4cc-7c1e527d2157
1ea55f03-3ba5-f011-bbd3-002248271486,0,,,,,No Impact,1,0,,,20466992,04d25798-3a42-ee11-bdf5-000d3a8fd327,e41d4bfa-3aa5-f011-bbd2-7c1e527d2157,740adf46-9289-f011-b4cc-7c1e527cd923
cac15100-3ba5-f011-bbd2-7c1e527d2157,0,,,,,No Impact,1,0,,,20466988,04d25798-3a42-ee11-bdf5-000d3a8fd327,e41d4bfa-3aa5-f011-bbd2-7c1e527d2157,6e1c0e50-9289-f011-b4cc-002248271486
c9c15100-3ba5-f011-bbd2-7c1e527d2157,0,,,,,No Impact,1,0,,,20466987,04d25798-3a42-ee11-bdf5-000d3a8fd327,e41d4bfa-3aa5-f011-bbd2-7c1e527d2157,09e36ed6-9189-f011-b4cc-002248271486
c0c15100-3ba5-f011-bbd2-7c1e527d2157,0,,,,,No Impact,1,0,,,20466985,04d25798-3a42-ee11-bdf5-000d3a8fd327,e41d4bfa-3aa5-f011-bbd2-7c1e527d2157,fc7f63d0-9189-f011-b4cc-002248271486
9fb01b90-0fa5-f011-bbd3-7c1e527cd923,1,We have onsite experience  with designing disposables and good vendor relationships to produce prototypes.,Site experience designing disposables.,,,Low Impact,1,0,,,20465862,04d25798-3a42-ee11-bdf5-000d3a8fd327,81560a68-0fa5-f011-bbd2-7c1e527d2157,cba1c26b-9289-f011-b4cc-7c1e527d2157
99b01b90-0fa5-f011-bbd3-7c1e527cd923,0,N/A,N/A,,,No Impact,1,0,,,20465860,04d25798-3a42-ee11-bdf5-000d3a8fd327,81560a68-0fa5-f011-bbd2-7c1e527d2157,31d4e7e3-9189-f011-b4cc-7c1e527d2157
f6053192-0fa5-f011-bbd3-002248271486,0,N/A,N/A,,,No Impact,1,0,,,20465859,04d25798-3a42-ee11-bdf5-000d3a8fd327,81560a68-0fa5-f011-bbd2-7c1e527d2157,c91de0e9-9189-f011-b4cc-7c1e527d2157
e7053192-0fa5-f011-bbd3-002248271486,0,N/A,Not an EHS initiative,,,No Impact,1,0,,,20465854,04d25798-3a42-ee11-bdf5-000d3a8fd327,81560a68-0fa5-f011-bbd2-7c1e527d2157,09e36ed6-9189-f011-b4cc-002248271486
c0442f92-0fa5-f011-bbd2-7c1e527d2157,15,"Contamination increases the COGS, RFT.",Implementing a new SUT design will reduce the number of touch points and discards thereby improve the RFT and employee eperience.,,,Critical Impact,1,0,,,20465852,04d25798-3a42-ee11-bdf5-000d3a8fd327,81560a68-0fa5-f011-bbd2-7c1e527d2157,124ef45c-9289-f011-b4cc-002248271486
fb053192-0fa5-f011-bbd3-002248271486,10,Mitigate a deficiency that has been identified as acontributing factor to multiple contaminations and is a potential compliance risk due to multiple contaminations.,12 contaminations in 3 years (2023-2025) creates a vulnerability to regulatory scrutiny.,,,High Impact,1,0,,,20465817,04d25798-3a42-ee11-bdf5-000d3a8fd327,81560a68-0fa5-f011-bbd2-7c1e527d2157,23511df6-9189-f011-b4cc-7c1e527d2157
f4053192-0fa5-f011-bbd3-002248271486,1,N/A,N/A,,,Low Impact,1,0,,,20465811,04d25798-3a42-ee11-bdf5-000d3a8fd327,81560a68-0fa5-f011-bbd2-7c1e527d2157,40a9de76-9289-f011-b4cc-7c1e527cd923
d4442f92-0fa5-f011-bbd2-7c1e527d2157,5,"Time to analyze and change the design, work with vendors, change controls, BOM update, SAP updates, SOP updates, and complete the drawing",Based on history and experience implementing this type of change.,,,Moderate Impact,1,0,,,20465809,04d25798-3a42-ee11-bdf5-000d3a8fd327,81560a68-0fa5-f011-bbd2-7c1e527d2157,a633db83-9289-f011-b4cc-7c1e527d2157
d0442f92-0fa5-f011-bbd2-7c1e527d2157,5,"Operators are trained/retrained and reminded to follow good aseptic techniues during the welding process. However we have not put Engineering controls in place ,",Operators are trained/retrained and reminded to follow good aseptic techniues during the welding process.,,,Moderate Impact,1,0,,,20465807,04d25798-3a42-ee11-bdf5-000d3a8fd327,81560a68-0fa5-f011-bbd2-7c1e527d2157,c29afc0a-9289-f011-b4cc-7c1e527d2157
b7442f92-0fa5-f011-bbd2-7c1e527d2157,10,Loss of 5 batches in FY 25 equates to greater than 10% loss in yield,The calculation for yield includes the amount of DS produced. The finacial calculation for yield includes the discards from contamination (per calculation from finance).,,,High Impact,1,0,,,20465805,04d25798-3a42-ee11-bdf5-000d3a8fd327,81560a68-0fa5-f011-bbd2-7c1e527d2157,6e1c0e50-9289-f011-b4cc-002248271486
90b01b90-0fa5-f011-bbd3-7c1e527cd923,15,400 Shire Way site has had 12 contaminations (2023-2025)  with the spool piece as a potential contributor in 3 of these events.,Cost per batch is approximately $3M (USD) of which $9M can be atributed to spool tubing.,,,Critical Impact,1,0,,,20465796,04d25798-3a42-ee11-bdf5-000d3a8fd327,81560a68-0fa5-f011-bbd2-7c1e527d2157,740adf46-9289-f011-b4cc-7c1e527cd923
7eb01b90-0fa5-f011-bbd3-7c1e527cd923,0,Not applicable,This is not an EHS risk item.,,,No Impact,1,0,,,20465709,04d25798-3a42-ee11-bdf5-000d3a8fd327,81560a68-0fa5-f011-bbd2-7c1e527d2157,fc7f63d0-9189-f011-b4cc-002248271486
00063192-0fa5-f011-bbd3-002248271486,1,There is a potential cost to redesign the SUTassociated with vendor prototyping and drawing design.,Based on previous redesignsInitial team discussions there is an expected cost of approximately 0.5 Oku Yen.,,,Low Impact,1,0,,,20465705,04d25798-3a42-ee11-bdf5-000d3a8fd327,81560a68-0fa5-f011-bbd2-7c1e527d2157,300edd89-9289-f011-b4cc-7c1e527d2157
ed053192-0fa5-f011-bbd3-002248271486,10,"Failure can lead to BRX contaminations which leads to schedule delays, potential product supply impacts, and finacial lost in discards.",Site has had multiple contaminations - 12 contaminations since 2023.,,,High Impact,1,0,,,20465703,04d25798-3a42-ee11-bdf5-000d3a8fd327,81560a68-0fa5-f011-bbd2-7c1e527d2157,3182c040-9289-f011-b4cc-7c1e527cd923
ed52f027-53a4-f011-bbd3-6045bddb6d09,0,Would reduce amount of smoke released into air should a fire break out.,,,,No Impact,1,0,,,20453543,04d25798-3a42-ee11-bdf5-000d3a8fd327,460978c2-4ca4-f011-bbd3-002248271486,09e36ed6-9189-f011-b4cc-002248271486
67b88902-629d-f011-b41c-002248271486,1,Well vetted technology.,,,,Low Impact,1,0,,,20452660,04d25798-3a42-ee11-bdf5-000d3a8fd327,89cbe10c-619d-f011-b41b-000d3a984383,cba1c26b-9289-f011-b4cc-7c1e527d2157
1cd09e02-629d-f011-b41c-6045bddb6d09,1,"Reduction in 120,000L of water usage per year",,,,Low Impact,1,0,,,20452658,04d25798-3a42-ee11-bdf5-000d3a8fd327,89cbe10c-619d-f011-b41b-000d3a984383,c91de0e9-9189-f011-b4cc-7c1e527d2157
1ad09e02-629d-f011-b41c-6045bddb6d09,1,Reduction in bag usage,,,,Low Impact,1,0,,,20452656,04d25798-3a42-ee11-bdf5-000d3a8fd327,89cbe10c-619d-f011-b41b-000d3a984383,31d4e7e3-9189-f011-b4cc-7c1e527d2157
5cb88902-629d-f011-b41c-002248271486,0,NA,,,,No Impact,1,0,,,20452651,04d25798-3a42-ee11-bdf5-000d3a8fd327,89cbe10c-619d-f011-b41b-000d3a984383,09e36ed6-9189-f011-b4cc-002248271486
dae0f501-629d-f011-b41b-000d3a984383,0,Could use existing calibration systems but new system supports water use reduction and cost improvement,,,,No Impact,1,0,,,20452649,04d25798-3a42-ee11-bdf5-000d3a8fd327,89cbe10c-619d-f011-b41b-000d3a984383,3182c040-9289-f011-b4cc-7c1e527cd923
66b88902-629d-f011-b41c-002248271486,1,NA,,,,Low Impact,1,0,,,20452646,04d25798-3a42-ee11-bdf5-000d3a8fd327,89cbe10c-619d-f011-b41b-000d3a984383,c29afc0a-9289-f011-b4cc-7c1e527d2157
60b88902-629d-f011-b41c-002248271486,5,Supports sustainablity and cost reduction strategic efforts,,,,Moderate Impact,1,0,,,20452638,04d25798-3a42-ee11-bdf5-000d3a8fd327,89cbe10c-619d-f011-b41b-000d3a984383,124ef45c-9289-f011-b4cc-002248271486
1dd09e02-629d-f011-b41c-6045bddb6d09,1,Implementation of technology provide greater trending and monitoring abilities to support deviation investigation,,,,Low Impact,1,0,,,20452636,04d25798-3a42-ee11-bdf5-000d3a8fd327,89cbe10c-619d-f011-b41b-000d3a984383,23511df6-9189-f011-b4cc-7c1e527d2157
6c38ba01-629d-f011-b41c-7c1e527cd923,1,Simple project impact only calibration,,,,Low Impact,1,0,,,20452634,04d25798-3a42-ee11-bdf5-000d3a8fd327,89cbe10c-619d-f011-b41b-000d3a984383,a633db83-9289-f011-b4cc-7c1e527d2157
cfb5befe-619d-f011-b41c-002248276c98,1,NA - Part of 4th BioRX implemenation,,,,Low Impact,1,0,,,20452632,04d25798-3a42-ee11-bdf5-000d3a8fd327,89cbe10c-619d-f011-b41b-000d3a984383,40a9de76-9289-f011-b4cc-7c1e527cd923
2d1499fe-619d-f011-b41b-7c1e527d2157,1,Supports introduction of 4th bioreactor,,,,Low Impact,1,0,,,20452606,04d25798-3a42-ee11-bdf5-000d3a8fd327,89cbe10c-619d-f011-b41b-000d3a984383,6e1c0e50-9289-f011-b4cc-002248271486
ff723b03-629d-f011-b41c-7c1e527e91a1,10,"$100K in bags savings/yr, 120,000L of water savings/year, 25% reduction in calibration labor per calibration event",,,,High Impact,1,0,,,20452566,04d25798-3a42-ee11-bdf5-000d3a8fd327,89cbe10c-619d-f011-b41b-000d3a984383,740adf46-9289-f011-b4cc-7c1e527cd923
9929ea04-629d-f011-b41b-7c1e527d2157,1,Total project costs ROM is $400K.,,,,Low Impact,1,0,,,20452440,04d25798-3a42-ee11-bdf5-000d3a8fd327,89cbe10c-619d-f011-b41b-000d3a984383,300edd89-9289-f011-b4cc-7c1e527d2157
271499fe-619d-f011-b41b-7c1e527d2157,1,Reduces risk to calibration technician (e.g. don't have to work on ladders to calibrate),,,,Low Impact,1,0,,,20452426,04d25798-3a42-ee11-bdf5-000d3a8fd327,89cbe10c-619d-f011-b41b-000d3a984383,fc7f63d0-9189-f011-b4cc-002248271486
e1a91a2e-53a4-f011-bbd3-6045bddb6d09,5,Depends on fire suppression vs. smoke detection,,,,Moderate Impact,1,0,,,20451987,04d25798-3a42-ee11-bdf5-000d3a8fd327,460978c2-4ca4-f011-bbd3-002248271486,cba1c26b-9289-f011-b4cc-7c1e527d2157
aae67f28-53a4-f011-bbd2-7c1e527d2157,0,N/A,,,,No Impact,1,0,,,20451985,04d25798-3a42-ee11-bdf5-000d3a8fd327,460978c2-4ca4-f011-bbd3-002248271486,c91de0e9-9189-f011-b4cc-7c1e527d2157
d9359d2b-53a4-f011-bbd3-002248271486,0,N/A,,,,No Impact,1,0,,,20451981,04d25798-3a42-ee11-bdf5-000d3a8fd327,460978c2-4ca4-f011-bbd3-002248271486,31d4e7e3-9189-f011-b4cc-7c1e527d2157
da359d2b-53a4-f011-bbd3-002248271486,0,N/A,,,,No Impact,1,0,,,20451977,04d25798-3a42-ee11-bdf5-000d3a8fd327,460978c2-4ca4-f011-bbd3-002248271486,23511df6-9189-f011-b4cc-7c1e527d2157
cb56902c-53a4-f011-bbd3-7c1e527cd923,1,Effort/Hours will vary depending on fire supression vs. smoke detection,,,,Low Impact,1,0,,,20451975,04d25798-3a42-ee11-bdf5-000d3a8fd327,460978c2-4ca4-f011-bbd3-002248271486,a633db83-9289-f011-b4cc-7c1e527d2157
d6359d2b-53a4-f011-bbd3-002248271486,1,Materials can be moved out of the carousel while work is ongoing.,,,,Low Impact,1,0,,,20451973,04d25798-3a42-ee11-bdf5-000d3a8fd327,460978c2-4ca4-f011-bbd3-002248271486,40a9de76-9289-f011-b4cc-7c1e527cd923
dd359d2b-53a4-f011-bbd3-002248271486,0,no current fire suppression or smoke detection within contained unit.  fire could potentially spread should outside unit to GMP materials used in production.,,,,No Impact,1,0,,,20451971,04d25798-3a42-ee11-bdf5-000d3a8fd327,460978c2-4ca4-f011-bbd3-002248271486,c29afc0a-9289-f011-b4cc-7c1e527d2157
c056902c-53a4-f011-bbd3-7c1e527cd923,0,N/A,,,,No Impact,1,0,,,20451969,04d25798-3a42-ee11-bdf5-000d3a8fd327,460978c2-4ca4-f011-bbd3-002248271486,6e1c0e50-9289-f011-b4cc-002248271486
d5359d2b-53a4-f011-bbd3-002248271486,1,"Low dollar general supplies kept in carousel, however fire could potentially spread to other GMP materials",,,,Low Impact,1,0,,,20451966,04d25798-3a42-ee11-bdf5-000d3a8fd327,460978c2-4ca4-f011-bbd3-002248271486,740adf46-9289-f011-b4cc-7c1e527cd923
ec52f027-53a4-f011-bbd3-6045bddb6d09,1,"Risk would be considered low for fire based on historical data of 0 issues, however there is still risk should equipment malfunction and overheat when moving carousel shelves.",,,,Low Impact,1,0,,,20451964,04d25798-3a42-ee11-bdf5-000d3a8fd327,460978c2-4ca4-f011-bbd3-002248271486,fc7f63d0-9189-f011-b4cc-002248271486
e2a91a2e-53a4-f011-bbd3-6045bddb6d09,1,Will vary depending if we move forward with fire suppression vs smoke detection.,,,,Low Impact,1,0,,,20451962,04d25798-3a42-ee11-bdf5-000d3a8fd327,460978c2-4ca4-f011-bbd3-002248271486,300edd89-9289-f011-b4cc-7c1e527d2157
d4359d2b-53a4-f011-bbd3-002248271486,1,"The carousel currently holds only small general supplies, however should a fire break out in the contained unit, it could possibly spread to more vital GMP materials",,,,Low Impact,1,0,,,20451961,04d25798-3a42-ee11-bdf5-000d3a8fd327,460978c2-4ca4-f011-bbd3-002248271486,3182c040-9289-f011-b4cc-7c1e527cd923
05c67563-daa2-f011-bbd3-002248271486,10,Robust assessment will provide accurate baseline for site digital maturity.,Robust assessment will provide accurate baseline for site digital maturity.,,,High Impact,1,0,,,20451136,04d25798-3a42-ee11-bdf5-000d3a8fd327,5c6bbe60-daa2-f011-bbd3-7c1e527cd923,124ef45c-9289-f011-b4cc-002248271486
03eddc88-dba2-f011-bbd3-7c1e527cd923,5,Enables operational efficiency,Enables operational efficiency,,,Moderate Impact,1,0,,,20451127,04d25798-3a42-ee11-bdf5-000d3a8fd327,67d54381-dba2-f011-bbd2-7c1e527d2157,124ef45c-9289-f011-b4cc-002248271486
3aa3a5d9-d7a2-f011-bbd2-7c1e527d2157,1,No strategic impact to program administration. Uplift is required due to vendor offering changes.,No strategic impact to program administration. Uplift is required due to vendor offering changes.,,,Low Impact,1,0,,,20451122,04d25798-3a42-ee11-bdf5-000d3a8fd327,2bf94ecc-d7a2-f011-bbd3-002248271486,124ef45c-9289-f011-b4cc-002248271486
01140b21-dda2-f011-bbd3-7c1e527cd923,10,"Project impacts processes across all of MBO, including all functions that execute forms. Procedural and technical workload management is significant. Program is critical to the paperless transformation directive from global.","Project impacts processes across all of MBO, including all functions that execute forms. Procedural and technical workload management is significant. Program is critical to the paperless transformation directive from global.",,,High Impact,1,0,,,20451116,04d25798-3a42-ee11-bdf5-000d3a8fd327,c553121b-dda2-f011-bbd3-7c1e527cd923,124ef45c-9289-f011-b4cc-002248271486
c2ebac08-629d-f011-b41c-002248271486,5,Cross functional efforts during shutdown,,,,Moderate Impact,1,0,,,20418856,04d25798-3a42-ee11-bdf5-000d3a8fd327,7f5920ca-609d-f011-b41b-000d3a984383,cba1c26b-9289-f011-b4cc-7c1e527d2157
4cb74b09-629d-f011-b41c-7c1e527e91a1,0,N/A,,,,No Impact,1,0,,,20418854,04d25798-3a42-ee11-bdf5-000d3a8fd327,7f5920ca-609d-f011-b41b-000d3a984383,c91de0e9-9189-f011-b4cc-7c1e527d2157
dcfa4f08-629d-f011-b41c-7c1e527cd923,0,N/A,,,,No Impact,1,0,,,20418852,04d25798-3a42-ee11-bdf5-000d3a8fd327,7f5920ca-609d-f011-b41b-000d3a984383,31d4e7e3-9189-f011-b4cc-7c1e527d2157
2805df08-629d-f011-b41b-00224827aa4c,1,Potentially reducing emissions from our validate trucks when moving product to NR or Belmont,,,,Low Impact,1,0,,,20418850,04d25798-3a42-ee11-bdf5-000d3a8fd327,7f5920ca-609d-f011-b41b-000d3a984383,09e36ed6-9189-f011-b4cc-002248271486
0c70fa07-629d-f011-b41b-000d3a984383,5,"Adding redundancy would reduce spend on overtime pay for warehouse personnel responding to chamber alarms that require product movement.  In addition, it would lower risk to product being handled multiple times.",,,,Moderate Impact,1,0,,,20418848,04d25798-3a42-ee11-bdf5-000d3a8fd327,7f5920ca-609d-f011-b41b-000d3a984383,124ef45c-9289-f011-b4cc-002248271486
4fb74b09-629d-f011-b41c-7c1e527e91a1,5,"If the current mitigation plan of utilizing an empty -50C chamber were not able to be performed, all product would need to move to either N. Reading or Belmont.  This would either be done utilizing our current UPB transport bins that need to be conditioned for 5 hours and 29 minutes before use, or transport directly in a validated truck under a deviaition.  The product would not be able to be forward processed until the deviation is in the appropriate state, which could risk production delays",,,,Moderate Impact,1,0,,,20418846,04d25798-3a42-ee11-bdf5-000d3a8fd327,7f5920ca-609d-f011-b41b-000d3a984383,23511df6-9189-f011-b4cc-7c1e527d2157
a829ea04-629d-f011-b41b-7c1e527d2157,5,Work would need to be completed within the next shutdown timeframe/scope,,,,Moderate Impact,1,0,,,20418844,04d25798-3a42-ee11-bdf5-000d3a8fd327,7f5920ca-609d-f011-b41b-000d3a984383,a633db83-9289-f011-b4cc-7c1e527d2157
dbfa4f08-629d-f011-b41c-7c1e527cd923,1,No impact to production as the UPB has already been produced and is now being stored until DS production begins,,,,Low Impact,1,0,,,20418842,04d25798-3a42-ee11-bdf5-000d3a8fd327,7f5920ca-609d-f011-b41b-000d3a984383,40a9de76-9289-f011-b4cc-7c1e527cd923
a195c004-629d-f011-b41c-002248276c98,1,"400SW is equipped with 2 x -50C chambers that neither have redundancy.  The current mitigation plan is to keep one chamber empty so that if there is an issue with the chamber that contains materials, the warehouse team can move the product into the empty chamber.  If there is an issue with both chambers or if validated limits on number of bags are reached, the rest of the inventory will need to be transported to either Belmont or N. Reading.",,,,Low Impact,1,0,,,20418837,04d25798-3a42-ee11-bdf5-000d3a8fd327,7f5920ca-609d-f011-b41b-000d3a984383,c29afc0a-9289-f011-b4cc-7c1e527d2157
1aeccd08-629d-f011-b41c-6045bddb6d09,0,Does not benefit production,,,,No Impact,1,0,,,20418835,04d25798-3a42-ee11-bdf5-000d3a8fd327,7f5920ca-609d-f011-b41b-000d3a984383,6e1c0e50-9289-f011-b4cc-002248271486
d8fa4f08-629d-f011-b41c-7c1e527cd923,1,Reduction is overtime spent to have warehouse members move materials,,,,Low Impact,1,0,,,20418062,04d25798-3a42-ee11-bdf5-000d3a8fd327,7f5920ca-609d-f011-b41b-000d3a984383,740adf46-9289-f011-b4cc-7c1e527cd923
0305df08-629d-f011-b41b-00224827aa4c,5,"Reduce requirement to move material during alarms, thus reducing injury risk",,,,Moderate Impact,1,0,,,20418055,04d25798-3a42-ee11-bdf5-000d3a8fd327,7f5920ca-609d-f011-b41b-000d3a984383,fc7f63d0-9189-f011-b4cc-002248271486
e605df08-629d-f011-b41b-00224827aa4c,15,estimate based on conversations with F&E,,,,Critical Impact,1,0,,,20418045,04d25798-3a42-ee11-bdf5-000d3a8fd327,7f5920ca-609d-f011-b41b-000d3a984383,300edd89-9289-f011-b4cc-7c1e527d2157
cbfa4f08-629d-f011-b41c-7c1e527cd923,10,-50C chambers at 400Sw currently lack redundancy,,,,High Impact,1,0,,,20418027,04d25798-3a42-ee11-bdf5-000d3a8fd327,7f5920ca-609d-f011-b41b-000d3a984383,3182c040-9289-f011-b4cc-7c1e527cd923
f6b05cec-9aa3-f011-bbd3-002248271486,1,"No impact to production.  Would not let me choose ""None""",,,,Low Impact,1,0,,,20418021,04d25798-3a42-ee11-bdf5-000d3a8fd327,09e022e4-9aa3-f011-bbd3-7c1e527cd923,40a9de76-9289-f011-b4cc-7c1e527cd923
1fb15cec-9aa3-f011-bbd3-002248271486,0,No risk to production as the UPB bags have already been produced and are being moved to storage,,,,No Impact,1,0,,,20418019,04d25798-3a42-ee11-bdf5-000d3a8fd327,09e022e4-9aa3-f011-bbd3-7c1e527cd923,c29afc0a-9289-f011-b4cc-7c1e527d2157
1ab15cec-9aa3-f011-bbd3-002248271486,0,N/A,,,,No Impact,1,0,,,20417696,04d25798-3a42-ee11-bdf5-000d3a8fd327,09e022e4-9aa3-f011-bbd3-7c1e527cd923,23511df6-9189-f011-b4cc-7c1e527d2157
7f4683ec-9aa3-f011-bbd2-7c1e527d2157,0,N/A,,,,No Impact,1,0,,,20417694,04d25798-3a42-ee11-bdf5-000d3a8fd327,09e022e4-9aa3-f011-bbd3-7c1e527cd923,c91de0e9-9189-f011-b4cc-7c1e527d2157
feb05cec-9aa3-f011-bbd3-002248271486,0,N/A,,,,No Impact,1,0,,,20417690,04d25798-3a42-ee11-bdf5-000d3a8fd327,09e022e4-9aa3-f011-bbd3-7c1e527cd923,31d4e7e3-9189-f011-b4cc-7c1e527d2157
5ea41dea-9aa3-f011-bbd3-7c1e527cd923,5,"Reduces amount of time spent moving UPB such as:

Increasing number of UPB bags that can be moved at one time
Eliminating conditioning time
Reducing amount of trips needed to transport an entire batch of UPB",,,,Moderate Impact,1,0,,,20417659,04d25798-3a42-ee11-bdf5-000d3a8fd327,09e022e4-9aa3-f011-bbd3-7c1e527cd923,6e1c0e50-9289-f011-b4cc-002248271486
aba41dea-9aa3-f011-bbd3-7c1e527cd923,1,validating the trucks is a process that is completed everytime we get a new truck.  Only complexity would be what type of cages need to be procured to transport UPB safely between sites.,,,,Low Impact,1,0,,,20417653,04d25798-3a42-ee11-bdf5-000d3a8fd327,09e022e4-9aa3-f011-bbd3-7c1e527cd923,cba1c26b-9289-f011-b4cc-7c1e527d2157
50d761e6-9aa3-f011-bbd3-002248271486,1,Reduction in number of trips the validated trucks need to take to transport entire batches of UPB produced in MFG.,,,,Low Impact,1,0,,,20417649,04d25798-3a42-ee11-bdf5-000d3a8fd327,09e022e4-9aa3-f011-bbd3-7c1e527cd923,09e36ed6-9189-f011-b4cc-002248271486
5fd761e6-9aa3-f011-bbd3-002248271486,5,Reducing non-value added work and overtime labor.,,,,Moderate Impact,1,0,,,20417642,04d25798-3a42-ee11-bdf5-000d3a8fd327,09e022e4-9aa3-f011-bbd3-7c1e527cd923,124ef45c-9289-f011-b4cc-002248271486
20b15cec-9aa3-f011-bbd3-002248271486,1,The trucks would need to be re-validated as this would be a new material being transported within the chamber.,,,,Low Impact,1,0,,,20417640,04d25798-3a42-ee11-bdf5-000d3a8fd327,09e022e4-9aa3-f011-bbd3-7c1e527cd923,a633db83-9289-f011-b4cc-7c1e527d2157
163e7ae6-9aa3-f011-bbd2-7c1e527d2157,1,Will reduce overtime by eliminating the 5 hour and 29 minute conditioning time that warehouse staff needed to come in early to begin.  Will also reduce dry ice requirements.  Each shipper requires 25 lbs of dry ice to condition.,,,,Low Impact,1,0,,,20417023,04d25798-3a42-ee11-bdf5-000d3a8fd327,09e022e4-9aa3-f011-bbd3-7c1e527cd923,740adf46-9289-f011-b4cc-7c1e527cd923
0f3e7ae6-9aa3-f011-bbd2-7c1e527d2157,5,"Will reduce the number of times UPB is handled, thus reducing the chances of injury due excessive handling of frozen UPB bags",,,,Moderate Impact,1,0,,,20416990,04d25798-3a42-ee11-bdf5-000d3a8fd327,09e022e4-9aa3-f011-bbd3-7c1e527cd923,fc7f63d0-9189-f011-b4cc-002248271486
25b15cec-9aa3-f011-bbd3-002248271486,1,We already have the trucks.  They would just need to be re-validated to transport UPB as that product was not part of the original validation.  We would also need to procure cages with doors that secure to prevent UPB from moving during transport.,,,,Low Impact,1,0,,,20416968,04d25798-3a42-ee11-bdf5-000d3a8fd327,09e022e4-9aa3-f011-bbd3-7c1e527cd923,300edd89-9289-f011-b4cc-7c1e527d2157
63d761e6-9aa3-f011-bbd3-002248271486,1,Obsoleting the current UPB transport shippers and utlizing the validated trucks will allow the warehouse team to move larger quantities of UPB already produced by MFG in a single transport.  The validated trucks will also allow temperature of chamber to be tracked and recorded during transit.,,,,Low Impact,1,0,,,20416966,04d25798-3a42-ee11-bdf5-000d3a8fd327,09e022e4-9aa3-f011-bbd3-7c1e527cd923,3182c040-9289-f011-b4cc-7c1e527cd923
6319fa30-99a3-f011-bbd3-7c1e527cd923,0,,,,,No Impact,1,0,,,20416889,04d25798-3a42-ee11-bdf5-000d3a8fd327,c147ec4a-98a3-f011-bbd2-7c1e527d2157,300edd89-9289-f011-b4cc-7c1e527d2157
7ce90733-99a3-f011-bbd3-002248271486,0,,,,,No Impact,1,0,,,20416887,04d25798-3a42-ee11-bdf5-000d3a8fd327,c147ec4a-98a3-f011-bbd2-7c1e527d2157,a633db83-9289-f011-b4cc-7c1e527d2157
00cc0032-99a3-f011-bbd3-6045bddb6d09,0,,,,,No Impact,1,0,,,20416885,04d25798-3a42-ee11-bdf5-000d3a8fd327,c147ec4a-98a3-f011-bbd2-7c1e527d2157,cba1c26b-9289-f011-b4cc-7c1e527d2157
5e19fa30-99a3-f011-bbd3-7c1e527cd923,0,,,,,No Impact,1,0,,,20416884,04d25798-3a42-ee11-bdf5-000d3a8fd327,c147ec4a-98a3-f011-bbd2-7c1e527d2157,c29afc0a-9289-f011-b4cc-7c1e527d2157
5c19fa30-99a3-f011-bbd3-7c1e527cd923,0,,,,,No Impact,1,0,,,20416883,04d25798-3a42-ee11-bdf5-000d3a8fd327,c147ec4a-98a3-f011-bbd2-7c1e527d2157,23511df6-9189-f011-b4cc-7c1e527d2157
5219fa30-99a3-f011-bbd3-7c1e527cd923,0,,,,,No Impact,1,0,,,20416882,04d25798-3a42-ee11-bdf5-000d3a8fd327,c147ec4a-98a3-f011-bbd2-7c1e527d2157,c91de0e9-9189-f011-b4cc-7c1e527d2157
4719fa30-99a3-f011-bbd3-7c1e527cd923,0,,,,,No Impact,1,0,,,20416880,04d25798-3a42-ee11-bdf5-000d3a8fd327,c147ec4a-98a3-f011-bbd2-7c1e527d2157,31d4e7e3-9189-f011-b4cc-7c1e527d2157
9eb5032d-99a3-f011-bbd3-002248271486,0,,,,,No Impact,1,0,,,20416879,04d25798-3a42-ee11-bdf5-000d3a8fd327,c147ec4a-98a3-f011-bbd2-7c1e527d2157,40a9de76-9289-f011-b4cc-7c1e527cd923
91b5032d-99a3-f011-bbd3-002248271486,0,,,,,No Impact,1,0,,,20416877,04d25798-3a42-ee11-bdf5-000d3a8fd327,c147ec4a-98a3-f011-bbd2-7c1e527d2157,740adf46-9289-f011-b4cc-7c1e527cd923
5d18f82a-99a3-f011-bbd3-7c1e527cd923,0,,,,,No Impact,1,0,,,20416876,04d25798-3a42-ee11-bdf5-000d3a8fd327,c147ec4a-98a3-f011-bbd2-7c1e527d2157,3182c040-9289-f011-b4cc-7c1e527cd923
db7c7f2b-99a3-f011-bbd2-7c1e527d2157,0,,,,,No Impact,1,0,,,20416875,04d25798-3a42-ee11-bdf5-000d3a8fd327,c147ec4a-98a3-f011-bbd2-7c1e527d2157,124ef45c-9289-f011-b4cc-002248271486
d67c7f2b-99a3-f011-bbd2-7c1e527d2157,0,,,,,No Impact,1,0,,,20416874,04d25798-3a42-ee11-bdf5-000d3a8fd327,c147ec4a-98a3-f011-bbd2-7c1e527d2157,6e1c0e50-9289-f011-b4cc-002248271486
d47c7f2b-99a3-f011-bbd2-7c1e527d2157,0,,,,,No Impact,1,0,,,20416873,04d25798-3a42-ee11-bdf5-000d3a8fd327,c147ec4a-98a3-f011-bbd2-7c1e527d2157,09e36ed6-9189-f011-b4cc-002248271486
cf7c7f2b-99a3-f011-bbd2-7c1e527d2157,0,,,,,No Impact,1,0,,,20416871,04d25798-3a42-ee11-bdf5-000d3a8fd327,c147ec4a-98a3-f011-bbd2-7c1e527d2157,fc7f63d0-9189-f011-b4cc-002248271486
72529035-85a3-f011-bbd3-002248271486,0,,,,,No Impact,1,0,,,20414734,04d25798-3a42-ee11-bdf5-000d3a8fd327,da9b7958-619d-f011-b41b-7c1e527d2157,740adf46-9289-f011-b4cc-7c1e527cd923
338c98ee-eaa2-f011-bbd3-002248271486,0,No anticipated CO2 reduction benefit.,N/A,,,No Impact,1,0,,,20414543,04d25798-3a42-ee11-bdf5-000d3a8fd327,b8889fd3-eaa2-f011-bbd2-7c1e527d2157,09e36ed6-9189-f011-b4cc-002248271486
db44a065-7fa3-f011-bbd3-7c1e527cd923,0,,,,,No Impact,1,0,,,20414527,04d25798-3a42-ee11-bdf5-000d3a8fd327,79707dff-7da3-f011-bbd3-002248271486,c29afc0a-9289-f011-b4cc-7c1e527d2157
b8588a68-7fa3-f011-bbd3-002248271486,0,,,,,No Impact,1,0,,,20414526,04d25798-3a42-ee11-bdf5-000d3a8fd327,79707dff-7da3-f011-bbd3-002248271486,23511df6-9189-f011-b4cc-7c1e527d2157
b6588a68-7fa3-f011-bbd3-002248271486,0,,,,,No Impact,1,0,,,20414524,04d25798-3a42-ee11-bdf5-000d3a8fd327,79707dff-7da3-f011-bbd3-002248271486,c91de0e9-9189-f011-b4cc-7c1e527d2157
da44a065-7fa3-f011-bbd3-7c1e527cd923,0,,,,,No Impact,1,0,,,20414523,04d25798-3a42-ee11-bdf5-000d3a8fd327,79707dff-7da3-f011-bbd3-002248271486,31d4e7e3-9189-f011-b4cc-7c1e527d2157
d944a065-7fa3-f011-bbd3-7c1e527cd923,0,,,,,No Impact,1,0,,,20414521,04d25798-3a42-ee11-bdf5-000d3a8fd327,79707dff-7da3-f011-bbd3-002248271486,740adf46-9289-f011-b4cc-7c1e527cd923
d744a065-7fa3-f011-bbd3-7c1e527cd923,0,,,,,No Impact,1,0,,,20414518,04d25798-3a42-ee11-bdf5-000d3a8fd327,79707dff-7da3-f011-bbd3-002248271486,124ef45c-9289-f011-b4cc-002248271486
00d6656a-7fa3-f011-bbd3-6045bddb6d09,0,,,,,No Impact,1,0,,,20414517,04d25798-3a42-ee11-bdf5-000d3a8fd327,79707dff-7da3-f011-bbd3-002248271486,6e1c0e50-9289-f011-b4cc-002248271486
ffd5656a-7fa3-f011-bbd3-6045bddb6d09,0,,,,,No Impact,1,0,,,20414516,04d25798-3a42-ee11-bdf5-000d3a8fd327,79707dff-7da3-f011-bbd3-002248271486,09e36ed6-9189-f011-b4cc-002248271486
fdd5656a-7fa3-f011-bbd3-6045bddb6d09,0,,,,,No Impact,1,0,,,20414515,04d25798-3a42-ee11-bdf5-000d3a8fd327,79707dff-7da3-f011-bbd3-002248271486,fc7f63d0-9189-f011-b4cc-002248271486
c244a065-7fa3-f011-bbd3-7c1e527cd923,0,,,,,No Impact,1,0,,,20414507,04d25798-3a42-ee11-bdf5-000d3a8fd327,997d8e56-7fa3-f011-bbd3-002248271486,c29afc0a-9289-f011-b4cc-7c1e527d2157
f1a17763-7fa3-f011-bbd2-7c1e527d2157,0,,,,,No Impact,1,0,,,20414506,04d25798-3a42-ee11-bdf5-000d3a8fd327,997d8e56-7fa3-f011-bbd3-002248271486,23511df6-9189-f011-b4cc-7c1e527d2157
086c0b64-7fa3-f011-bbd3-6045bddb6d09,0,,,,,No Impact,1,0,,,20414505,04d25798-3a42-ee11-bdf5-000d3a8fd327,997d8e56-7fa3-f011-bbd3-002248271486,c91de0e9-9189-f011-b4cc-7c1e527d2157
9c159262-7fa3-f011-bbd3-002248271486,0,,,,,No Impact,1,0,,,20414503,04d25798-3a42-ee11-bdf5-000d3a8fd327,997d8e56-7fa3-f011-bbd3-002248271486,31d4e7e3-9189-f011-b4cc-7c1e527d2157
efa17763-7fa3-f011-bbd2-7c1e527d2157,0,,,,,No Impact,1,0,,,20414501,04d25798-3a42-ee11-bdf5-000d3a8fd327,997d8e56-7fa3-f011-bbd3-002248271486,740adf46-9289-f011-b4cc-7c1e527cd923
ab44a065-7fa3-f011-bbd3-7c1e527cd923,0,,,,,No Impact,1,0,,,20414500,04d25798-3a42-ee11-bdf5-000d3a8fd327,997d8e56-7fa3-f011-bbd3-002248271486,3182c040-9289-f011-b4cc-7c1e527cd923
eda17763-7fa3-f011-bbd2-7c1e527d2157,0,,,,,No Impact,1,0,,,20414499,04d25798-3a42-ee11-bdf5-000d3a8fd327,997d8e56-7fa3-f011-bbd3-002248271486,124ef45c-9289-f011-b4cc-002248271486
066c0b64-7fa3-f011-bbd3-6045bddb6d09,0,,,,,No Impact,1,0,,,20414498,04d25798-3a42-ee11-bdf5-000d3a8fd327,997d8e56-7fa3-f011-bbd3-002248271486,6e1c0e50-9289-f011-b4cc-002248271486
9b44a065-7fa3-f011-bbd3-7c1e527cd923,0,,,,,No Impact,1,0,,,20414497,04d25798-3a42-ee11-bdf5-000d3a8fd327,997d8e56-7fa3-f011-bbd3-002248271486,09e36ed6-9189-f011-b4cc-002248271486
8b44a065-7fa3-f011-bbd3-7c1e527cd923,0,,,,,No Impact,1,0,,,20414495,04d25798-3a42-ee11-bdf5-000d3a8fd327,997d8e56-7fa3-f011-bbd3-002248271486,fc7f63d0-9189-f011-b4cc-002248271486
f0d3bb22-dda2-f011-bbd2-7c1e527d2157,1,PM Support,PM Support,,,Low Impact,1,0,,,20390869,04d25798-3a42-ee11-bdf5-000d3a8fd327,c553121b-dda2-f011-bbd3-7c1e527cd923,cba1c26b-9289-f011-b4cc-7c1e527d2157
75140b21-dda2-f011-bbd3-7c1e527cd923,1,Approx estimate of $175k (USD) - 0.26 OY,Approx estimate of $175k (USD) - 0.26 OY,,,Low Impact,1,0,,,20390867,04d25798-3a42-ee11-bdf5-000d3a8fd327,c553121b-dda2-f011-bbd3-7c1e527cd923,300edd89-9289-f011-b4cc-7c1e527d2157
6f140b21-dda2-f011-bbd3-7c1e527cd923,5,One year of PM support,One year of PM support,,,Moderate Impact,1,0,,,20390865,04d25798-3a42-ee11-bdf5-000d3a8fd327,c553121b-dda2-f011-bbd3-7c1e527cd923,a633db83-9289-f011-b4cc-7c1e527d2157
54140b21-dda2-f011-bbd3-7c1e527cd923,1,No impact to production,No impact to production,,,Low Impact,1,0,,,20390863,04d25798-3a42-ee11-bdf5-000d3a8fd327,c553121b-dda2-f011-bbd3-7c1e527cd923,40a9de76-9289-f011-b4cc-7c1e527cd923
71280321-dda2-f011-bbd3-002248271486,0,,,,,No Impact,1,0,,,20390857,04d25798-3a42-ee11-bdf5-000d3a8fd327,c553121b-dda2-f011-bbd3-7c1e527cd923,c29afc0a-9289-f011-b4cc-7c1e527d2157
5f140b21-dda2-f011-bbd3-7c1e527cd923,0,,,,,No Impact,1,0,,,20390855,04d25798-3a42-ee11-bdf5-000d3a8fd327,c553121b-dda2-f011-bbd3-7c1e527cd923,23511df6-9189-f011-b4cc-7c1e527d2157
efd3bb22-dda2-f011-bbd2-7c1e527d2157,0,,,,,No Impact,1,0,,,20390854,04d25798-3a42-ee11-bdf5-000d3a8fd327,c553121b-dda2-f011-bbd3-7c1e527cd923,c91de0e9-9189-f011-b4cc-7c1e527d2157
70280321-dda2-f011-bbd3-002248271486,0,,,,,No Impact,1,0,,,20390853,04d25798-3a42-ee11-bdf5-000d3a8fd327,c553121b-dda2-f011-bbd3-7c1e527cd923,31d4e7e3-9189-f011-b4cc-7c1e527d2157
eed3bb22-dda2-f011-bbd2-7c1e527d2157,0,,,,,No Impact,1,0,,,20390851,04d25798-3a42-ee11-bdf5-000d3a8fd327,c553121b-dda2-f011-bbd3-7c1e527cd923,740adf46-9289-f011-b4cc-7c1e527cd923
6593851c-dda2-f011-bbd2-7c1e527d2157,0,,,,,No Impact,1,0,,,20390850,04d25798-3a42-ee11-bdf5-000d3a8fd327,c553121b-dda2-f011-bbd3-7c1e527cd923,3182c040-9289-f011-b4cc-7c1e527cd923
65280321-dda2-f011-bbd3-002248271486,0,,,,,No Impact,1,0,,,20390847,04d25798-3a42-ee11-bdf5-000d3a8fd327,c553121b-dda2-f011-bbd3-7c1e527cd923,6e1c0e50-9289-f011-b4cc-002248271486
6493851c-dda2-f011-bbd2-7c1e527d2157,0,,,,,No Impact,1,0,,,20390846,04d25798-3a42-ee11-bdf5-000d3a8fd327,c553121b-dda2-f011-bbd3-7c1e527cd923,09e36ed6-9189-f011-b4cc-002248271486
6393851c-dda2-f011-bbd2-7c1e527d2157,0,,,,,No Impact,1,0,,,20390845,04d25798-3a42-ee11-bdf5-000d3a8fd327,c553121b-dda2-f011-bbd3-7c1e527cd923,fc7f63d0-9189-f011-b4cc-002248271486
571e3c87-dba2-f011-bbd2-7c1e527d2157,1,"Project to be split between FY26 ($50,000USD) and FY27 ($50,000USD); whole project equates to approx. 0.15OY.","Project to be split between FY26 ($50,000USD) and FY27 ($50,000USD); whole project equates to approx. 0.15OY.",,,Low Impact,1,0,,,20390832,04d25798-3a42-ee11-bdf5-000d3a8fd327,67d54381-dba2-f011-bbd2-7c1e527d2157,300edd89-9289-f011-b4cc-7c1e527d2157
511e3c87-dba2-f011-bbd2-7c1e527d2157,1,Adequate support is available from vendor and technical system owner.,Adequate support is available from vendor and technical system owner.,,,Low Impact,1,0,,,20390830,04d25798-3a42-ee11-bdf5-000d3a8fd327,67d54381-dba2-f011-bbd2-7c1e527d2157,a633db83-9289-f011-b4cc-7c1e527d2157
68ae0089-dba2-f011-bbd3-002248271486,1,Adequate support is available from vendor and technical system owner.,Adequate support is available from vendor and technical system owner.,,,Low Impact,1,0,,,20390828,04d25798-3a42-ee11-bdf5-000d3a8fd327,67d54381-dba2-f011-bbd2-7c1e527d2157,cba1c26b-9289-f011-b4cc-7c1e527d2157
64ae0089-dba2-f011-bbd3-002248271486,1,No impact to production other than efficiency gain.,No impact to production other than efficiency gain.,,,Low Impact,1,0,,,20390826,04d25798-3a42-ee11-bdf5-000d3a8fd327,67d54381-dba2-f011-bbd2-7c1e527d2157,40a9de76-9289-f011-b4cc-7c1e527cd923
67ae0089-dba2-f011-bbd3-002248271486,0,,,,,No Impact,1,0,,,20390822,04d25798-3a42-ee11-bdf5-000d3a8fd327,67d54381-dba2-f011-bbd2-7c1e527d2157,c29afc0a-9289-f011-b4cc-7c1e527d2157
66ae0089-dba2-f011-bbd3-002248271486,0,,,,,No Impact,1,0,,,20390821,04d25798-3a42-ee11-bdf5-000d3a8fd327,67d54381-dba2-f011-bbd2-7c1e527d2157,23511df6-9189-f011-b4cc-7c1e527d2157
491e3c87-dba2-f011-bbd2-7c1e527d2157,0,,,,,No Impact,1,0,,,20390820,04d25798-3a42-ee11-bdf5-000d3a8fd327,67d54381-dba2-f011-bbd2-7c1e527d2157,c91de0e9-9189-f011-b4cc-7c1e527d2157
65ae0089-dba2-f011-bbd3-002248271486,0,,,,,No Impact,1,0,,,20390819,04d25798-3a42-ee11-bdf5-000d3a8fd327,67d54381-dba2-f011-bbd2-7c1e527d2157,31d4e7e3-9189-f011-b4cc-7c1e527d2157
63ae0089-dba2-f011-bbd3-002248271486,0,,,,,No Impact,1,0,,,20390817,04d25798-3a42-ee11-bdf5-000d3a8fd327,67d54381-dba2-f011-bbd2-7c1e527d2157,740adf46-9289-f011-b4cc-7c1e527cd923
62ae0089-dba2-f011-bbd3-002248271486,0,,,,,No Impact,1,0,,,20390816,04d25798-3a42-ee11-bdf5-000d3a8fd327,67d54381-dba2-f011-bbd2-7c1e527d2157,3182c040-9289-f011-b4cc-7c1e527cd923
61ae0089-dba2-f011-bbd3-002248271486,0,,,,,No Impact,1,0,,,20390813,04d25798-3a42-ee11-bdf5-000d3a8fd327,67d54381-dba2-f011-bbd2-7c1e527d2157,6e1c0e50-9289-f011-b4cc-002248271486
60ae0089-dba2-f011-bbd3-002248271486,0,,,,,No Impact,1,0,,,20390811,04d25798-3a42-ee11-bdf5-000d3a8fd327,67d54381-dba2-f011-bbd2-7c1e527d2157,09e36ed6-9189-f011-b4cc-002248271486
381e3c87-dba2-f011-bbd2-7c1e527d2157,0,,,,,No Impact,1,0,,,20390810,04d25798-3a42-ee11-bdf5-000d3a8fd327,67d54381-dba2-f011-bbd2-7c1e527d2157,fc7f63d0-9189-f011-b4cc-002248271486
3c642a62-daa2-f011-bbd2-7c1e527d2157,1,Estimate for services,Estimate for services,,,Low Impact,1,0,,,20390703,04d25798-3a42-ee11-bdf5-000d3a8fd327,5c6bbe60-daa2-f011-bbd3-7c1e527cd923,300edd89-9289-f011-b4cc-7c1e527d2157
5177f266-daa2-f011-bbd3-7c1e527cd923,1,Assessment to establish baseline.,Assessment to establish baseline.,,,Low Impact,1,0,,,20390701,04d25798-3a42-ee11-bdf5-000d3a8fd327,5c6bbe60-daa2-f011-bbd3-7c1e527cd923,cba1c26b-9289-f011-b4cc-7c1e527d2157
4d77f266-daa2-f011-bbd3-7c1e527cd923,1,No impact to production.,No impact to production.,,,Low Impact,1,0,,,20390699,04d25798-3a42-ee11-bdf5-000d3a8fd327,5c6bbe60-daa2-f011-bbd3-7c1e527cd923,40a9de76-9289-f011-b4cc-7c1e527cd923
0fc67563-daa2-f011-bbd3-002248271486,1,Assessment completed by external consultant.,Assessment completed by external consultant.,,,Low Impact,1,0,,,20390697,04d25798-3a42-ee11-bdf5-000d3a8fd327,5c6bbe60-daa2-f011-bbd3-7c1e527cd923,a633db83-9289-f011-b4cc-7c1e527d2157
4e77f266-daa2-f011-bbd3-7c1e527cd923,0,,,,,No Impact,1,0,,,20390692,04d25798-3a42-ee11-bdf5-000d3a8fd327,5c6bbe60-daa2-f011-bbd3-7c1e527cd923,c29afc0a-9289-f011-b4cc-7c1e527d2157
08c67563-daa2-f011-bbd3-002248271486,0,,,,,No Impact,1,0,,,20390691,04d25798-3a42-ee11-bdf5-000d3a8fd327,5c6bbe60-daa2-f011-bbd3-7c1e527cd923,23511df6-9189-f011-b4cc-7c1e527d2157
07c67563-daa2-f011-bbd3-002248271486,0,,,,,No Impact,1,0,,,20390690,04d25798-3a42-ee11-bdf5-000d3a8fd327,5c6bbe60-daa2-f011-bbd3-7c1e527cd923,c91de0e9-9189-f011-b4cc-7c1e527d2157
06c67563-daa2-f011-bbd3-002248271486,0,,,,,No Impact,1,0,,,20390689,04d25798-3a42-ee11-bdf5-000d3a8fd327,5c6bbe60-daa2-f011-bbd3-7c1e527cd923,31d4e7e3-9189-f011-b4cc-7c1e527d2157
4c77f266-daa2-f011-bbd3-7c1e527cd923,0,,,,,No Impact,1,0,,,20390687,04d25798-3a42-ee11-bdf5-000d3a8fd327,5c6bbe60-daa2-f011-bbd3-7c1e527cd923,740adf46-9289-f011-b4cc-7c1e527cd923
4b77f266-daa2-f011-bbd3-7c1e527cd923,0,,,,,No Impact,1,0,,,20390686,04d25798-3a42-ee11-bdf5-000d3a8fd327,5c6bbe60-daa2-f011-bbd3-7c1e527cd923,3182c040-9289-f011-b4cc-7c1e527cd923
3a642a62-daa2-f011-bbd2-7c1e527d2157,0,,,,,No Impact,1,0,,,20390683,04d25798-3a42-ee11-bdf5-000d3a8fd327,5c6bbe60-daa2-f011-bbd3-7c1e527cd923,6e1c0e50-9289-f011-b4cc-002248271486
39642a62-daa2-f011-bbd2-7c1e527d2157,0,,,,,No Impact,1,0,,,20390681,04d25798-3a42-ee11-bdf5-000d3a8fd327,5c6bbe60-daa2-f011-bbd3-7c1e527cd923,09e36ed6-9189-f011-b4cc-002248271486
a56bbe60-daa2-f011-bbd3-7c1e527cd923,0,,,,,No Impact,1,0,,,20390680,04d25798-3a42-ee11-bdf5-000d3a8fd327,5c6bbe60-daa2-f011-bbd3-7c1e527cd923,fc7f63d0-9189-f011-b4cc-002248271486
f083e6d8-d7a2-f011-bbd3-002248271486,1,No impact to production schedule.,No impact to production schedule.,,,Low Impact,1,0,,,20390667,04d25798-3a42-ee11-bdf5-000d3a8fd327,2bf94ecc-d7a2-f011-bbd3-002248271486,40a9de76-9289-f011-b4cc-7c1e527cd923
43a3a5d9-d7a2-f011-bbd2-7c1e527d2157,1,Current estimate of less than 300 labor hours; may increase if cross-functional change control is required.,Current estimate of less than 300 labor hours; may increase if cross-functional change control is required.,,,Low Impact,1,0,,,20390665,04d25798-3a42-ee11-bdf5-000d3a8fd327,2bf94ecc-d7a2-f011-bbd3-002248271486,a633db83-9289-f011-b4cc-7c1e527d2157
41a3a5d9-d7a2-f011-bbd2-7c1e527d2157,1,No structural/infrastructure changes anticipated.,No structural/infrastructure changes anticipated.,,,Low Impact,1,0,,,20390663,04d25798-3a42-ee11-bdf5-000d3a8fd327,2bf94ecc-d7a2-f011-bbd3-002248271486,cba1c26b-9289-f011-b4cc-7c1e527d2157
f783e6d8-d7a2-f011-bbd3-002248271486,10,"Estimate for 3-year contract, at 25% increase over current contract ending in October 2026.",Broad estimation of 1.86 OkuYen; GDDT Procurement is engaging in negotiations with the vendor at this time.,,,High Impact,1,0,,,20390661,04d25798-3a42-ee11-bdf5-000d3a8fd327,2bf94ecc-d7a2-f011-bbd3-002248271486,300edd89-9289-f011-b4cc-7c1e527d2157
ed83e6d8-d7a2-f011-bbd3-002248271486,0,No EHS impact,,,,No Impact,1,0,,,20390658,04d25798-3a42-ee11-bdf5-000d3a8fd327,2bf94ecc-d7a2-f011-bbd3-002248271486,fc7f63d0-9189-f011-b4cc-002248271486
f483e6d8-d7a2-f011-bbd3-002248271486,0,,,,,No Impact,1,0,,,20390653,04d25798-3a42-ee11-bdf5-000d3a8fd327,2bf94ecc-d7a2-f011-bbd3-002248271486,c29afc0a-9289-f011-b4cc-7c1e527d2157
04f609db-d7a2-f011-bbd3-7c1e527cd923,0,,,,,No Impact,1,0,,,20390652,04d25798-3a42-ee11-bdf5-000d3a8fd327,2bf94ecc-d7a2-f011-bbd3-002248271486,23511df6-9189-f011-b4cc-7c1e527d2157
01f609db-d7a2-f011-bbd3-7c1e527cd923,0,,,,,No Impact,1,0,,,20390651,04d25798-3a42-ee11-bdf5-000d3a8fd327,2bf94ecc-d7a2-f011-bbd3-002248271486,c91de0e9-9189-f011-b4cc-7c1e527d2157
3da3a5d9-d7a2-f011-bbd2-7c1e527d2157,0,,,,,No Impact,1,0,,,20390649,04d25798-3a42-ee11-bdf5-000d3a8fd327,2bf94ecc-d7a2-f011-bbd3-002248271486,31d4e7e3-9189-f011-b4cc-7c1e527d2157
3ba3a5d9-d7a2-f011-bbd2-7c1e527d2157,0,,,,,No Impact,1,0,,,20390647,04d25798-3a42-ee11-bdf5-000d3a8fd327,2bf94ecc-d7a2-f011-bbd3-002248271486,740adf46-9289-f011-b4cc-7c1e527cd923
ef83e6d8-d7a2-f011-bbd3-002248271486,0,,,,,No Impact,1,0,,,20390646,04d25798-3a42-ee11-bdf5-000d3a8fd327,2bf94ecc-d7a2-f011-bbd3-002248271486,3182c040-9289-f011-b4cc-7c1e527cd923
fff509db-d7a2-f011-bbd3-7c1e527cd923,0,,,,,No Impact,1,0,,,20390643,04d25798-3a42-ee11-bdf5-000d3a8fd327,2bf94ecc-d7a2-f011-bbd3-002248271486,6e1c0e50-9289-f011-b4cc-002248271486
2da3a5d9-d7a2-f011-bbd2-7c1e527d2157,0,,,,,No Impact,1,0,,,20390640,04d25798-3a42-ee11-bdf5-000d3a8fd327,2bf94ecc-d7a2-f011-bbd3-002248271486,09e36ed6-9189-f011-b4cc-002248271486
1fd05c2b-6da0-f011-b41c-6045bddb6d09,1,"the instrument will provide faster data to aid timely decision-making, reducing risks
The instrument will provide preliminary, faster data to aid timely decision-making, reducing potential risks and financial losses during manufacturing investigations.","Cost reduction/avoidance <0.5 OY
Improvement Saving 1-999 Labor hours",,,Low Impact,1,0,,,20262751,04d25798-3a42-ee11-bdf5-000d3a8fd327,8f7a651f-6da0-f011-b41c-002248271486,740adf46-9289-f011-b4cc-7c1e527cd923
1ed05c2b-6da0-f011-b41c-6045bddb6d09,0,,,,,No Impact,1,0,,,20262727,04d25798-3a42-ee11-bdf5-000d3a8fd327,8f7a651f-6da0-f011-b41c-002248271486,fc7f63d0-9189-f011-b4cc-002248271486
0fa8912b-199b-f011-b41b-6045bdd81124,1,"Don't forsee any impact to production schedule to implement this project. Unable to choose ""No Impact"" above",,,,Low Impact,1,0,,,20240948,04d25798-3a42-ee11-bdf5-000d3a8fd327,9188a5e8-189b-f011-b4cc-002248271486,40a9de76-9289-f011-b4cc-7c1e527cd923
74cda82c-199b-f011-b4cc-002248271486,5,This project is estimated to have an annual impact of 0.96 OY in direct financial savings. Savings would occur on a monthlly basis starting in Q4 FY2025. Potential candidate for value SALT team.,Reduction in monthly discards of RM/Intermediates from 0.52 OY to 0.44 OY (0.08 OY / month),,,Moderate Impact,1,0,,,20240943,04d25798-3a42-ee11-bdf5-000d3a8fd327,9188a5e8-189b-f011-b4cc-002248271486,124ef45c-9289-f011-b4cc-002248271486
8b8f590f-629d-f011-b41c-7c1e527e91a1,0,,,,,No Impact,1,0,,,20234827,04d25798-3a42-ee11-bdf5-000d3a8fd327,bf0e0144-609d-f011-b41c-002248271486,300edd89-9289-f011-b4cc-7c1e527d2157
a4e7bf10-629d-f011-b41c-002248276c98,0,,,,,No Impact,1,0,,,20234826,04d25798-3a42-ee11-bdf5-000d3a8fd327,bf0e0144-609d-f011-b41c-002248271486,a633db83-9289-f011-b4cc-7c1e527d2157
6df93d0f-629d-f011-b41c-7c1e527cd923,0,,,,,No Impact,1,0,,,20234825,04d25798-3a42-ee11-bdf5-000d3a8fd327,bf0e0144-609d-f011-b41c-002248271486,cba1c26b-9289-f011-b4cc-7c1e527d2157
a1e7bf10-629d-f011-b41c-002248276c98,0,,,,,No Impact,1,0,,,20234824,04d25798-3a42-ee11-bdf5-000d3a8fd327,bf0e0144-609d-f011-b41c-002248271486,c29afc0a-9289-f011-b4cc-7c1e527d2157
96663a11-629d-f011-b41b-7c1e527d2157,0,,,,,No Impact,1,0,,,20234823,04d25798-3a42-ee11-bdf5-000d3a8fd327,bf0e0144-609d-f011-b41c-002248271486,23511df6-9189-f011-b4cc-7c1e527d2157
9ad4f20d-629d-f011-b41b-000d3a984383,0,,,,,No Impact,1,0,,,20234822,04d25798-3a42-ee11-bdf5-000d3a8fd327,bf0e0144-609d-f011-b41c-002248271486,c91de0e9-9189-f011-b4cc-7c1e527d2157
cdd2f80e-629d-f011-b41b-00224827aa4c,0,,,,,No Impact,1,0,,,20234820,04d25798-3a42-ee11-bdf5-000d3a8fd327,bf0e0144-609d-f011-b41c-002248271486,31d4e7e3-9189-f011-b4cc-7c1e527d2157
65c0d90e-629d-f011-b41c-002248271486,0,,,,,No Impact,1,0,,,20234819,04d25798-3a42-ee11-bdf5-000d3a8fd327,bf0e0144-609d-f011-b41c-002248271486,40a9de76-9289-f011-b4cc-7c1e527cd923
6bf93d0f-629d-f011-b41c-7c1e527cd923,0,,,,,No Impact,1,0,,,20234817,04d25798-3a42-ee11-bdf5-000d3a8fd327,bf0e0144-609d-f011-b41c-002248271486,740adf46-9289-f011-b4cc-7c1e527cd923
92663a11-629d-f011-b41b-7c1e527d2157,0,,,,,No Impact,1,0,,,20234815,04d25798-3a42-ee11-bdf5-000d3a8fd327,bf0e0144-609d-f011-b41c-002248271486,3182c040-9289-f011-b4cc-7c1e527cd923
62c0d90e-629d-f011-b41c-002248271486,0,,,,,No Impact,1,0,,,20234813,04d25798-3a42-ee11-bdf5-000d3a8fd327,bf0e0144-609d-f011-b41c-002248271486,124ef45c-9289-f011-b4cc-002248271486
a0e7bf10-629d-f011-b41c-002248276c98,0,,,,,No Impact,1,0,,,20234812,04d25798-3a42-ee11-bdf5-000d3a8fd327,bf0e0144-609d-f011-b41c-002248271486,6e1c0e50-9289-f011-b4cc-002248271486
8dd4f20d-629d-f011-b41b-000d3a984383,0,,,,,No Impact,1,0,,,20234810,04d25798-3a42-ee11-bdf5-000d3a8fd327,bf0e0144-609d-f011-b41c-002248271486,09e36ed6-9189-f011-b4cc-002248271486
9ee7bf10-629d-f011-b41c-002248276c98,0,,,,,No Impact,1,0,,,20234808,04d25798-3a42-ee11-bdf5-000d3a8fd327,bf0e0144-609d-f011-b41c-002248271486,fc7f63d0-9189-f011-b4cc-002248271486
5dc8a80f-629d-f011-b41c-6045bddb6d09,0,,,,,No Impact,1,0,,,20234800,04d25798-3a42-ee11-bdf5-000d3a8fd327,1fbff28e-609d-f011-b41b-00224827aa4c,c29afc0a-9289-f011-b4cc-7c1e527d2157
a5d2f80e-629d-f011-b41b-00224827aa4c,0,,,,,No Impact,1,0,,,20234798,04d25798-3a42-ee11-bdf5-000d3a8fd327,1fbff28e-609d-f011-b41b-00224827aa4c,23511df6-9189-f011-b4cc-7c1e527d2157
c8eef00a-629d-f011-b41b-7c1e527d2157,0,,,,,No Impact,1,0,,,20234797,04d25798-3a42-ee11-bdf5-000d3a8fd327,1fbff28e-609d-f011-b41b-00224827aa4c,c91de0e9-9189-f011-b4cc-7c1e527d2157
0c75c00a-629d-f011-b41c-002248276c98,0,,,,,No Impact,1,0,,,20234796,04d25798-3a42-ee11-bdf5-000d3a8fd327,1fbff28e-609d-f011-b41b-00224827aa4c,31d4e7e3-9189-f011-b4cc-7c1e527d2157
c6eef00a-629d-f011-b41b-7c1e527d2157,0,,,,,No Impact,1,0,,,20234794,04d25798-3a42-ee11-bdf5-000d3a8fd327,1fbff28e-609d-f011-b41b-00224827aa4c,740adf46-9289-f011-b4cc-7c1e527cd923
50c0d90e-629d-f011-b41c-002248271486,0,,,,,No Impact,1,0,,,20234792,04d25798-3a42-ee11-bdf5-000d3a8fd327,1fbff28e-609d-f011-b41b-00224827aa4c,3182c040-9289-f011-b4cc-7c1e527cd923
7bb74b09-629d-f011-b41c-7c1e527e91a1,0,,,,,No Impact,1,0,,,20234791,04d25798-3a42-ee11-bdf5-000d3a8fd327,1fbff28e-609d-f011-b41b-00224827aa4c,124ef45c-9289-f011-b4cc-002248271486
0a75c00a-629d-f011-b41c-002248276c98,0,,,,,No Impact,1,0,,,20234789,04d25798-3a42-ee11-bdf5-000d3a8fd327,1fbff28e-609d-f011-b41b-00224827aa4c,6e1c0e50-9289-f011-b4cc-002248271486
c4eef00a-629d-f011-b41b-7c1e527d2157,0,,,,,No Impact,1,0,,,20234787,04d25798-3a42-ee11-bdf5-000d3a8fd327,1fbff28e-609d-f011-b41b-00224827aa4c,09e36ed6-9189-f011-b4cc-002248271486
77b74b09-629d-f011-b41c-7c1e527e91a1,0,,,,,No Impact,1,0,,,20234786,04d25798-3a42-ee11-bdf5-000d3a8fd327,1fbff28e-609d-f011-b41b-00224827aa4c,fc7f63d0-9189-f011-b4cc-002248271486
eb9d8ffb-619d-f011-b41c-7c1e527cd923,0,,,,,No Impact,1,0,,,20234719,04d25798-3a42-ee11-bdf5-000d3a8fd327,da9b7958-619d-f011-b41b-7c1e527d2157,3182c040-9289-f011-b4cc-7c1e527cd923
070b902a-199b-f011-b4cc-7c1e527cd923,0,No Impact,,,,No Impact,1,0,,,20203602,04d25798-3a42-ee11-bdf5-000d3a8fd327,9188a5e8-189b-f011-b4cc-002248271486,fc7f63d0-9189-f011-b4cc-002248271486
ada50f2a-199b-f011-b4cc-002248276c98,0,No impact,,,,No Impact,1,0,,,20203586,04d25798-3a42-ee11-bdf5-000d3a8fd327,9188a5e8-189b-f011-b4cc-002248271486,3182c040-9289-f011-b4cc-7c1e527cd923
7bcda82c-199b-f011-b4cc-002248271486,5,"Estimated FTE Hours & duration used to calculate overall effort required. 

Total FTE hours >550 Hrs (over the 6 month duration)","4 FTE @5% Capacity over 6 months
3 FTE @2.5% Capacity over 6 months
1 FTE @30% Capacity over 6 months",,,Moderate Impact,1,0,,,20203584,04d25798-3a42-ee11-bdf5-000d3a8fd327,9188a5e8-189b-f011-b4cc-002248271486,a633db83-9289-f011-b4cc-7c1e527d2157
436d6543-8d99-f011-b4cc-6045bddb6d09,0,,,,,No Impact,1,0,,,20175240,04d25798-3a42-ee11-bdf5-000d3a8fd327,b0368723-8d99-f011-b4cc-7c1e527cd923,c29afc0a-9289-f011-b4cc-7c1e527d2157
c8c9e741-8d99-f011-b4cc-7c1e527cd923,0,,,,,No Impact,1,0,,,20175239,04d25798-3a42-ee11-bdf5-000d3a8fd327,b0368723-8d99-f011-b4cc-7c1e527cd923,23511df6-9189-f011-b4cc-7c1e527d2157
c6c9e741-8d99-f011-b4cc-7c1e527cd923,0,,,,,No Impact,1,0,,,20175238,04d25798-3a42-ee11-bdf5-000d3a8fd327,b0368723-8d99-f011-b4cc-7c1e527cd923,c91de0e9-9189-f011-b4cc-7c1e527d2157
27913140-8d99-f011-b4cc-002248271486,0,,,,,No Impact,1,0,,,20175237,04d25798-3a42-ee11-bdf5-000d3a8fd327,b0368723-8d99-f011-b4cc-7c1e527cd923,31d4e7e3-9189-f011-b4cc-7c1e527d2157
22913140-8d99-f011-b4cc-002248271486,0,,,,,No Impact,1,0,,,20175234,04d25798-3a42-ee11-bdf5-000d3a8fd327,b0368723-8d99-f011-b4cc-7c1e527cd923,3182c040-9289-f011-b4cc-7c1e527cd923
bdc9e741-8d99-f011-b4cc-7c1e527cd923,0,,,,,No Impact,1,0,,,20175231,04d25798-3a42-ee11-bdf5-000d3a8fd327,b0368723-8d99-f011-b4cc-7c1e527cd923,6e1c0e50-9289-f011-b4cc-002248271486
4e25553d-8d99-f011-b4cc-6045bddb6d09,0,,,,,No Impact,1,0,,,20175229,04d25798-3a42-ee11-bdf5-000d3a8fd327,b0368723-8d99-f011-b4cc-7c1e527cd923,09e36ed6-9189-f011-b4cc-002248271486
1ed0153f-8d99-f011-b4cb-7c1e527d2157,0,,,,,No Impact,1,0,,,20175228,04d25798-3a42-ee11-bdf5-000d3a8fd327,b0368723-8d99-f011-b4cc-7c1e527cd923,fc7f63d0-9189-f011-b4cc-002248271486
07fdb415-aa98-f011-b4cc-7c1e527cd923,0,,,,,No Impact,1,0,,,20161006,04d25798-3a42-ee11-bdf5-000d3a8fd327,653011a3-a998-f011-b4cb-7c1e527d2157,c29afc0a-9289-f011-b4cc-7c1e527d2157
e0003540-0000-4000-8000-000000000000,0,Demo validation justification,,,,No impact,,,,,,,"ac3e0298-dead-f111-aaac-7ced8d1ca135,9d6f22fc-0ead-f111-aaac-7c1e5215f4b4,b6bf7fc9-5eac-f111-aaac-7c1e527cdbd8,09d20795-5fac-f111-aaac-000d3a8cdfc7,257ef099-74ac-f111-aaac-7c1e52fd84c7,8611184e-75ac-f111-aaac-7c1e5215f4b4,ae571fd7-aaab-f111-aaac-0022481fc755,05b53ae6-6196-f111-8076-7ced8d1ca135,8ccfa7cc-bdab-f111-aaac-7c1e5215f4b4,311101dc-224a-f111-bec6-7c1e5215f4b4,62b3d343-8da8-f111-b8de-000d3a8cdfc7,2337e631-89ab-f111-aaac-70a8a53eb3d2,fb9dd537-19a2-f111-b8dc-7c1e5215f4b4,a796179f-8c87-f111-ab0f-7ced8d1ca135,e32aee5c-204a-f111-bec6-7c1e5215f4b4,513f1ec9-8e9d-f111-b8db-00224820954c,b7f1a6a2-c45d-f111-a826-7c1e5215f4b4,87e74f55-cc90-f111-8077-0022481fc755,57c0e116-0123-f111-8341-7c1e52146c0e,82558bf3-0223-f111-8342-7c1e52146908,1ea81741-0023-f111-8342-7c1e52146908,11e64f6a-0323-f111-8341-7c1e52146c0e,14e39dd8-3e49-f111-bec6-0022481fc755,262bc547-a648-f111-bec6-000d3a8cdfc7,916fbceb-0ad5-f011-8544-002248271486,284dab08-ba8a-f111-ab0f-3833c5ec8135,5597000c-e394-f111-8075-0022481e6c23,71802c12-05a6-f011-bbd2-7c1e527d2157,5f60f114-214a-f111-bec6-7c1e527f1b2f,a1b7d243-9f44-f111-88b4-70a8a53eb3d2,43fe1227-1d82-f111-ab0f-000d3a8cdfc7,9a9db714-0c1f-f111-8341-7c1e52146c0e,42b12f09-9b44-f111-88b4-0022481fc755,b88154af-6149-f111-bec6-7c1e5215f4b4,feba5c60-7fba-f011-bbd3-002248271486,01960369-5900-f111-8406-7c1e5247a2b3,ae9f8fe9-d3b4-f011-bbd3-002248271486,24d2dc12-ea47-f111-bec6-7c1e524a11a2,9f20e6c7-4d13-f111-8406-7c1e52146908,ea75bf2a-923e-f111-88b4-70a8a53eb3d2,042e43de-cd0d-f111-8406-000d3a538d48,3b6dfb3d-ff22-f111-8341-000d3a538d48,5627db19-fe6f-f111-ab0d-000d3a8b49d9,0e0b54ba-ff22-f111-8341-6045bda6c590,67f1f35f-fb22-f111-8341-7c1e5247a2b3,98a4c549-9674-f111-ab0f-000d3a8cdfc7,7b01f632-5660-f111-a826-7c1e5215f4b4,5739cbc5-6a63-f111-a826-7c1e5215f4b4,3608153b-525f-f111-a825-000d3a99ae1b,30822579-535f-f111-a826-7c1e5215f4b4,27d378c7-06a6-f011-bbd3-7c1e527cd923,b907945d-01a6-f011-bbd2-7c1e527d2157,f60914fb-e84e-f111-bec6-70a8a53eb3d2,b9b308a3-e34f-f111-bec7-7c1e527cdbd8,9de5a849-e54f-f111-bec7-7c1e527cdbd8,3e786944-f54e-f111-bec7-7c1e527cdbd8,9c4f7b31-6650-f111-bec7-000d3a8cdfc7,6abf2f65-6850-f111-bec7-7c1e5215f4b4,9d86190b-75f1-f011-8406-00224832861e,c497dc08-df4e-f111-bec7-7c1e527cdbd8,b0e692f3-e04e-f111-bec7-7c1e5215f4b4,6ea2cd11-e14e-f111-bec7-000d3a8cdfc7,54b391c4-e34e-f111-bec6-000d3a1ce8d4,528b466e-e54e-f111-bec7-7c1e527cdbd8,61964b4f-e74e-f111-bec6-000d3a1ce8d4,63dbcd72-fa4e-f111-bec7-7c1e527cdbd8,3e3e0392-fb4e-f111-bec7-000d3a8cdfc7,6b5cb284-fc4e-f111-bec7-7c1e527cdbd8,0e95bc66-ff4e-f111-bec6-000d3a1ce8d4,746a1f08-004f-f111-bec7-7c1e527cdbd8,589dc644-004f-f111-bec7-7c1e5215f4b4,b20f529c-2b4f-f111-bec7-7c1e527cdbd8,e95a352c-a44f-f111-bec7-7c1e5215f4b4,b4447bc1-fd4e-f111-bec7-7c1e5215f4b4,ac8eeccc-f001-f111-8406-0022481cae89,07291f66-9224-f111-8341-6045bdd8cc50,03224b6e-833d-f111-88b4-000d3a8b46c5,a4e66bb7-0e02-f111-8407-6045bda6c590,76412135-1dfd-f011-8406-7c1e5247a2b3,0769b519-0a02-f111-8406-6045bdd8cc50,653011a3-a998-f011-b4cb-7c1e527d2157,e1e7a199-c518-f111-8341-7c1e52146c0e,98c49b2e-bc3d-f111-88b4-7c1e5215f4b4,f67bf6f6-45a5-f011-bbd3-7c1e527cd923,94978808-e43c-f111-88b4-000d3a8b49d9,3649dae7-5abb-f011-bbd3-7c1e527cd923,122027a3-0839-f111-88b4-70a8a53eb3d2,5ea428df-a439-f111-88b4-0022481fc755,564de39d-db9e-f011-b41b-7c1e527d2157,84bc98c6-9f39-f111-88b4-7c1e5215f4b4,762c2bc4-db9e-f011-b41b-7c1e52598de0,f57acc37-4801-f111-8406-7c1e52146c0e,0ac05512-3108-f111-8406-7c1e5247a2b3,915dfad9-e5ca-f011-bbd3-002248271486,75974fe6-8432-f111-88b4-7c1e52146908,08fbfb71-a62e-f111-88b4-7c1e52146908,628acecc-a02e-f111-88b4-7c1e52146c0e,2625111f-fb2d-f111-88b4-7c1e52146695,aad5052a-bd26-f111-8341-6045bdd8cc50,09e022e4-9aa3-f011-bbd3-7c1e527cd923,b9aab387-7fab-f011-bbd3-7c1e527cd923,cbeac53a-85ab-f011-bbd3-002248276c98,e41d4bfa-3aa5-f011-bbd2-7c1e527d2157,87add845-3ba5-f011-bbd3-002248271486,79707dff-7da3-f011-bbd3-002248271486,2aea4248-6e03-f111-8406-000d3a538d48,3f038e7c-21a5-f011-bbd3-7c1e527cd923,1fbff28e-609d-f011-b41b-00224827aa4c,9f3d3db7-d1ef-f011-8407-000d3a12f42f,c966717f-7a0e-f111-8406-7c1e5247a2b3,18fc5a13-5f07-f111-8406-7c1e5247a2b3,95908f0e-6107-f111-8406-6045bdd8cc50,a5fc8fc4-6207-f111-8406-7c1e5247a2b3,bf266a61-6707-f111-8406-7c1e52146908,31a81317-95c0-f011-bbd3-7c1e527cd923,985d5f2f-05fb-f011-8406-6045bdd8cc50,ff6dc0e5-2801-f111-8406-7c1e52146c0e,096bef22-c1da-f011-8544-7c1e527cd923,8b91df39-75ba-f011-bbd3-6045bddb6d09,45304434-f8f6-f011-8406-7c1e52146c0e,28b8409a-2001-f111-8406-7ced8d1a487c,3d930d4d-22a9-f011-bbd3-7c1e527cd923,c312baf3-2a01-f111-8406-7c1e5247a2b3,aee763a0-eca5-f011-bbd3-7c1e527cd923,3baa1b36-3cb3-f011-bbd3-002248271486,0e311323-58ab-f011-bbd3-002248271486,57498159-fdd9-f011-8543-7c1e524a002a,f58c9f0b-5400-f111-8406-7ced8d17503e,4f78c6d7-69fc-f011-8406-6045bdd8cc50,83ec3d25-6cb6-f011-bbd2-000d3a546a9e,76d35f25-5dfc-f011-8406-7c1e5247a2b3,33fdf80e-0cf6-f011-8406-6045bdd8cc50,bf0e0144-609d-f011-b41c-002248271486,dae91e41-40eb-f011-8406-000d3a99310f,7425d0e0-b9ae-f011-bbd3-7c1e527d2157,d15a94a6-e3a9-f011-bbd3-7c1e527d2157,b9b5a337-e1a9-f011-bbd3-7c1e527d2157,81560a68-0fa5-f011-bbd2-7c1e527d2157,75c94dff-98a3-f011-bbd2-7c1e527d2157,b8889fd3-eaa2-f011-bbd2-7c1e527d2157,b8f9b183-60ab-f011-bbd3-7c1e527e91a1,67d54381-dba2-f011-bbd2-7c1e527d2157,e6d049e2-ae9f-f011-b41b-7c1e527d2157,da9b7958-619d-f011-b41b-7c1e527d2157,3f2f4d57-08a6-f011-bbd3-7c1e527cd923,17f0ea6b-06a6-f011-bbd3-7c1e527cd923,893307c7-78a5-f011-bbd3-7c1e527cd923,97a936b1-44a5-f011-bbd3-7c1e527cd923,c553121b-dda2-f011-bbd3-7c1e527cd923,b0368723-8d99-f011-b4cc-7c1e527cd923,3ee81ccb-db9e-f011-b41b-7c1e5246e632,cbb9b5da-79ab-f011-bbd3-6045bddb6d09,69d16c7d-98a3-f011-bbd3-6045bddb6d09,09410908-179b-f011-b4cc-6045bddb6d09,c9bf4c0a-b59f-f011-b41c-002248276c98,f065cc64-5cab-f011-bbd3-002248271486,b55ed3b9-08a6-f011-bbd3-002248271486,25e09ee2-07a6-f011-bbd3-002248271486,02d14a80-07a6-f011-bbd3-002248271486,213f30d9-00a6-f011-bbd3-002248271486,460978c2-4ca4-f011-bbd3-002248271486,997d8e56-7fa3-f011-bbd3-002248271486,2bf94ecc-d7a2-f011-bbd3-002248271486,9188a5e8-189b-f011-b4cc-002248271486,8f7a651f-6da0-f011-b41c-002248271486,b68e30a9-db9e-f011-b41c-002248271486,89cbe10c-619d-f011-b41b-000d3a984383,7f5920ca-609d-f011-b41b-000d3a984383,c147ec4a-98a3-f011-bbd2-7c1e527d2157,3244be55-65b6-f011-bbd3-7c1e527d2157,6ae769d3-7bc1-f011-bbd3-7c1e527d2157,0796b478-98c1-f011-bbd3-002248271486,aaee2b71-c9c4-f011-bbd3-7c1e527cd923,081676d6-c2ce-f011-bbd3-7c1e527d2157,56f6109b-adcf-f011-bbd3-002248276c98,f7e01180-f6d5-f011-8543-7ced8d180b64,c2297e69-6fd7-f011-8544-002248271486,31406ae1-5ddb-f011-8544-7c1e527d2157,5c6bbe60-daa2-f011-bbd3-7c1e527cd923,ee397165-74c0-f011-bbd2-6045bdd7e0eb,40e1e82e-07a6-f011-bbd3-7c1e527cd923,c0000182-0000-4000-8000-000000000000",6e1c0e50-9289-f011-b4cc-002248271486
e0003541-0000-4000-8000-000000000000,0,Demo validation justification,,,,No impact,,,,,,,"ac3e0298-dead-f111-aaac-7ced8d1ca135,9d6f22fc-0ead-f111-aaac-7c1e5215f4b4,b6bf7fc9-5eac-f111-aaac-7c1e527cdbd8,09d20795-5fac-f111-aaac-000d3a8cdfc7,257ef099-74ac-f111-aaac-7c1e52fd84c7,8611184e-75ac-f111-aaac-7c1e5215f4b4,ae571fd7-aaab-f111-aaac-0022481fc755,05b53ae6-6196-f111-8076-7ced8d1ca135,8ccfa7cc-bdab-f111-aaac-7c1e5215f4b4,311101dc-224a-f111-bec6-7c1e5215f4b4,62b3d343-8da8-f111-b8de-000d3a8cdfc7,2337e631-89ab-f111-aaac-70a8a53eb3d2,fb9dd537-19a2-f111-b8dc-7c1e5215f4b4,a796179f-8c87-f111-ab0f-7ced8d1ca135,e32aee5c-204a-f111-bec6-7c1e5215f4b4,513f1ec9-8e9d-f111-b8db-00224820954c,b7f1a6a2-c45d-f111-a826-7c1e5215f4b4,87e74f55-cc90-f111-8077-0022481fc755,57c0e116-0123-f111-8341-7c1e52146c0e,82558bf3-0223-f111-8342-7c1e52146908,1ea81741-0023-f111-8342-7c1e52146908,11e64f6a-0323-f111-8341-7c1e52146c0e,14e39dd8-3e49-f111-bec6-0022481fc755,262bc547-a648-f111-bec6-000d3a8cdfc7,916fbceb-0ad5-f011-8544-002248271486,284dab08-ba8a-f111-ab0f-3833c5ec8135,5597000c-e394-f111-8075-0022481e6c23,71802c12-05a6-f011-bbd2-7c1e527d2157,5f60f114-214a-f111-bec6-7c1e527f1b2f,a1b7d243-9f44-f111-88b4-70a8a53eb3d2,43fe1227-1d82-f111-ab0f-000d3a8cdfc7,9a9db714-0c1f-f111-8341-7c1e52146c0e,42b12f09-9b44-f111-88b4-0022481fc755,b88154af-6149-f111-bec6-7c1e5215f4b4,feba5c60-7fba-f011-bbd3-002248271486,01960369-5900-f111-8406-7c1e5247a2b3,ae9f8fe9-d3b4-f011-bbd3-002248271486,24d2dc12-ea47-f111-bec6-7c1e524a11a2,9f20e6c7-4d13-f111-8406-7c1e52146908,ea75bf2a-923e-f111-88b4-70a8a53eb3d2,042e43de-cd0d-f111-8406-000d3a538d48,3b6dfb3d-ff22-f111-8341-000d3a538d48,5627db19-fe6f-f111-ab0d-000d3a8b49d9,0e0b54ba-ff22-f111-8341-6045bda6c590,67f1f35f-fb22-f111-8341-7c1e5247a2b3,98a4c549-9674-f111-ab0f-000d3a8cdfc7,7b01f632-5660-f111-a826-7c1e5215f4b4,5739cbc5-6a63-f111-a826-7c1e5215f4b4,3608153b-525f-f111-a825-000d3a99ae1b,30822579-535f-f111-a826-7c1e5215f4b4,27d378c7-06a6-f011-bbd3-7c1e527cd923,b907945d-01a6-f011-bbd2-7c1e527d2157,f60914fb-e84e-f111-bec6-70a8a53eb3d2,b9b308a3-e34f-f111-bec7-7c1e527cdbd8,9de5a849-e54f-f111-bec7-7c1e527cdbd8,3e786944-f54e-f111-bec7-7c1e527cdbd8,9c4f7b31-6650-f111-bec7-000d3a8cdfc7,6abf2f65-6850-f111-bec7-7c1e5215f4b4,9d86190b-75f1-f011-8406-00224832861e,c497dc08-df4e-f111-bec7-7c1e527cdbd8,b0e692f3-e04e-f111-bec7-7c1e5215f4b4,6ea2cd11-e14e-f111-bec7-000d3a8cdfc7,54b391c4-e34e-f111-bec6-000d3a1ce8d4,528b466e-e54e-f111-bec7-7c1e527cdbd8,61964b4f-e74e-f111-bec6-000d3a1ce8d4,63dbcd72-fa4e-f111-bec7-7c1e527cdbd8,3e3e0392-fb4e-f111-bec7-000d3a8cdfc7,6b5cb284-fc4e-f111-bec7-7c1e527cdbd8,0e95bc66-ff4e-f111-bec6-000d3a1ce8d4,746a1f08-004f-f111-bec7-7c1e527cdbd8,589dc644-004f-f111-bec7-7c1e5215f4b4,b20f529c-2b4f-f111-bec7-7c1e527cdbd8,e95a352c-a44f-f111-bec7-7c1e5215f4b4,b4447bc1-fd4e-f111-bec7-7c1e5215f4b4,ac8eeccc-f001-f111-8406-0022481cae89,07291f66-9224-f111-8341-6045bdd8cc50,03224b6e-833d-f111-88b4-000d3a8b46c5,a4e66bb7-0e02-f111-8407-6045bda6c590,76412135-1dfd-f011-8406-7c1e5247a2b3,0769b519-0a02-f111-8406-6045bdd8cc50,653011a3-a998-f011-b4cb-7c1e527d2157,e1e7a199-c518-f111-8341-7c1e52146c0e,98c49b2e-bc3d-f111-88b4-7c1e5215f4b4,f67bf6f6-45a5-f011-bbd3-7c1e527cd923,94978808-e43c-f111-88b4-000d3a8b49d9,3649dae7-5abb-f011-bbd3-7c1e527cd923,122027a3-0839-f111-88b4-70a8a53eb3d2,5ea428df-a439-f111-88b4-0022481fc755,564de39d-db9e-f011-b41b-7c1e527d2157,84bc98c6-9f39-f111-88b4-7c1e5215f4b4,762c2bc4-db9e-f011-b41b-7c1e52598de0,f57acc37-4801-f111-8406-7c1e52146c0e,0ac05512-3108-f111-8406-7c1e5247a2b3,915dfad9-e5ca-f011-bbd3-002248271486,75974fe6-8432-f111-88b4-7c1e52146908,08fbfb71-a62e-f111-88b4-7c1e52146908,628acecc-a02e-f111-88b4-7c1e52146c0e,2625111f-fb2d-f111-88b4-7c1e52146695,aad5052a-bd26-f111-8341-6045bdd8cc50,09e022e4-9aa3-f011-bbd3-7c1e527cd923,b9aab387-7fab-f011-bbd3-7c1e527cd923,cbeac53a-85ab-f011-bbd3-002248276c98,e41d4bfa-3aa5-f011-bbd2-7c1e527d2157,87add845-3ba5-f011-bbd3-002248271486,79707dff-7da3-f011-bbd3-002248271486,2aea4248-6e03-f111-8406-000d3a538d48,3f038e7c-21a5-f011-bbd3-7c1e527cd923,1fbff28e-609d-f011-b41b-00224827aa4c,9f3d3db7-d1ef-f011-8407-000d3a12f42f,c966717f-7a0e-f111-8406-7c1e5247a2b3,18fc5a13-5f07-f111-8406-7c1e5247a2b3,95908f0e-6107-f111-8406-6045bdd8cc50,a5fc8fc4-6207-f111-8406-7c1e5247a2b3,bf266a61-6707-f111-8406-7c1e52146908,31a81317-95c0-f011-bbd3-7c1e527cd923,985d5f2f-05fb-f011-8406-6045bdd8cc50,ff6dc0e5-2801-f111-8406-7c1e52146c0e,096bef22-c1da-f011-8544-7c1e527cd923,8b91df39-75ba-f011-bbd3-6045bddb6d09,45304434-f8f6-f011-8406-7c1e52146c0e,28b8409a-2001-f111-8406-7ced8d1a487c,3d930d4d-22a9-f011-bbd3-7c1e527cd923,c312baf3-2a01-f111-8406-7c1e5247a2b3,aee763a0-eca5-f011-bbd3-7c1e527cd923,3baa1b36-3cb3-f011-bbd3-002248271486,0e311323-58ab-f011-bbd3-002248271486,57498159-fdd9-f011-8543-7c1e524a002a,f58c9f0b-5400-f111-8406-7ced8d17503e,4f78c6d7-69fc-f011-8406-6045bdd8cc50,83ec3d25-6cb6-f011-bbd2-000d3a546a9e,76d35f25-5dfc-f011-8406-7c1e5247a2b3,33fdf80e-0cf6-f011-8406-6045bdd8cc50,bf0e0144-609d-f011-b41c-002248271486,dae91e41-40eb-f011-8406-000d3a99310f,7425d0e0-b9ae-f011-bbd3-7c1e527d2157,d15a94a6-e3a9-f011-bbd3-7c1e527d2157,b9b5a337-e1a9-f011-bbd3-7c1e527d2157,81560a68-0fa5-f011-bbd2-7c1e527d2157,75c94dff-98a3-f011-bbd2-7c1e527d2157,b8889fd3-eaa2-f011-bbd2-7c1e527d2157,b8f9b183-60ab-f011-bbd3-7c1e527e91a1,67d54381-dba2-f011-bbd2-7c1e527d2157,e6d049e2-ae9f-f011-b41b-7c1e527d2157,da9b7958-619d-f011-b41b-7c1e527d2157,3f2f4d57-08a6-f011-bbd3-7c1e527cd923,17f0ea6b-06a6-f011-bbd3-7c1e527cd923,893307c7-78a5-f011-bbd3-7c1e527cd923,97a936b1-44a5-f011-bbd3-7c1e527cd923,c553121b-dda2-f011-bbd3-7c1e527cd923,b0368723-8d99-f011-b4cc-7c1e527cd923,3ee81ccb-db9e-f011-b41b-7c1e5246e632,cbb9b5da-79ab-f011-bbd3-6045bddb6d09,69d16c7d-98a3-f011-bbd3-6045bddb6d09,09410908-179b-f011-b4cc-6045bddb6d09,c9bf4c0a-b59f-f011-b41c-002248276c98,f065cc64-5cab-f011-bbd3-002248271486,b55ed3b9-08a6-f011-bbd3-002248271486,25e09ee2-07a6-f011-bbd3-002248271486,02d14a80-07a6-f011-bbd3-002248271486,213f30d9-00a6-f011-bbd3-002248271486,460978c2-4ca4-f011-bbd3-002248271486,997d8e56-7fa3-f011-bbd3-002248271486,2bf94ecc-d7a2-f011-bbd3-002248271486,9188a5e8-189b-f011-b4cc-002248271486,8f7a651f-6da0-f011-b41c-002248271486,b68e30a9-db9e-f011-b41c-002248271486,89cbe10c-619d-f011-b41b-000d3a984383,7f5920ca-609d-f011-b41b-000d3a984383,c147ec4a-98a3-f011-bbd2-7c1e527d2157,3244be55-65b6-f011-bbd3-7c1e527d2157,6ae769d3-7bc1-f011-bbd3-7c1e527d2157,0796b478-98c1-f011-bbd3-002248271486,aaee2b71-c9c4-f011-bbd3-7c1e527cd923,081676d6-c2ce-f011-bbd3-7c1e527d2157,56f6109b-adcf-f011-bbd3-002248276c98,f7e01180-f6d5-f011-8543-7ced8d180b64,c2297e69-6fd7-f011-8544-002248271486,31406ae1-5ddb-f011-8544-7c1e527d2157,5c6bbe60-daa2-f011-bbd3-7c1e527cd923,ee397165-74c0-f011-bbd2-6045bdd7e0eb,40e1e82e-07a6-f011-bbd3-7c1e527cd923,c0000182-0000-4000-8000-000000000000",740adf46-9289-f011-b4cc-7c1e527cd923
e0003542-0000-4000-8000-000000000000,0,Demo validation justification,,,,No impact,,,,,,,"ac3e0298-dead-f111-aaac-7ced8d1ca135,9d6f22fc-0ead-f111-aaac-7c1e5215f4b4,b6bf7fc9-5eac-f111-aaac-7c1e527cdbd8,09d20795-5fac-f111-aaac-000d3a8cdfc7,257ef099-74ac-f111-aaac-7c1e52fd84c7,8611184e-75ac-f111-aaac-7c1e5215f4b4,ae571fd7-aaab-f111-aaac-0022481fc755,05b53ae6-6196-f111-8076-7ced8d1ca135,8ccfa7cc-bdab-f111-aaac-7c1e5215f4b4,311101dc-224a-f111-bec6-7c1e5215f4b4,62b3d343-8da8-f111-b8de-000d3a8cdfc7,2337e631-89ab-f111-aaac-70a8a53eb3d2,fb9dd537-19a2-f111-b8dc-7c1e5215f4b4,a796179f-8c87-f111-ab0f-7ced8d1ca135,e32aee5c-204a-f111-bec6-7c1e5215f4b4,513f1ec9-8e9d-f111-b8db-00224820954c,b7f1a6a2-c45d-f111-a826-7c1e5215f4b4,87e74f55-cc90-f111-8077-0022481fc755,57c0e116-0123-f111-8341-7c1e52146c0e,82558bf3-0223-f111-8342-7c1e52146908,1ea81741-0023-f111-8342-7c1e52146908,11e64f6a-0323-f111-8341-7c1e52146c0e,14e39dd8-3e49-f111-bec6-0022481fc755,262bc547-a648-f111-bec6-000d3a8cdfc7,916fbceb-0ad5-f011-8544-002248271486,284dab08-ba8a-f111-ab0f-3833c5ec8135,5597000c-e394-f111-8075-0022481e6c23,71802c12-05a6-f011-bbd2-7c1e527d2157,5f60f114-214a-f111-bec6-7c1e527f1b2f,a1b7d243-9f44-f111-88b4-70a8a53eb3d2,43fe1227-1d82-f111-ab0f-000d3a8cdfc7,9a9db714-0c1f-f111-8341-7c1e52146c0e,42b12f09-9b44-f111-88b4-0022481fc755,b88154af-6149-f111-bec6-7c1e5215f4b4,feba5c60-7fba-f011-bbd3-002248271486,01960369-5900-f111-8406-7c1e5247a2b3,ae9f8fe9-d3b4-f011-bbd3-002248271486,24d2dc12-ea47-f111-bec6-7c1e524a11a2,9f20e6c7-4d13-f111-8406-7c1e52146908,ea75bf2a-923e-f111-88b4-70a8a53eb3d2,042e43de-cd0d-f111-8406-000d3a538d48,3b6dfb3d-ff22-f111-8341-000d3a538d48,5627db19-fe6f-f111-ab0d-000d3a8b49d9,0e0b54ba-ff22-f111-8341-6045bda6c590,67f1f35f-fb22-f111-8341-7c1e5247a2b3,98a4c549-9674-f111-ab0f-000d3a8cdfc7,7b01f632-5660-f111-a826-7c1e5215f4b4,5739cbc5-6a63-f111-a826-7c1e5215f4b4,3608153b-525f-f111-a825-000d3a99ae1b,30822579-535f-f111-a826-7c1e5215f4b4,27d378c7-06a6-f011-bbd3-7c1e527cd923,b907945d-01a6-f011-bbd2-7c1e527d2157,f60914fb-e84e-f111-bec6-70a8a53eb3d2,b9b308a3-e34f-f111-bec7-7c1e527cdbd8,9de5a849-e54f-f111-bec7-7c1e527cdbd8,3e786944-f54e-f111-bec7-7c1e527cdbd8,9c4f7b31-6650-f111-bec7-000d3a8cdfc7,6abf2f65-6850-f111-bec7-7c1e5215f4b4,9d86190b-75f1-f011-8406-00224832861e,c497dc08-df4e-f111-bec7-7c1e527cdbd8,b0e692f3-e04e-f111-bec7-7c1e5215f4b4,6ea2cd11-e14e-f111-bec7-000d3a8cdfc7,54b391c4-e34e-f111-bec6-000d3a1ce8d4,528b466e-e54e-f111-bec7-7c1e527cdbd8,61964b4f-e74e-f111-bec6-000d3a1ce8d4,63dbcd72-fa4e-f111-bec7-7c1e527cdbd8,3e3e0392-fb4e-f111-bec7-000d3a8cdfc7,6b5cb284-fc4e-f111-bec7-7c1e527cdbd8,0e95bc66-ff4e-f111-bec6-000d3a1ce8d4,746a1f08-004f-f111-bec7-7c1e527cdbd8,589dc644-004f-f111-bec7-7c1e5215f4b4,b20f529c-2b4f-f111-bec7-7c1e527cdbd8,e95a352c-a44f-f111-bec7-7c1e5215f4b4,b4447bc1-fd4e-f111-bec7-7c1e5215f4b4,ac8eeccc-f001-f111-8406-0022481cae89,07291f66-9224-f111-8341-6045bdd8cc50,03224b6e-833d-f111-88b4-000d3a8b46c5,a4e66bb7-0e02-f111-8407-6045bda6c590,76412135-1dfd-f011-8406-7c1e5247a2b3,0769b519-0a02-f111-8406-6045bdd8cc50,653011a3-a998-f011-b4cb-7c1e527d2157,e1e7a199-c518-f111-8341-7c1e52146c0e,98c49b2e-bc3d-f111-88b4-7c1e5215f4b4,f67bf6f6-45a5-f011-bbd3-7c1e527cd923,94978808-e43c-f111-88b4-000d3a8b49d9,3649dae7-5abb-f011-bbd3-7c1e527cd923,122027a3-0839-f111-88b4-70a8a53eb3d2,5ea428df-a439-f111-88b4-0022481fc755,564de39d-db9e-f011-b41b-7c1e527d2157,84bc98c6-9f39-f111-88b4-7c1e5215f4b4,762c2bc4-db9e-f011-b41b-7c1e52598de0,f57acc37-4801-f111-8406-7c1e52146c0e,0ac05512-3108-f111-8406-7c1e5247a2b3,915dfad9-e5ca-f011-bbd3-002248271486,75974fe6-8432-f111-88b4-7c1e52146908,08fbfb71-a62e-f111-88b4-7c1e52146908,628acecc-a02e-f111-88b4-7c1e52146c0e,2625111f-fb2d-f111-88b4-7c1e52146695,aad5052a-bd26-f111-8341-6045bdd8cc50,09e022e4-9aa3-f011-bbd3-7c1e527cd923,b9aab387-7fab-f011-bbd3-7c1e527cd923,cbeac53a-85ab-f011-bbd3-002248276c98,e41d4bfa-3aa5-f011-bbd2-7c1e527d2157,87add845-3ba5-f011-bbd3-002248271486,79707dff-7da3-f011-bbd3-002248271486,2aea4248-6e03-f111-8406-000d3a538d48,3f038e7c-21a5-f011-bbd3-7c1e527cd923,1fbff28e-609d-f011-b41b-00224827aa4c,9f3d3db7-d1ef-f011-8407-000d3a12f42f,c966717f-7a0e-f111-8406-7c1e5247a2b3,18fc5a13-5f07-f111-8406-7c1e5247a2b3,95908f0e-6107-f111-8406-6045bdd8cc50,a5fc8fc4-6207-f111-8406-7c1e5247a2b3,bf266a61-6707-f111-8406-7c1e52146908,31a81317-95c0-f011-bbd3-7c1e527cd923,985d5f2f-05fb-f011-8406-6045bdd8cc50,ff6dc0e5-2801-f111-8406-7c1e52146c0e,096bef22-c1da-f011-8544-7c1e527cd923,8b91df39-75ba-f011-bbd3-6045bddb6d09,45304434-f8f6-f011-8406-7c1e52146c0e,28b8409a-2001-f111-8406-7ced8d1a487c,3d930d4d-22a9-f011-bbd3-7c1e527cd923,c312baf3-2a01-f111-8406-7c1e5247a2b3,aee763a0-eca5-f011-bbd3-7c1e527cd923,3baa1b36-3cb3-f011-bbd3-002248271486,0e311323-58ab-f011-bbd3-002248271486,57498159-fdd9-f011-8543-7c1e524a002a,f58c9f0b-5400-f111-8406-7ced8d17503e,4f78c6d7-69fc-f011-8406-6045bdd8cc50,83ec3d25-6cb6-f011-bbd2-000d3a546a9e,76d35f25-5dfc-f011-8406-7c1e5247a2b3,33fdf80e-0cf6-f011-8406-6045bdd8cc50,bf0e0144-609d-f011-b41c-002248271486,dae91e41-40eb-f011-8406-000d3a99310f,7425d0e0-b9ae-f011-bbd3-7c1e527d2157,d15a94a6-e3a9-f011-bbd3-7c1e527d2157,b9b5a337-e1a9-f011-bbd3-7c1e527d2157,81560a68-0fa5-f011-bbd2-7c1e527d2157,75c94dff-98a3-f011-bbd2-7c1e527d2157,b8889fd3-eaa2-f011-bbd2-7c1e527d2157,b8f9b183-60ab-f011-bbd3-7c1e527e91a1,67d54381-dba2-f011-bbd2-7c1e527d2157,e6d049e2-ae9f-f011-b41b-7c1e527d2157,da9b7958-619d-f011-b41b-7c1e527d2157,3f2f4d57-08a6-f011-bbd3-7c1e527cd923,17f0ea6b-06a6-f011-bbd3-7c1e527cd923,893307c7-78a5-f011-bbd3-7c1e527cd923,97a936b1-44a5-f011-bbd3-7c1e527cd923,c553121b-dda2-f011-bbd3-7c1e527cd923,b0368723-8d99-f011-b4cc-7c1e527cd923,3ee81ccb-db9e-f011-b41b-7c1e5246e632,cbb9b5da-79ab-f011-bbd3-6045bddb6d09,69d16c7d-98a3-f011-bbd3-6045bddb6d09,09410908-179b-f011-b4cc-6045bddb6d09,c9bf4c0a-b59f-f011-b41c-002248276c98,f065cc64-5cab-f011-bbd3-002248271486,b55ed3b9-08a6-f011-bbd3-002248271486,25e09ee2-07a6-f011-bbd3-002248271486,02d14a80-07a6-f011-bbd3-002248271486,213f30d9-00a6-f011-bbd3-002248271486,460978c2-4ca4-f011-bbd3-002248271486,997d8e56-7fa3-f011-bbd3-002248271486,2bf94ecc-d7a2-f011-bbd3-002248271486,9188a5e8-189b-f011-b4cc-002248271486,8f7a651f-6da0-f011-b41c-002248271486,b68e30a9-db9e-f011-b41c-002248271486,89cbe10c-619d-f011-b41b-000d3a984383,7f5920ca-609d-f011-b41b-000d3a984383,c147ec4a-98a3-f011-bbd2-7c1e527d2157,3244be55-65b6-f011-bbd3-7c1e527d2157,6ae769d3-7bc1-f011-bbd3-7c1e527d2157,0796b478-98c1-f011-bbd3-002248271486,aaee2b71-c9c4-f011-bbd3-7c1e527cd923,081676d6-c2ce-f011-bbd3-7c1e527d2157,56f6109b-adcf-f011-bbd3-002248276c98,f7e01180-f6d5-f011-8543-7ced8d180b64,c2297e69-6fd7-f011-8544-002248271486,31406ae1-5ddb-f011-8544-7c1e527d2157,5c6bbe60-daa2-f011-bbd3-7c1e527cd923,ee397165-74c0-f011-bbd2-6045bdd7e0eb,40e1e82e-07a6-f011-bbd3-7c1e527cd923,c0000182-0000-4000-8000-000000000000",40a9de76-9289-f011-b4cc-7c1e527cd923
e0003543-0000-4000-8000-000000000000,0,Demo validation justification,,,,No impact,,,,,,,"ac3e0298-dead-f111-aaac-7ced8d1ca135,9d6f22fc-0ead-f111-aaac-7c1e5215f4b4,b6bf7fc9-5eac-f111-aaac-7c1e527cdbd8,09d20795-5fac-f111-aaac-000d3a8cdfc7,257ef099-74ac-f111-aaac-7c1e52fd84c7,8611184e-75ac-f111-aaac-7c1e5215f4b4,ae571fd7-aaab-f111-aaac-0022481fc755,05b53ae6-6196-f111-8076-7ced8d1ca135,8ccfa7cc-bdab-f111-aaac-7c1e5215f4b4,311101dc-224a-f111-bec6-7c1e5215f4b4,62b3d343-8da8-f111-b8de-000d3a8cdfc7,2337e631-89ab-f111-aaac-70a8a53eb3d2,fb9dd537-19a2-f111-b8dc-7c1e5215f4b4,a796179f-8c87-f111-ab0f-7ced8d1ca135,e32aee5c-204a-f111-bec6-7c1e5215f4b4,513f1ec9-8e9d-f111-b8db-00224820954c,b7f1a6a2-c45d-f111-a826-7c1e5215f4b4,87e74f55-cc90-f111-8077-0022481fc755,57c0e116-0123-f111-8341-7c1e52146c0e,82558bf3-0223-f111-8342-7c1e52146908,1ea81741-0023-f111-8342-7c1e52146908,11e64f6a-0323-f111-8341-7c1e52146c0e,14e39dd8-3e49-f111-bec6-0022481fc755,262bc547-a648-f111-bec6-000d3a8cdfc7,916fbceb-0ad5-f011-8544-002248271486,284dab08-ba8a-f111-ab0f-3833c5ec8135,5597000c-e394-f111-8075-0022481e6c23,71802c12-05a6-f011-bbd2-7c1e527d2157,5f60f114-214a-f111-bec6-7c1e527f1b2f,a1b7d243-9f44-f111-88b4-70a8a53eb3d2,43fe1227-1d82-f111-ab0f-000d3a8cdfc7,9a9db714-0c1f-f111-8341-7c1e52146c0e,42b12f09-9b44-f111-88b4-0022481fc755,b88154af-6149-f111-bec6-7c1e5215f4b4,feba5c60-7fba-f011-bbd3-002248271486,01960369-5900-f111-8406-7c1e5247a2b3,ae9f8fe9-d3b4-f011-bbd3-002248271486,24d2dc12-ea47-f111-bec6-7c1e524a11a2,9f20e6c7-4d13-f111-8406-7c1e52146908,ea75bf2a-923e-f111-88b4-70a8a53eb3d2,042e43de-cd0d-f111-8406-000d3a538d48,3b6dfb3d-ff22-f111-8341-000d3a538d48,5627db19-fe6f-f111-ab0d-000d3a8b49d9,0e0b54ba-ff22-f111-8341-6045bda6c590,67f1f35f-fb22-f111-8341-7c1e5247a2b3,98a4c549-9674-f111-ab0f-000d3a8cdfc7,7b01f632-5660-f111-a826-7c1e5215f4b4,5739cbc5-6a63-f111-a826-7c1e5215f4b4,3608153b-525f-f111-a825-000d3a99ae1b,30822579-535f-f111-a826-7c1e5215f4b4,27d378c7-06a6-f011-bbd3-7c1e527cd923,b907945d-01a6-f011-bbd2-7c1e527d2157,f60914fb-e84e-f111-bec6-70a8a53eb3d2,b9b308a3-e34f-f111-bec7-7c1e527cdbd8,9de5a849-e54f-f111-bec7-7c1e527cdbd8,3e786944-f54e-f111-bec7-7c1e527cdbd8,9c4f7b31-6650-f111-bec7-000d3a8cdfc7,6abf2f65-6850-f111-bec7-7c1e5215f4b4,9d86190b-75f1-f011-8406-00224832861e,c497dc08-df4e-f111-bec7-7c1e527cdbd8,b0e692f3-e04e-f111-bec7-7c1e5215f4b4,6ea2cd11-e14e-f111-bec7-000d3a8cdfc7,54b391c4-e34e-f111-bec6-000d3a1ce8d4,528b466e-e54e-f111-bec7-7c1e527cdbd8,61964b4f-e74e-f111-bec6-000d3a1ce8d4,63dbcd72-fa4e-f111-bec7-7c1e527cdbd8,3e3e0392-fb4e-f111-bec7-000d3a8cdfc7,6b5cb284-fc4e-f111-bec7-7c1e527cdbd8,0e95bc66-ff4e-f111-bec6-000d3a1ce8d4,746a1f08-004f-f111-bec7-7c1e527cdbd8,589dc644-004f-f111-bec7-7c1e5215f4b4,b20f529c-2b4f-f111-bec7-7c1e527cdbd8,e95a352c-a44f-f111-bec7-7c1e5215f4b4,b4447bc1-fd4e-f111-bec7-7c1e5215f4b4,ac8eeccc-f001-f111-8406-0022481cae89,07291f66-9224-f111-8341-6045bdd8cc50,03224b6e-833d-f111-88b4-000d3a8b46c5,a4e66bb7-0e02-f111-8407-6045bda6c590,76412135-1dfd-f011-8406-7c1e5247a2b3,0769b519-0a02-f111-8406-6045bdd8cc50,653011a3-a998-f011-b4cb-7c1e527d2157,e1e7a199-c518-f111-8341-7c1e52146c0e,98c49b2e-bc3d-f111-88b4-7c1e5215f4b4,f67bf6f6-45a5-f011-bbd3-7c1e527cd923,94978808-e43c-f111-88b4-000d3a8b49d9,3649dae7-5abb-f011-bbd3-7c1e527cd923,122027a3-0839-f111-88b4-70a8a53eb3d2,5ea428df-a439-f111-88b4-0022481fc755,564de39d-db9e-f011-b41b-7c1e527d2157,84bc98c6-9f39-f111-88b4-7c1e5215f4b4,762c2bc4-db9e-f011-b41b-7c1e52598de0,f57acc37-4801-f111-8406-7c1e52146c0e,0ac05512-3108-f111-8406-7c1e5247a2b3,915dfad9-e5ca-f011-bbd3-002248271486,75974fe6-8432-f111-88b4-7c1e52146908,08fbfb71-a62e-f111-88b4-7c1e52146908,628acecc-a02e-f111-88b4-7c1e52146c0e,2625111f-fb2d-f111-88b4-7c1e52146695,aad5052a-bd26-f111-8341-6045bdd8cc50,09e022e4-9aa3-f011-bbd3-7c1e527cd923,b9aab387-7fab-f011-bbd3-7c1e527cd923,cbeac53a-85ab-f011-bbd3-002248276c98,e41d4bfa-3aa5-f011-bbd2-7c1e527d2157,87add845-3ba5-f011-bbd3-002248271486,79707dff-7da3-f011-bbd3-002248271486,2aea4248-6e03-f111-8406-000d3a538d48,3f038e7c-21a5-f011-bbd3-7c1e527cd923,1fbff28e-609d-f011-b41b-00224827aa4c,9f3d3db7-d1ef-f011-8407-000d3a12f42f,c966717f-7a0e-f111-8406-7c1e5247a2b3,18fc5a13-5f07-f111-8406-7c1e5247a2b3,95908f0e-6107-f111-8406-6045bdd8cc50,a5fc8fc4-6207-f111-8406-7c1e5247a2b3,bf266a61-6707-f111-8406-7c1e52146908,31a81317-95c0-f011-bbd3-7c1e527cd923,985d5f2f-05fb-f011-8406-6045bdd8cc50,ff6dc0e5-2801-f111-8406-7c1e52146c0e,096bef22-c1da-f011-8544-7c1e527cd923,8b91df39-75ba-f011-bbd3-6045bddb6d09,45304434-f8f6-f011-8406-7c1e52146c0e,28b8409a-2001-f111-8406-7ced8d1a487c,3d930d4d-22a9-f011-bbd3-7c1e527cd923,c312baf3-2a01-f111-8406-7c1e5247a2b3,aee763a0-eca5-f011-bbd3-7c1e527cd923,3baa1b36-3cb3-f011-bbd3-002248271486,0e311323-58ab-f011-bbd3-002248271486,57498159-fdd9-f011-8543-7c1e524a002a,f58c9f0b-5400-f111-8406-7ced8d17503e,4f78c6d7-69fc-f011-8406-6045bdd8cc50,83ec3d25-6cb6-f011-bbd2-000d3a546a9e,76d35f25-5dfc-f011-8406-7c1e5247a2b3,33fdf80e-0cf6-f011-8406-6045bdd8cc50,bf0e0144-609d-f011-b41c-002248271486,dae91e41-40eb-f011-8406-000d3a99310f,7425d0e0-b9ae-f011-bbd3-7c1e527d2157,d15a94a6-e3a9-f011-bbd3-7c1e527d2157,b9b5a337-e1a9-f011-bbd3-7c1e527d2157,81560a68-0fa5-f011-bbd2-7c1e527d2157,75c94dff-98a3-f011-bbd2-7c1e527d2157,b8889fd3-eaa2-f011-bbd2-7c1e527d2157,b8f9b183-60ab-f011-bbd3-7c1e527e91a1,67d54381-dba2-f011-bbd2-7c1e527d2157,e6d049e2-ae9f-f011-b41b-7c1e527d2157,da9b7958-619d-f011-b41b-7c1e527d2157,3f2f4d57-08a6-f011-bbd3-7c1e527cd923,17f0ea6b-06a6-f011-bbd3-7c1e527cd923,893307c7-78a5-f011-bbd3-7c1e527cd923,97a936b1-44a5-f011-bbd3-7c1e527cd923,c553121b-dda2-f011-bbd3-7c1e527cd923,b0368723-8d99-f011-b4cc-7c1e527cd923,3ee81ccb-db9e-f011-b41b-7c1e5246e632,cbb9b5da-79ab-f011-bbd3-6045bddb6d09,69d16c7d-98a3-f011-bbd3-6045bddb6d09,09410908-179b-f011-b4cc-6045bddb6d09,c9bf4c0a-b59f-f011-b41c-002248276c98,f065cc64-5cab-f011-bbd3-002248271486,b55ed3b9-08a6-f011-bbd3-002248271486,25e09ee2-07a6-f011-bbd3-002248271486,02d14a80-07a6-f011-bbd3-002248271486,213f30d9-00a6-f011-bbd3-002248271486,460978c2-4ca4-f011-bbd3-002248271486,997d8e56-7fa3-f011-bbd3-002248271486,2bf94ecc-d7a2-f011-bbd3-002248271486,9188a5e8-189b-f011-b4cc-002248271486,8f7a651f-6da0-f011-b41c-002248271486,b68e30a9-db9e-f011-b41c-002248271486,89cbe10c-619d-f011-b41b-000d3a984383,7f5920ca-609d-f011-b41b-000d3a984383,c147ec4a-98a3-f011-bbd2-7c1e527d2157,3244be55-65b6-f011-bbd3-7c1e527d2157,6ae769d3-7bc1-f011-bbd3-7c1e527d2157,0796b478-98c1-f011-bbd3-002248271486,aaee2b71-c9c4-f011-bbd3-7c1e527cd923,081676d6-c2ce-f011-bbd3-7c1e527d2157,56f6109b-adcf-f011-bbd3-002248276c98,f7e01180-f6d5-f011-8543-7ced8d180b64,c2297e69-6fd7-f011-8544-002248271486,31406ae1-5ddb-f011-8544-7c1e527d2157,5c6bbe60-daa2-f011-bbd3-7c1e527cd923,ee397165-74c0-f011-bbd2-6045bdd7e0eb,40e1e82e-07a6-f011-bbd3-7c1e527cd923,c0000182-0000-4000-8000-000000000000",3182c040-9289-f011-b4cc-7c1e527cd923
e0003544-0000-4000-8000-000000000000,0,Demo validation justification,,,,No impact,,,,,,,"ac3e0298-dead-f111-aaac-7ced8d1ca135,9d6f22fc-0ead-f111-aaac-7c1e5215f4b4,b6bf7fc9-5eac-f111-aaac-7c1e527cdbd8,09d20795-5fac-f111-aaac-000d3a8cdfc7,257ef099-74ac-f111-aaac-7c1e52fd84c7,8611184e-75ac-f111-aaac-7c1e5215f4b4,ae571fd7-aaab-f111-aaac-0022481fc755,05b53ae6-6196-f111-8076-7ced8d1ca135,8ccfa7cc-bdab-f111-aaac-7c1e5215f4b4,311101dc-224a-f111-bec6-7c1e5215f4b4,62b3d343-8da8-f111-b8de-000d3a8cdfc7,2337e631-89ab-f111-aaac-70a8a53eb3d2,fb9dd537-19a2-f111-b8dc-7c1e5215f4b4,a796179f-8c87-f111-ab0f-7ced8d1ca135,e32aee5c-204a-f111-bec6-7c1e5215f4b4,513f1ec9-8e9d-f111-b8db-00224820954c,b7f1a6a2-c45d-f111-a826-7c1e5215f4b4,87e74f55-cc90-f111-8077-0022481fc755,57c0e116-0123-f111-8341-7c1e52146c0e,82558bf3-0223-f111-8342-7c1e52146908,1ea81741-0023-f111-8342-7c1e52146908,11e64f6a-0323-f111-8341-7c1e52146c0e,14e39dd8-3e49-f111-bec6-0022481fc755,262bc547-a648-f111-bec6-000d3a8cdfc7,916fbceb-0ad5-f011-8544-002248271486,284dab08-ba8a-f111-ab0f-3833c5ec8135,5597000c-e394-f111-8075-0022481e6c23,71802c12-05a6-f011-bbd2-7c1e527d2157,5f60f114-214a-f111-bec6-7c1e527f1b2f,a1b7d243-9f44-f111-88b4-70a8a53eb3d2,43fe1227-1d82-f111-ab0f-000d3a8cdfc7,9a9db714-0c1f-f111-8341-7c1e52146c0e,42b12f09-9b44-f111-88b4-0022481fc755,b88154af-6149-f111-bec6-7c1e5215f4b4,feba5c60-7fba-f011-bbd3-002248271486,01960369-5900-f111-8406-7c1e5247a2b3,ae9f8fe9-d3b4-f011-bbd3-002248271486,24d2dc12-ea47-f111-bec6-7c1e524a11a2,9f20e6c7-4d13-f111-8406-7c1e52146908,ea75bf2a-923e-f111-88b4-70a8a53eb3d2,042e43de-cd0d-f111-8406-000d3a538d48,3b6dfb3d-ff22-f111-8341-000d3a538d48,5627db19-fe6f-f111-ab0d-000d3a8b49d9,0e0b54ba-ff22-f111-8341-6045bda6c590,67f1f35f-fb22-f111-8341-7c1e5247a2b3,98a4c549-9674-f111-ab0f-000d3a8cdfc7,7b01f632-5660-f111-a826-7c1e5215f4b4,5739cbc5-6a63-f111-a826-7c1e5215f4b4,3608153b-525f-f111-a825-000d3a99ae1b,30822579-535f-f111-a826-7c1e5215f4b4,27d378c7-06a6-f011-bbd3-7c1e527cd923,b907945d-01a6-f011-bbd2-7c1e527d2157,f60914fb-e84e-f111-bec6-70a8a53eb3d2,b9b308a3-e34f-f111-bec7-7c1e527cdbd8,9de5a849-e54f-f111-bec7-7c1e527cdbd8,3e786944-f54e-f111-bec7-7c1e527cdbd8,9c4f7b31-6650-f111-bec7-000d3a8cdfc7,6abf2f65-6850-f111-bec7-7c1e5215f4b4,9d86190b-75f1-f011-8406-00224832861e,c497dc08-df4e-f111-bec7-7c1e527cdbd8,b0e692f3-e04e-f111-bec7-7c1e5215f4b4,6ea2cd11-e14e-f111-bec7-000d3a8cdfc7,54b391c4-e34e-f111-bec6-000d3a1ce8d4,528b466e-e54e-f111-bec7-7c1e527cdbd8,61964b4f-e74e-f111-bec6-000d3a1ce8d4,63dbcd72-fa4e-f111-bec7-7c1e527cdbd8,3e3e0392-fb4e-f111-bec7-000d3a8cdfc7,6b5cb284-fc4e-f111-bec7-7c1e527cdbd8,0e95bc66-ff4e-f111-bec6-000d3a1ce8d4,746a1f08-004f-f111-bec7-7c1e527cdbd8,589dc644-004f-f111-bec7-7c1e5215f4b4,b20f529c-2b4f-f111-bec7-7c1e527cdbd8,e95a352c-a44f-f111-bec7-7c1e5215f4b4,b4447bc1-fd4e-f111-bec7-7c1e5215f4b4,ac8eeccc-f001-f111-8406-0022481cae89,07291f66-9224-f111-8341-6045bdd8cc50,03224b6e-833d-f111-88b4-000d3a8b46c5,a4e66bb7-0e02-f111-8407-6045bda6c590,76412135-1dfd-f011-8406-7c1e5247a2b3,0769b519-0a02-f111-8406-6045bdd8cc50,653011a3-a998-f011-b4cb-7c1e527d2157,e1e7a199-c518-f111-8341-7c1e52146c0e,98c49b2e-bc3d-f111-88b4-7c1e5215f4b4,f67bf6f6-45a5-f011-bbd3-7c1e527cd923,94978808-e43c-f111-88b4-000d3a8b49d9,3649dae7-5abb-f011-bbd3-7c1e527cd923,122027a3-0839-f111-88b4-70a8a53eb3d2,5ea428df-a439-f111-88b4-0022481fc755,564de39d-db9e-f011-b41b-7c1e527d2157,84bc98c6-9f39-f111-88b4-7c1e5215f4b4,762c2bc4-db9e-f011-b41b-7c1e52598de0,f57acc37-4801-f111-8406-7c1e52146c0e,0ac05512-3108-f111-8406-7c1e5247a2b3,915dfad9-e5ca-f011-bbd3-002248271486,75974fe6-8432-f111-88b4-7c1e52146908,08fbfb71-a62e-f111-88b4-7c1e52146908,628acecc-a02e-f111-88b4-7c1e52146c0e,2625111f-fb2d-f111-88b4-7c1e52146695,aad5052a-bd26-f111-8341-6045bdd8cc50,09e022e4-9aa3-f011-bbd3-7c1e527cd923,b9aab387-7fab-f011-bbd3-7c1e527cd923,cbeac53a-85ab-f011-bbd3-002248276c98,e41d4bfa-3aa5-f011-bbd2-7c1e527d2157,87add845-3ba5-f011-bbd3-002248271486,79707dff-7da3-f011-bbd3-002248271486,2aea4248-6e03-f111-8406-000d3a538d48,3f038e7c-21a5-f011-bbd3-7c1e527cd923,1fbff28e-609d-f011-b41b-00224827aa4c,9f3d3db7-d1ef-f011-8407-000d3a12f42f,c966717f-7a0e-f111-8406-7c1e5247a2b3,18fc5a13-5f07-f111-8406-7c1e5247a2b3,95908f0e-6107-f111-8406-6045bdd8cc50,a5fc8fc4-6207-f111-8406-7c1e5247a2b3,bf266a61-6707-f111-8406-7c1e52146908,31a81317-95c0-f011-bbd3-7c1e527cd923,985d5f2f-05fb-f011-8406-6045bdd8cc50,ff6dc0e5-2801-f111-8406-7c1e52146c0e,096bef22-c1da-f011-8544-7c1e527cd923,8b91df39-75ba-f011-bbd3-6045bddb6d09,45304434-f8f6-f011-8406-7c1e52146c0e,28b8409a-2001-f111-8406-7ced8d1a487c,3d930d4d-22a9-f011-bbd3-7c1e527cd923,c312baf3-2a01-f111-8406-7c1e5247a2b3,aee763a0-eca5-f011-bbd3-7c1e527cd923,3baa1b36-3cb3-f011-bbd3-002248271486,0e311323-58ab-f011-bbd3-002248271486,57498159-fdd9-f011-8543-7c1e524a002a,f58c9f0b-5400-f111-8406-7ced8d17503e,4f78c6d7-69fc-f011-8406-6045bdd8cc50,83ec3d25-6cb6-f011-bbd2-000d3a546a9e,76d35f25-5dfc-f011-8406-7c1e5247a2b3,33fdf80e-0cf6-f011-8406-6045bdd8cc50,bf0e0144-609d-f011-b41c-002248271486,dae91e41-40eb-f011-8406-000d3a99310f,7425d0e0-b9ae-f011-bbd3-7c1e527d2157,d15a94a6-e3a9-f011-bbd3-7c1e527d2157,b9b5a337-e1a9-f011-bbd3-7c1e527d2157,81560a68-0fa5-f011-bbd2-7c1e527d2157,75c94dff-98a3-f011-bbd2-7c1e527d2157,b8889fd3-eaa2-f011-bbd2-7c1e527d2157,b8f9b183-60ab-f011-bbd3-7c1e527e91a1,67d54381-dba2-f011-bbd2-7c1e527d2157,e6d049e2-ae9f-f011-b41b-7c1e527d2157,da9b7958-619d-f011-b41b-7c1e527d2157,3f2f4d57-08a6-f011-bbd3-7c1e527cd923,17f0ea6b-06a6-f011-bbd3-7c1e527cd923,893307c7-78a5-f011-bbd3-7c1e527cd923,97a936b1-44a5-f011-bbd3-7c1e527cd923,c553121b-dda2-f011-bbd3-7c1e527cd923,b0368723-8d99-f011-b4cc-7c1e527cd923,3ee81ccb-db9e-f011-b41b-7c1e5246e632,cbb9b5da-79ab-f011-bbd3-6045bddb6d09,69d16c7d-98a3-f011-bbd3-6045bddb6d09,09410908-179b-f011-b4cc-6045bddb6d09,c9bf4c0a-b59f-f011-b41c-002248276c98,f065cc64-5cab-f011-bbd3-002248271486,b55ed3b9-08a6-f011-bbd3-002248271486,25e09ee2-07a6-f011-bbd3-002248271486,02d14a80-07a6-f011-bbd3-002248271486,213f30d9-00a6-f011-bbd3-002248271486,460978c2-4ca4-f011-bbd3-002248271486,997d8e56-7fa3-f011-bbd3-002248271486,2bf94ecc-d7a2-f011-bbd3-002248271486,9188a5e8-189b-f011-b4cc-002248271486,8f7a651f-6da0-f011-b41c-002248271486,b68e30a9-db9e-f011-b41c-002248271486,89cbe10c-619d-f011-b41b-000d3a984383,7f5920ca-609d-f011-b41b-000d3a984383,c147ec4a-98a3-f011-bbd2-7c1e527d2157,3244be55-65b6-f011-bbd3-7c1e527d2157,6ae769d3-7bc1-f011-bbd3-7c1e527d2157,0796b478-98c1-f011-bbd3-002248271486,aaee2b71-c9c4-f011-bbd3-7c1e527cd923,081676d6-c2ce-f011-bbd3-7c1e527d2157,56f6109b-adcf-f011-bbd3-002248276c98,f7e01180-f6d5-f011-8543-7ced8d180b64,c2297e69-6fd7-f011-8544-002248271486,31406ae1-5ddb-f011-8544-7c1e527d2157,5c6bbe60-daa2-f011-bbd3-7c1e527cd923,ee397165-74c0-f011-bbd2-6045bdd7e0eb,40e1e82e-07a6-f011-bbd3-7c1e527cd923,c0000182-0000-4000-8000-000000000000",c29afc0a-9289-f011-b4cc-7c1e527d2157
e0003545-0000-4000-8000-000000000000,0,Demo validation justification,,,,No impact,,,,,,,"ac3e0298-dead-f111-aaac-7ced8d1ca135,9d6f22fc-0ead-f111-aaac-7c1e5215f4b4,b6bf7fc9-5eac-f111-aaac-7c1e527cdbd8,09d20795-5fac-f111-aaac-000d3a8cdfc7,257ef099-74ac-f111-aaac-7c1e52fd84c7,8611184e-75ac-f111-aaac-7c1e5215f4b4,ae571fd7-aaab-f111-aaac-0022481fc755,05b53ae6-6196-f111-8076-7ced8d1ca135,8ccfa7cc-bdab-f111-aaac-7c1e5215f4b4,311101dc-224a-f111-bec6-7c1e5215f4b4,62b3d343-8da8-f111-b8de-000d3a8cdfc7,2337e631-89ab-f111-aaac-70a8a53eb3d2,fb9dd537-19a2-f111-b8dc-7c1e5215f4b4,a796179f-8c87-f111-ab0f-7ced8d1ca135,e32aee5c-204a-f111-bec6-7c1e5215f4b4,513f1ec9-8e9d-f111-b8db-00224820954c,b7f1a6a2-c45d-f111-a826-7c1e5215f4b4,87e74f55-cc90-f111-8077-0022481fc755,57c0e116-0123-f111-8341-7c1e52146c0e,82558bf3-0223-f111-8342-7c1e52146908,1ea81741-0023-f111-8342-7c1e52146908,11e64f6a-0323-f111-8341-7c1e52146c0e,14e39dd8-3e49-f111-bec6-0022481fc755,262bc547-a648-f111-bec6-000d3a8cdfc7,916fbceb-0ad5-f011-8544-002248271486,284dab08-ba8a-f111-ab0f-3833c5ec8135,5597000c-e394-f111-8075-0022481e6c23,71802c12-05a6-f011-bbd2-7c1e527d2157,5f60f114-214a-f111-bec6-7c1e527f1b2f,a1b7d243-9f44-f111-88b4-70a8a53eb3d2,43fe1227-1d82-f111-ab0f-000d3a8cdfc7,9a9db714-0c1f-f111-8341-7c1e52146c0e,42b12f09-9b44-f111-88b4-0022481fc755,b88154af-6149-f111-bec6-7c1e5215f4b4,feba5c60-7fba-f011-bbd3-002248271486,01960369-5900-f111-8406-7c1e5247a2b3,ae9f8fe9-d3b4-f011-bbd3-002248271486,24d2dc12-ea47-f111-bec6-7c1e524a11a2,9f20e6c7-4d13-f111-8406-7c1e52146908,ea75bf2a-923e-f111-88b4-70a8a53eb3d2,042e43de-cd0d-f111-8406-000d3a538d48,3b6dfb3d-ff22-f111-8341-000d3a538d48,5627db19-fe6f-f111-ab0d-000d3a8b49d9,0e0b54ba-ff22-f111-8341-6045bda6c590,67f1f35f-fb22-f111-8341-7c1e5247a2b3,98a4c549-9674-f111-ab0f-000d3a8cdfc7,7b01f632-5660-f111-a826-7c1e5215f4b4,5739cbc5-6a63-f111-a826-7c1e5215f4b4,3608153b-525f-f111-a825-000d3a99ae1b,30822579-535f-f111-a826-7c1e5215f4b4,27d378c7-06a6-f011-bbd3-7c1e527cd923,b907945d-01a6-f011-bbd2-7c1e527d2157,f60914fb-e84e-f111-bec6-70a8a53eb3d2,b9b308a3-e34f-f111-bec7-7c1e527cdbd8,9de5a849-e54f-f111-bec7-7c1e527cdbd8,3e786944-f54e-f111-bec7-7c1e527cdbd8,9c4f7b31-6650-f111-bec7-000d3a8cdfc7,6abf2f65-6850-f111-bec7-7c1e5215f4b4,9d86190b-75f1-f011-8406-00224832861e,c497dc08-df4e-f111-bec7-7c1e527cdbd8,b0e692f3-e04e-f111-bec7-7c1e5215f4b4,6ea2cd11-e14e-f111-bec7-000d3a8cdfc7,54b391c4-e34e-f111-bec6-000d3a1ce8d4,528b466e-e54e-f111-bec7-7c1e527cdbd8,61964b4f-e74e-f111-bec6-000d3a1ce8d4,63dbcd72-fa4e-f111-bec7-7c1e527cdbd8,3e3e0392-fb4e-f111-bec7-000d3a8cdfc7,6b5cb284-fc4e-f111-bec7-7c1e527cdbd8,0e95bc66-ff4e-f111-bec6-000d3a1ce8d4,746a1f08-004f-f111-bec7-7c1e527cdbd8,589dc644-004f-f111-bec7-7c1e5215f4b4,b20f529c-2b4f-f111-bec7-7c1e527cdbd8,e95a352c-a44f-f111-bec7-7c1e5215f4b4,b4447bc1-fd4e-f111-bec7-7c1e5215f4b4,ac8eeccc-f001-f111-8406-0022481cae89,07291f66-9224-f111-8341-6045bdd8cc50,03224b6e-833d-f111-88b4-000d3a8b46c5,a4e66bb7-0e02-f111-8407-6045bda6c590,76412135-1dfd-f011-8406-7c1e5247a2b3,0769b519-0a02-f111-8406-6045bdd8cc50,653011a3-a998-f011-b4cb-7c1e527d2157,e1e7a199-c518-f111-8341-7c1e52146c0e,98c49b2e-bc3d-f111-88b4-7c1e5215f4b4,f67bf6f6-45a5-f011-bbd3-7c1e527cd923,94978808-e43c-f111-88b4-000d3a8b49d9,3649dae7-5abb-f011-bbd3-7c1e527cd923,122027a3-0839-f111-88b4-70a8a53eb3d2,5ea428df-a439-f111-88b4-0022481fc755,564de39d-db9e-f011-b41b-7c1e527d2157,84bc98c6-9f39-f111-88b4-7c1e5215f4b4,762c2bc4-db9e-f011-b41b-7c1e52598de0,f57acc37-4801-f111-8406-7c1e52146c0e,0ac05512-3108-f111-8406-7c1e5247a2b3,915dfad9-e5ca-f011-bbd3-002248271486,75974fe6-8432-f111-88b4-7c1e52146908,08fbfb71-a62e-f111-88b4-7c1e52146908,628acecc-a02e-f111-88b4-7c1e52146c0e,2625111f-fb2d-f111-88b4-7c1e52146695,aad5052a-bd26-f111-8341-6045bdd8cc50,09e022e4-9aa3-f011-bbd3-7c1e527cd923,b9aab387-7fab-f011-bbd3-7c1e527cd923,cbeac53a-85ab-f011-bbd3-002248276c98,e41d4bfa-3aa5-f011-bbd2-7c1e527d2157,87add845-3ba5-f011-bbd3-002248271486,79707dff-7da3-f011-bbd3-002248271486,2aea4248-6e03-f111-8406-000d3a538d48,3f038e7c-21a5-f011-bbd3-7c1e527cd923,1fbff28e-609d-f011-b41b-00224827aa4c,9f3d3db7-d1ef-f011-8407-000d3a12f42f,c966717f-7a0e-f111-8406-7c1e5247a2b3,18fc5a13-5f07-f111-8406-7c1e5247a2b3,95908f0e-6107-f111-8406-6045bdd8cc50,a5fc8fc4-6207-f111-8406-7c1e5247a2b3,bf266a61-6707-f111-8406-7c1e52146908,31a81317-95c0-f011-bbd3-7c1e527cd923,985d5f2f-05fb-f011-8406-6045bdd8cc50,ff6dc0e5-2801-f111-8406-7c1e52146c0e,096bef22-c1da-f011-8544-7c1e527cd923,8b91df39-75ba-f011-bbd3-6045bddb6d09,45304434-f8f6-f011-8406-7c1e52146c0e,28b8409a-2001-f111-8406-7ced8d1a487c,3d930d4d-22a9-f011-bbd3-7c1e527cd923,c312baf3-2a01-f111-8406-7c1e5247a2b3,aee763a0-eca5-f011-bbd3-7c1e527cd923,3baa1b36-3cb3-f011-bbd3-002248271486,0e311323-58ab-f011-bbd3-002248271486,57498159-fdd9-f011-8543-7c1e524a002a,f58c9f0b-5400-f111-8406-7ced8d17503e,4f78c6d7-69fc-f011-8406-6045bdd8cc50,83ec3d25-6cb6-f011-bbd2-000d3a546a9e,76d35f25-5dfc-f011-8406-7c1e5247a2b3,33fdf80e-0cf6-f011-8406-6045bdd8cc50,bf0e0144-609d-f011-b41c-002248271486,dae91e41-40eb-f011-8406-000d3a99310f,7425d0e0-b9ae-f011-bbd3-7c1e527d2157,d15a94a6-e3a9-f011-bbd3-7c1e527d2157,b9b5a337-e1a9-f011-bbd3-7c1e527d2157,81560a68-0fa5-f011-bbd2-7c1e527d2157,75c94dff-98a3-f011-bbd2-7c1e527d2157,b8889fd3-eaa2-f011-bbd2-7c1e527d2157,b8f9b183-60ab-f011-bbd3-7c1e527e91a1,67d54381-dba2-f011-bbd2-7c1e527d2157,e6d049e2-ae9f-f011-b41b-7c1e527d2157,da9b7958-619d-f011-b41b-7c1e527d2157,3f2f4d57-08a6-f011-bbd3-7c1e527cd923,17f0ea6b-06a6-f011-bbd3-7c1e527cd923,893307c7-78a5-f011-bbd3-7c1e527cd923,97a936b1-44a5-f011-bbd3-7c1e527cd923,c553121b-dda2-f011-bbd3-7c1e527cd923,b0368723-8d99-f011-b4cc-7c1e527cd923,3ee81ccb-db9e-f011-b41b-7c1e5246e632,cbb9b5da-79ab-f011-bbd3-6045bddb6d09,69d16c7d-98a3-f011-bbd3-6045bddb6d09,09410908-179b-f011-b4cc-6045bddb6d09,c9bf4c0a-b59f-f011-b41c-002248276c98,f065cc64-5cab-f011-bbd3-002248271486,b55ed3b9-08a6-f011-bbd3-002248271486,25e09ee2-07a6-f011-bbd3-002248271486,02d14a80-07a6-f011-bbd3-002248271486,213f30d9-00a6-f011-bbd3-002248271486,460978c2-4ca4-f011-bbd3-002248271486,997d8e56-7fa3-f011-bbd3-002248271486,2bf94ecc-d7a2-f011-bbd3-002248271486,9188a5e8-189b-f011-b4cc-002248271486,8f7a651f-6da0-f011-b41c-002248271486,b68e30a9-db9e-f011-b41c-002248271486,89cbe10c-619d-f011-b41b-000d3a984383,7f5920ca-609d-f011-b41b-000d3a984383,c147ec4a-98a3-f011-bbd2-7c1e527d2157,3244be55-65b6-f011-bbd3-7c1e527d2157,6ae769d3-7bc1-f011-bbd3-7c1e527d2157,0796b478-98c1-f011-bbd3-002248271486,aaee2b71-c9c4-f011-bbd3-7c1e527cd923,081676d6-c2ce-f011-bbd3-7c1e527d2157,56f6109b-adcf-f011-bbd3-002248276c98,f7e01180-f6d5-f011-8543-7ced8d180b64,c2297e69-6fd7-f011-8544-002248271486,31406ae1-5ddb-f011-8544-7c1e527d2157,5c6bbe60-daa2-f011-bbd3-7c1e527cd923,ee397165-74c0-f011-bbd2-6045bdd7e0eb,40e1e82e-07a6-f011-bbd3-7c1e527cd923,c0000182-0000-4000-8000-000000000000",fc7f63d0-9189-f011-b4cc-002248271486
e0003546-0000-4000-8000-000000000000,0,Demo validation justification,,,,No impact,,,,,,,"ac3e0298-dead-f111-aaac-7ced8d1ca135,9d6f22fc-0ead-f111-aaac-7c1e5215f4b4,b6bf7fc9-5eac-f111-aaac-7c1e527cdbd8,09d20795-5fac-f111-aaac-000d3a8cdfc7,257ef099-74ac-f111-aaac-7c1e52fd84c7,8611184e-75ac-f111-aaac-7c1e5215f4b4,ae571fd7-aaab-f111-aaac-0022481fc755,05b53ae6-6196-f111-8076-7ced8d1ca135,8ccfa7cc-bdab-f111-aaac-7c1e5215f4b4,311101dc-224a-f111-bec6-7c1e5215f4b4,62b3d343-8da8-f111-b8de-000d3a8cdfc7,2337e631-89ab-f111-aaac-70a8a53eb3d2,fb9dd537-19a2-f111-b8dc-7c1e5215f4b4,a796179f-8c87-f111-ab0f-7ced8d1ca135,e32aee5c-204a-f111-bec6-7c1e5215f4b4,513f1ec9-8e9d-f111-b8db-00224820954c,b7f1a6a2-c45d-f111-a826-7c1e5215f4b4,87e74f55-cc90-f111-8077-0022481fc755,57c0e116-0123-f111-8341-7c1e52146c0e,82558bf3-0223-f111-8342-7c1e52146908,1ea81741-0023-f111-8342-7c1e52146908,11e64f6a-0323-f111-8341-7c1e52146c0e,14e39dd8-3e49-f111-bec6-0022481fc755,262bc547-a648-f111-bec6-000d3a8cdfc7,916fbceb-0ad5-f011-8544-002248271486,284dab08-ba8a-f111-ab0f-3833c5ec8135,5597000c-e394-f111-8075-0022481e6c23,71802c12-05a6-f011-bbd2-7c1e527d2157,5f60f114-214a-f111-bec6-7c1e527f1b2f,a1b7d243-9f44-f111-88b4-70a8a53eb3d2,43fe1227-1d82-f111-ab0f-000d3a8cdfc7,9a9db714-0c1f-f111-8341-7c1e52146c0e,42b12f09-9b44-f111-88b4-0022481fc755,b88154af-6149-f111-bec6-7c1e5215f4b4,feba5c60-7fba-f011-bbd3-002248271486,01960369-5900-f111-8406-7c1e5247a2b3,ae9f8fe9-d3b4-f011-bbd3-002248271486,24d2dc12-ea47-f111-bec6-7c1e524a11a2,9f20e6c7-4d13-f111-8406-7c1e52146908,ea75bf2a-923e-f111-88b4-70a8a53eb3d2,042e43de-cd0d-f111-8406-000d3a538d48,3b6dfb3d-ff22-f111-8341-000d3a538d48,5627db19-fe6f-f111-ab0d-000d3a8b49d9,0e0b54ba-ff22-f111-8341-6045bda6c590,67f1f35f-fb22-f111-8341-7c1e5247a2b3,98a4c549-9674-f111-ab0f-000d3a8cdfc7,7b01f632-5660-f111-a826-7c1e5215f4b4,5739cbc5-6a63-f111-a826-7c1e5215f4b4,3608153b-525f-f111-a825-000d3a99ae1b,30822579-535f-f111-a826-7c1e5215f4b4,27d378c7-06a6-f011-bbd3-7c1e527cd923,b907945d-01a6-f011-bbd2-7c1e527d2157,f60914fb-e84e-f111-bec6-70a8a53eb3d2,b9b308a3-e34f-f111-bec7-7c1e527cdbd8,9de5a849-e54f-f111-bec7-7c1e527cdbd8,3e786944-f54e-f111-bec7-7c1e527cdbd8,9c4f7b31-6650-f111-bec7-000d3a8cdfc7,6abf2f65-6850-f111-bec7-7c1e5215f4b4,9d86190b-75f1-f011-8406-00224832861e,c497dc08-df4e-f111-bec7-7c1e527cdbd8,b0e692f3-e04e-f111-bec7-7c1e5215f4b4,6ea2cd11-e14e-f111-bec7-000d3a8cdfc7,54b391c4-e34e-f111-bec6-000d3a1ce8d4,528b466e-e54e-f111-bec7-7c1e527cdbd8,61964b4f-e74e-f111-bec6-000d3a1ce8d4,63dbcd72-fa4e-f111-bec7-7c1e527cdbd8,3e3e0392-fb4e-f111-bec7-000d3a8cdfc7,6b5cb284-fc4e-f111-bec7-7c1e527cdbd8,0e95bc66-ff4e-f111-bec6-000d3a1ce8d4,746a1f08-004f-f111-bec7-7c1e527cdbd8,589dc644-004f-f111-bec7-7c1e5215f4b4,b20f529c-2b4f-f111-bec7-7c1e527cdbd8,e95a352c-a44f-f111-bec7-7c1e5215f4b4,b4447bc1-fd4e-f111-bec7-7c1e5215f4b4,ac8eeccc-f001-f111-8406-0022481cae89,07291f66-9224-f111-8341-6045bdd8cc50,03224b6e-833d-f111-88b4-000d3a8b46c5,a4e66bb7-0e02-f111-8407-6045bda6c590,76412135-1dfd-f011-8406-7c1e5247a2b3,0769b519-0a02-f111-8406-6045bdd8cc50,653011a3-a998-f011-b4cb-7c1e527d2157,e1e7a199-c518-f111-8341-7c1e52146c0e,98c49b2e-bc3d-f111-88b4-7c1e5215f4b4,f67bf6f6-45a5-f011-bbd3-7c1e527cd923,94978808-e43c-f111-88b4-000d3a8b49d9,3649dae7-5abb-f011-bbd3-7c1e527cd923,122027a3-0839-f111-88b4-70a8a53eb3d2,5ea428df-a439-f111-88b4-0022481fc755,564de39d-db9e-f011-b41b-7c1e527d2157,84bc98c6-9f39-f111-88b4-7c1e5215f4b4,762c2bc4-db9e-f011-b41b-7c1e52598de0,f57acc37-4801-f111-8406-7c1e52146c0e,0ac05512-3108-f111-8406-7c1e5247a2b3,915dfad9-e5ca-f011-bbd3-002248271486,75974fe6-8432-f111-88b4-7c1e52146908,08fbfb71-a62e-f111-88b4-7c1e52146908,628acecc-a02e-f111-88b4-7c1e52146c0e,2625111f-fb2d-f111-88b4-7c1e52146695,aad5052a-bd26-f111-8341-6045bdd8cc50,09e022e4-9aa3-f011-bbd3-7c1e527cd923,b9aab387-7fab-f011-bbd3-7c1e527cd923,cbeac53a-85ab-f011-bbd3-002248276c98,e41d4bfa-3aa5-f011-bbd2-7c1e527d2157,87add845-3ba5-f011-bbd3-002248271486,79707dff-7da3-f011-bbd3-002248271486,2aea4248-6e03-f111-8406-000d3a538d48,3f038e7c-21a5-f011-bbd3-7c1e527cd923,1fbff28e-609d-f011-b41b-00224827aa4c,9f3d3db7-d1ef-f011-8407-000d3a12f42f,c966717f-7a0e-f111-8406-7c1e5247a2b3,18fc5a13-5f07-f111-8406-7c1e5247a2b3,95908f0e-6107-f111-8406-6045bdd8cc50,a5fc8fc4-6207-f111-8406-7c1e5247a2b3,bf266a61-6707-f111-8406-7c1e52146908,31a81317-95c0-f011-bbd3-7c1e527cd923,985d5f2f-05fb-f011-8406-6045bdd8cc50,ff6dc0e5-2801-f111-8406-7c1e52146c0e,096bef22-c1da-f011-8544-7c1e527cd923,8b91df39-75ba-f011-bbd3-6045bddb6d09,45304434-f8f6-f011-8406-7c1e52146c0e,28b8409a-2001-f111-8406-7ced8d1a487c,3d930d4d-22a9-f011-bbd3-7c1e527cd923,c312baf3-2a01-f111-8406-7c1e5247a2b3,aee763a0-eca5-f011-bbd3-7c1e527cd923,3baa1b36-3cb3-f011-bbd3-002248271486,0e311323-58ab-f011-bbd3-002248271486,57498159-fdd9-f011-8543-7c1e524a002a,f58c9f0b-5400-f111-8406-7ced8d17503e,4f78c6d7-69fc-f011-8406-6045bdd8cc50,83ec3d25-6cb6-f011-bbd2-000d3a546a9e,76d35f25-5dfc-f011-8406-7c1e5247a2b3,33fdf80e-0cf6-f011-8406-6045bdd8cc50,bf0e0144-609d-f011-b41c-002248271486,dae91e41-40eb-f011-8406-000d3a99310f,7425d0e0-b9ae-f011-bbd3-7c1e527d2157,d15a94a6-e3a9-f011-bbd3-7c1e527d2157,b9b5a337-e1a9-f011-bbd3-7c1e527d2157,81560a68-0fa5-f011-bbd2-7c1e527d2157,75c94dff-98a3-f011-bbd2-7c1e527d2157,b8889fd3-eaa2-f011-bbd2-7c1e527d2157,b8f9b183-60ab-f011-bbd3-7c1e527e91a1,67d54381-dba2-f011-bbd2-7c1e527d2157,e6d049e2-ae9f-f011-b41b-7c1e527d2157,da9b7958-619d-f011-b41b-7c1e527d2157,3f2f4d57-08a6-f011-bbd3-7c1e527cd923,17f0ea6b-06a6-f011-bbd3-7c1e527cd923,893307c7-78a5-f011-bbd3-7c1e527cd923,97a936b1-44a5-f011-bbd3-7c1e527cd923,c553121b-dda2-f011-bbd3-7c1e527cd923,b0368723-8d99-f011-b4cc-7c1e527cd923,3ee81ccb-db9e-f011-b41b-7c1e5246e632,cbb9b5da-79ab-f011-bbd3-6045bddb6d09,69d16c7d-98a3-f011-bbd3-6045bddb6d09,09410908-179b-f011-b4cc-6045bddb6d09,c9bf4c0a-b59f-f011-b41c-002248276c98,f065cc64-5cab-f011-bbd3-002248271486,b55ed3b9-08a6-f011-bbd3-002248271486,25e09ee2-07a6-f011-bbd3-002248271486,02d14a80-07a6-f011-bbd3-002248271486,213f30d9-00a6-f011-bbd3-002248271486,460978c2-4ca4-f011-bbd3-002248271486,997d8e56-7fa3-f011-bbd3-002248271486,2bf94ecc-d7a2-f011-bbd3-002248271486,9188a5e8-189b-f011-b4cc-002248271486,8f7a651f-6da0-f011-b41c-002248271486,b68e30a9-db9e-f011-b41c-002248271486,89cbe10c-619d-f011-b41b-000d3a984383,7f5920ca-609d-f011-b41b-000d3a984383,c147ec4a-98a3-f011-bbd2-7c1e527d2157,3244be55-65b6-f011-bbd3-7c1e527d2157,6ae769d3-7bc1-f011-bbd3-7c1e527d2157,0796b478-98c1-f011-bbd3-002248271486,aaee2b71-c9c4-f011-bbd3-7c1e527cd923,081676d6-c2ce-f011-bbd3-7c1e527d2157,56f6109b-adcf-f011-bbd3-002248276c98,f7e01180-f6d5-f011-8543-7ced8d180b64,c2297e69-6fd7-f011-8544-002248271486,31406ae1-5ddb-f011-8544-7c1e527d2157,5c6bbe60-daa2-f011-bbd3-7c1e527cd923,ee397165-74c0-f011-bbd2-6045bdd7e0eb,40e1e82e-07a6-f011-bbd3-7c1e527cd923,c0000182-0000-4000-8000-000000000000",23511df6-9189-f011-b4cc-7c1e527d2157
e0003547-0000-4000-8000-000000000000,0,Demo validation justification,,,,No impact,,,,,,,"ac3e0298-dead-f111-aaac-7ced8d1ca135,9d6f22fc-0ead-f111-aaac-7c1e5215f4b4,b6bf7fc9-5eac-f111-aaac-7c1e527cdbd8,09d20795-5fac-f111-aaac-000d3a8cdfc7,257ef099-74ac-f111-aaac-7c1e52fd84c7,8611184e-75ac-f111-aaac-7c1e5215f4b4,ae571fd7-aaab-f111-aaac-0022481fc755,05b53ae6-6196-f111-8076-7ced8d1ca135,8ccfa7cc-bdab-f111-aaac-7c1e5215f4b4,311101dc-224a-f111-bec6-7c1e5215f4b4,62b3d343-8da8-f111-b8de-000d3a8cdfc7,2337e631-89ab-f111-aaac-70a8a53eb3d2,fb9dd537-19a2-f111-b8dc-7c1e5215f4b4,a796179f-8c87-f111-ab0f-7ced8d1ca135,e32aee5c-204a-f111-bec6-7c1e5215f4b4,513f1ec9-8e9d-f111-b8db-00224820954c,b7f1a6a2-c45d-f111-a826-7c1e5215f4b4,87e74f55-cc90-f111-8077-0022481fc755,57c0e116-0123-f111-8341-7c1e52146c0e,82558bf3-0223-f111-8342-7c1e52146908,1ea81741-0023-f111-8342-7c1e52146908,11e64f6a-0323-f111-8341-7c1e52146c0e,14e39dd8-3e49-f111-bec6-0022481fc755,262bc547-a648-f111-bec6-000d3a8cdfc7,916fbceb-0ad5-f011-8544-002248271486,284dab08-ba8a-f111-ab0f-3833c5ec8135,5597000c-e394-f111-8075-0022481e6c23,71802c12-05a6-f011-bbd2-7c1e527d2157,5f60f114-214a-f111-bec6-7c1e527f1b2f,a1b7d243-9f44-f111-88b4-70a8a53eb3d2,43fe1227-1d82-f111-ab0f-000d3a8cdfc7,9a9db714-0c1f-f111-8341-7c1e52146c0e,42b12f09-9b44-f111-88b4-0022481fc755,b88154af-6149-f111-bec6-7c1e5215f4b4,feba5c60-7fba-f011-bbd3-002248271486,01960369-5900-f111-8406-7c1e5247a2b3,ae9f8fe9-d3b4-f011-bbd3-002248271486,24d2dc12-ea47-f111-bec6-7c1e524a11a2,9f20e6c7-4d13-f111-8406-7c1e52146908,ea75bf2a-923e-f111-88b4-70a8a53eb3d2,042e43de-cd0d-f111-8406-000d3a538d48,3b6dfb3d-ff22-f111-8341-000d3a538d48,5627db19-fe6f-f111-ab0d-000d3a8b49d9,0e0b54ba-ff22-f111-8341-6045bda6c590,67f1f35f-fb22-f111-8341-7c1e5247a2b3,98a4c549-9674-f111-ab0f-000d3a8cdfc7,7b01f632-5660-f111-a826-7c1e5215f4b4,5739cbc5-6a63-f111-a826-7c1e5215f4b4,3608153b-525f-f111-a825-000d3a99ae1b,30822579-535f-f111-a826-7c1e5215f4b4,27d378c7-06a6-f011-bbd3-7c1e527cd923,b907945d-01a6-f011-bbd2-7c1e527d2157,f60914fb-e84e-f111-bec6-70a8a53eb3d2,b9b308a3-e34f-f111-bec7-7c1e527cdbd8,9de5a849-e54f-f111-bec7-7c1e527cdbd8,3e786944-f54e-f111-bec7-7c1e527cdbd8,9c4f7b31-6650-f111-bec7-000d3a8cdfc7,6abf2f65-6850-f111-bec7-7c1e5215f4b4,9d86190b-75f1-f011-8406-00224832861e,c497dc08-df4e-f111-bec7-7c1e527cdbd8,b0e692f3-e04e-f111-bec7-7c1e5215f4b4,6ea2cd11-e14e-f111-bec7-000d3a8cdfc7,54b391c4-e34e-f111-bec6-000d3a1ce8d4,528b466e-e54e-f111-bec7-7c1e527cdbd8,61964b4f-e74e-f111-bec6-000d3a1ce8d4,63dbcd72-fa4e-f111-bec7-7c1e527cdbd8,3e3e0392-fb4e-f111-bec7-000d3a8cdfc7,6b5cb284-fc4e-f111-bec7-7c1e527cdbd8,0e95bc66-ff4e-f111-bec6-000d3a1ce8d4,746a1f08-004f-f111-bec7-7c1e527cdbd8,589dc644-004f-f111-bec7-7c1e5215f4b4,b20f529c-2b4f-f111-bec7-7c1e527cdbd8,e95a352c-a44f-f111-bec7-7c1e5215f4b4,b4447bc1-fd4e-f111-bec7-7c1e5215f4b4,ac8eeccc-f001-f111-8406-0022481cae89,07291f66-9224-f111-8341-6045bdd8cc50,03224b6e-833d-f111-88b4-000d3a8b46c5,a4e66bb7-0e02-f111-8407-6045bda6c590,76412135-1dfd-f011-8406-7c1e5247a2b3,0769b519-0a02-f111-8406-6045bdd8cc50,653011a3-a998-f011-b4cb-7c1e527d2157,e1e7a199-c518-f111-8341-7c1e52146c0e,98c49b2e-bc3d-f111-88b4-7c1e5215f4b4,f67bf6f6-45a5-f011-bbd3-7c1e527cd923,94978808-e43c-f111-88b4-000d3a8b49d9,3649dae7-5abb-f011-bbd3-7c1e527cd923,122027a3-0839-f111-88b4-70a8a53eb3d2,5ea428df-a439-f111-88b4-0022481fc755,564de39d-db9e-f011-b41b-7c1e527d2157,84bc98c6-9f39-f111-88b4-7c1e5215f4b4,762c2bc4-db9e-f011-b41b-7c1e52598de0,f57acc37-4801-f111-8406-7c1e52146c0e,0ac05512-3108-f111-8406-7c1e5247a2b3,915dfad9-e5ca-f011-bbd3-002248271486,75974fe6-8432-f111-88b4-7c1e52146908,08fbfb71-a62e-f111-88b4-7c1e52146908,628acecc-a02e-f111-88b4-7c1e52146c0e,2625111f-fb2d-f111-88b4-7c1e52146695,aad5052a-bd26-f111-8341-6045bdd8cc50,09e022e4-9aa3-f011-bbd3-7c1e527cd923,b9aab387-7fab-f011-bbd3-7c1e527cd923,cbeac53a-85ab-f011-bbd3-002248276c98,e41d4bfa-3aa5-f011-bbd2-7c1e527d2157,87add845-3ba5-f011-bbd3-002248271486,79707dff-7da3-f011-bbd3-002248271486,2aea4248-6e03-f111-8406-000d3a538d48,3f038e7c-21a5-f011-bbd3-7c1e527cd923,1fbff28e-609d-f011-b41b-00224827aa4c,9f3d3db7-d1ef-f011-8407-000d3a12f42f,c966717f-7a0e-f111-8406-7c1e5247a2b3,18fc5a13-5f07-f111-8406-7c1e5247a2b3,95908f0e-6107-f111-8406-6045bdd8cc50,a5fc8fc4-6207-f111-8406-7c1e5247a2b3,bf266a61-6707-f111-8406-7c1e52146908,31a81317-95c0-f011-bbd3-7c1e527cd923,985d5f2f-05fb-f011-8406-6045bdd8cc50,ff6dc0e5-2801-f111-8406-7c1e52146c0e,096bef22-c1da-f011-8544-7c1e527cd923,8b91df39-75ba-f011-bbd3-6045bddb6d09,45304434-f8f6-f011-8406-7c1e52146c0e,28b8409a-2001-f111-8406-7ced8d1a487c,3d930d4d-22a9-f011-bbd3-7c1e527cd923,c312baf3-2a01-f111-8406-7c1e5247a2b3,aee763a0-eca5-f011-bbd3-7c1e527cd923,3baa1b36-3cb3-f011-bbd3-002248271486,0e311323-58ab-f011-bbd3-002248271486,57498159-fdd9-f011-8543-7c1e524a002a,f58c9f0b-5400-f111-8406-7ced8d17503e,4f78c6d7-69fc-f011-8406-6045bdd8cc50,83ec3d25-6cb6-f011-bbd2-000d3a546a9e,76d35f25-5dfc-f011-8406-7c1e5247a2b3,33fdf80e-0cf6-f011-8406-6045bdd8cc50,bf0e0144-609d-f011-b41c-002248271486,dae91e41-40eb-f011-8406-000d3a99310f,7425d0e0-b9ae-f011-bbd3-7c1e527d2157,d15a94a6-e3a9-f011-bbd3-7c1e527d2157,b9b5a337-e1a9-f011-bbd3-7c1e527d2157,81560a68-0fa5-f011-bbd2-7c1e527d2157,75c94dff-98a3-f011-bbd2-7c1e527d2157,b8889fd3-eaa2-f011-bbd2-7c1e527d2157,b8f9b183-60ab-f011-bbd3-7c1e527e91a1,67d54381-dba2-f011-bbd2-7c1e527d2157,e6d049e2-ae9f-f011-b41b-7c1e527d2157,da9b7958-619d-f011-b41b-7c1e527d2157,3f2f4d57-08a6-f011-bbd3-7c1e527cd923,17f0ea6b-06a6-f011-bbd3-7c1e527cd923,893307c7-78a5-f011-bbd3-7c1e527cd923,97a936b1-44a5-f011-bbd3-7c1e527cd923,c553121b-dda2-f011-bbd3-7c1e527cd923,b0368723-8d99-f011-b4cc-7c1e527cd923,3ee81ccb-db9e-f011-b41b-7c1e5246e632,cbb9b5da-79ab-f011-bbd3-6045bddb6d09,69d16c7d-98a3-f011-bbd3-6045bddb6d09,09410908-179b-f011-b4cc-6045bddb6d09,c9bf4c0a-b59f-f011-b41c-002248276c98,f065cc64-5cab-f011-bbd3-002248271486,b55ed3b9-08a6-f011-bbd3-002248271486,25e09ee2-07a6-f011-bbd3-002248271486,02d14a80-07a6-f011-bbd3-002248271486,213f30d9-00a6-f011-bbd3-002248271486,460978c2-4ca4-f011-bbd3-002248271486,997d8e56-7fa3-f011-bbd3-002248271486,2bf94ecc-d7a2-f011-bbd3-002248271486,9188a5e8-189b-f011-b4cc-002248271486,8f7a651f-6da0-f011-b41c-002248271486,b68e30a9-db9e-f011-b41c-002248271486,89cbe10c-619d-f011-b41b-000d3a984383,7f5920ca-609d-f011-b41b-000d3a984383,c147ec4a-98a3-f011-bbd2-7c1e527d2157,3244be55-65b6-f011-bbd3-7c1e527d2157,6ae769d3-7bc1-f011-bbd3-7c1e527d2157,0796b478-98c1-f011-bbd3-002248271486,aaee2b71-c9c4-f011-bbd3-7c1e527cd923,081676d6-c2ce-f011-bbd3-7c1e527d2157,56f6109b-adcf-f011-bbd3-002248276c98,f7e01180-f6d5-f011-8543-7ced8d180b64,c2297e69-6fd7-f011-8544-002248271486,31406ae1-5ddb-f011-8544-7c1e527d2157,5c6bbe60-daa2-f011-bbd3-7c1e527cd923,ee397165-74c0-f011-bbd2-6045bdd7e0eb,40e1e82e-07a6-f011-bbd3-7c1e527cd923,c0000182-0000-4000-8000-000000000000",cba1c26b-9289-f011-b4cc-7c1e527d2157
e0003548-0000-4000-8000-000000000000,0,Demo validation justification,,,,No impact,,,,,,,"ac3e0298-dead-f111-aaac-7ced8d1ca135,9d6f22fc-0ead-f111-aaac-7c1e5215f4b4,b6bf7fc9-5eac-f111-aaac-7c1e527cdbd8,09d20795-5fac-f111-aaac-000d3a8cdfc7,257ef099-74ac-f111-aaac-7c1e52fd84c7,8611184e-75ac-f111-aaac-7c1e5215f4b4,ae571fd7-aaab-f111-aaac-0022481fc755,05b53ae6-6196-f111-8076-7ced8d1ca135,8ccfa7cc-bdab-f111-aaac-7c1e5215f4b4,311101dc-224a-f111-bec6-7c1e5215f4b4,62b3d343-8da8-f111-b8de-000d3a8cdfc7,2337e631-89ab-f111-aaac-70a8a53eb3d2,fb9dd537-19a2-f111-b8dc-7c1e5215f4b4,a796179f-8c87-f111-ab0f-7ced8d1ca135,e32aee5c-204a-f111-bec6-7c1e5215f4b4,513f1ec9-8e9d-f111-b8db-00224820954c,b7f1a6a2-c45d-f111-a826-7c1e5215f4b4,87e74f55-cc90-f111-8077-0022481fc755,57c0e116-0123-f111-8341-7c1e52146c0e,82558bf3-0223-f111-8342-7c1e52146908,1ea81741-0023-f111-8342-7c1e52146908,11e64f6a-0323-f111-8341-7c1e52146c0e,14e39dd8-3e49-f111-bec6-0022481fc755,262bc547-a648-f111-bec6-000d3a8cdfc7,916fbceb-0ad5-f011-8544-002248271486,284dab08-ba8a-f111-ab0f-3833c5ec8135,5597000c-e394-f111-8075-0022481e6c23,71802c12-05a6-f011-bbd2-7c1e527d2157,5f60f114-214a-f111-bec6-7c1e527f1b2f,a1b7d243-9f44-f111-88b4-70a8a53eb3d2,43fe1227-1d82-f111-ab0f-000d3a8cdfc7,9a9db714-0c1f-f111-8341-7c1e52146c0e,42b12f09-9b44-f111-88b4-0022481fc755,b88154af-6149-f111-bec6-7c1e5215f4b4,feba5c60-7fba-f011-bbd3-002248271486,01960369-5900-f111-8406-7c1e5247a2b3,ae9f8fe9-d3b4-f011-bbd3-002248271486,24d2dc12-ea47-f111-bec6-7c1e524a11a2,9f20e6c7-4d13-f111-8406-7c1e52146908,ea75bf2a-923e-f111-88b4-70a8a53eb3d2,042e43de-cd0d-f111-8406-000d3a538d48,3b6dfb3d-ff22-f111-8341-000d3a538d48,5627db19-fe6f-f111-ab0d-000d3a8b49d9,0e0b54ba-ff22-f111-8341-6045bda6c590,67f1f35f-fb22-f111-8341-7c1e5247a2b3,98a4c549-9674-f111-ab0f-000d3a8cdfc7,7b01f632-5660-f111-a826-7c1e5215f4b4,5739cbc5-6a63-f111-a826-7c1e5215f4b4,3608153b-525f-f111-a825-000d3a99ae1b,30822579-535f-f111-a826-7c1e5215f4b4,27d378c7-06a6-f011-bbd3-7c1e527cd923,b907945d-01a6-f011-bbd2-7c1e527d2157,f60914fb-e84e-f111-bec6-70a8a53eb3d2,b9b308a3-e34f-f111-bec7-7c1e527cdbd8,9de5a849-e54f-f111-bec7-7c1e527cdbd8,3e786944-f54e-f111-bec7-7c1e527cdbd8,9c4f7b31-6650-f111-bec7-000d3a8cdfc7,6abf2f65-6850-f111-bec7-7c1e5215f4b4,9d86190b-75f1-f011-8406-00224832861e,c497dc08-df4e-f111-bec7-7c1e527cdbd8,b0e692f3-e04e-f111-bec7-7c1e5215f4b4,6ea2cd11-e14e-f111-bec7-000d3a8cdfc7,54b391c4-e34e-f111-bec6-000d3a1ce8d4,528b466e-e54e-f111-bec7-7c1e527cdbd8,61964b4f-e74e-f111-bec6-000d3a1ce8d4,63dbcd72-fa4e-f111-bec7-7c1e527cdbd8,3e3e0392-fb4e-f111-bec7-000d3a8cdfc7,6b5cb284-fc4e-f111-bec7-7c1e527cdbd8,0e95bc66-ff4e-f111-bec6-000d3a1ce8d4,746a1f08-004f-f111-bec7-7c1e527cdbd8,589dc644-004f-f111-bec7-7c1e5215f4b4,b20f529c-2b4f-f111-bec7-7c1e527cdbd8,e95a352c-a44f-f111-bec7-7c1e5215f4b4,b4447bc1-fd4e-f111-bec7-7c1e5215f4b4,ac8eeccc-f001-f111-8406-0022481cae89,07291f66-9224-f111-8341-6045bdd8cc50,03224b6e-833d-f111-88b4-000d3a8b46c5,a4e66bb7-0e02-f111-8407-6045bda6c590,76412135-1dfd-f011-8406-7c1e5247a2b3,0769b519-0a02-f111-8406-6045bdd8cc50,653011a3-a998-f011-b4cb-7c1e527d2157,e1e7a199-c518-f111-8341-7c1e52146c0e,98c49b2e-bc3d-f111-88b4-7c1e5215f4b4,f67bf6f6-45a5-f011-bbd3-7c1e527cd923,94978808-e43c-f111-88b4-000d3a8b49d9,3649dae7-5abb-f011-bbd3-7c1e527cd923,122027a3-0839-f111-88b4-70a8a53eb3d2,5ea428df-a439-f111-88b4-0022481fc755,564de39d-db9e-f011-b41b-7c1e527d2157,84bc98c6-9f39-f111-88b4-7c1e5215f4b4,762c2bc4-db9e-f011-b41b-7c1e52598de0,f57acc37-4801-f111-8406-7c1e52146c0e,0ac05512-3108-f111-8406-7c1e5247a2b3,915dfad9-e5ca-f011-bbd3-002248271486,75974fe6-8432-f111-88b4-7c1e52146908,08fbfb71-a62e-f111-88b4-7c1e52146908,628acecc-a02e-f111-88b4-7c1e52146c0e,2625111f-fb2d-f111-88b4-7c1e52146695,aad5052a-bd26-f111-8341-6045bdd8cc50,09e022e4-9aa3-f011-bbd3-7c1e527cd923,b9aab387-7fab-f011-bbd3-7c1e527cd923,cbeac53a-85ab-f011-bbd3-002248276c98,e41d4bfa-3aa5-f011-bbd2-7c1e527d2157,87add845-3ba5-f011-bbd3-002248271486,79707dff-7da3-f011-bbd3-002248271486,2aea4248-6e03-f111-8406-000d3a538d48,3f038e7c-21a5-f011-bbd3-7c1e527cd923,1fbff28e-609d-f011-b41b-00224827aa4c,9f3d3db7-d1ef-f011-8407-000d3a12f42f,c966717f-7a0e-f111-8406-7c1e5247a2b3,18fc5a13-5f07-f111-8406-7c1e5247a2b3,95908f0e-6107-f111-8406-6045bdd8cc50,a5fc8fc4-6207-f111-8406-7c1e5247a2b3,bf266a61-6707-f111-8406-7c1e52146908,31a81317-95c0-f011-bbd3-7c1e527cd923,985d5f2f-05fb-f011-8406-6045bdd8cc50,ff6dc0e5-2801-f111-8406-7c1e52146c0e,096bef22-c1da-f011-8544-7c1e527cd923,8b91df39-75ba-f011-bbd3-6045bddb6d09,45304434-f8f6-f011-8406-7c1e52146c0e,28b8409a-2001-f111-8406-7ced8d1a487c,3d930d4d-22a9-f011-bbd3-7c1e527cd923,c312baf3-2a01-f111-8406-7c1e5247a2b3,aee763a0-eca5-f011-bbd3-7c1e527cd923,3baa1b36-3cb3-f011-bbd3-002248271486,0e311323-58ab-f011-bbd3-002248271486,57498159-fdd9-f011-8543-7c1e524a002a,f58c9f0b-5400-f111-8406-7ced8d17503e,4f78c6d7-69fc-f011-8406-6045bdd8cc50,83ec3d25-6cb6-f011-bbd2-000d3a546a9e,76d35f25-5dfc-f011-8406-7c1e5247a2b3,33fdf80e-0cf6-f011-8406-6045bdd8cc50,bf0e0144-609d-f011-b41c-002248271486,dae91e41-40eb-f011-8406-000d3a99310f,7425d0e0-b9ae-f011-bbd3-7c1e527d2157,d15a94a6-e3a9-f011-bbd3-7c1e527d2157,b9b5a337-e1a9-f011-bbd3-7c1e527d2157,81560a68-0fa5-f011-bbd2-7c1e527d2157,75c94dff-98a3-f011-bbd2-7c1e527d2157,b8889fd3-eaa2-f011-bbd2-7c1e527d2157,b8f9b183-60ab-f011-bbd3-7c1e527e91a1,67d54381-dba2-f011-bbd2-7c1e527d2157,e6d049e2-ae9f-f011-b41b-7c1e527d2157,da9b7958-619d-f011-b41b-7c1e527d2157,3f2f4d57-08a6-f011-bbd3-7c1e527cd923,17f0ea6b-06a6-f011-bbd3-7c1e527cd923,893307c7-78a5-f011-bbd3-7c1e527cd923,97a936b1-44a5-f011-bbd3-7c1e527cd923,c553121b-dda2-f011-bbd3-7c1e527cd923,b0368723-8d99-f011-b4cc-7c1e527cd923,3ee81ccb-db9e-f011-b41b-7c1e5246e632,cbb9b5da-79ab-f011-bbd3-6045bddb6d09,69d16c7d-98a3-f011-bbd3-6045bddb6d09,09410908-179b-f011-b4cc-6045bddb6d09,c9bf4c0a-b59f-f011-b41c-002248276c98,f065cc64-5cab-f011-bbd3-002248271486,b55ed3b9-08a6-f011-bbd3-002248271486,25e09ee2-07a6-f011-bbd3-002248271486,02d14a80-07a6-f011-bbd3-002248271486,213f30d9-00a6-f011-bbd3-002248271486,460978c2-4ca4-f011-bbd3-002248271486,997d8e56-7fa3-f011-bbd3-002248271486,2bf94ecc-d7a2-f011-bbd3-002248271486,9188a5e8-189b-f011-b4cc-002248271486,8f7a651f-6da0-f011-b41c-002248271486,b68e30a9-db9e-f011-b41c-002248271486,89cbe10c-619d-f011-b41b-000d3a984383,7f5920ca-609d-f011-b41b-000d3a984383,c147ec4a-98a3-f011-bbd2-7c1e527d2157,3244be55-65b6-f011-bbd3-7c1e527d2157,6ae769d3-7bc1-f011-bbd3-7c1e527d2157,0796b478-98c1-f011-bbd3-002248271486,aaee2b71-c9c4-f011-bbd3-7c1e527cd923,081676d6-c2ce-f011-bbd3-7c1e527d2157,56f6109b-adcf-f011-bbd3-002248276c98,f7e01180-f6d5-f011-8543-7ced8d180b64,c2297e69-6fd7-f011-8544-002248271486,31406ae1-5ddb-f011-8544-7c1e527d2157,5c6bbe60-daa2-f011-bbd3-7c1e527cd923,ee397165-74c0-f011-bbd2-6045bdd7e0eb,40e1e82e-07a6-f011-bbd3-7c1e527cd923,c0000182-0000-4000-8000-000000000000",124ef45c-9289-f011-b4cc-002248271486
e0003549-0000-4000-8000-000000000000,0,Demo validation justification,,,,No impact,,,,,,,"ac3e0298-dead-f111-aaac-7ced8d1ca135,9d6f22fc-0ead-f111-aaac-7c1e5215f4b4,b6bf7fc9-5eac-f111-aaac-7c1e527cdbd8,09d20795-5fac-f111-aaac-000d3a8cdfc7,257ef099-74ac-f111-aaac-7c1e52fd84c7,8611184e-75ac-f111-aaac-7c1e5215f4b4,ae571fd7-aaab-f111-aaac-0022481fc755,05b53ae6-6196-f111-8076-7ced8d1ca135,8ccfa7cc-bdab-f111-aaac-7c1e5215f4b4,311101dc-224a-f111-bec6-7c1e5215f4b4,62b3d343-8da8-f111-b8de-000d3a8cdfc7,2337e631-89ab-f111-aaac-70a8a53eb3d2,fb9dd537-19a2-f111-b8dc-7c1e5215f4b4,a796179f-8c87-f111-ab0f-7ced8d1ca135,e32aee5c-204a-f111-bec6-7c1e5215f4b4,513f1ec9-8e9d-f111-b8db-00224820954c,b7f1a6a2-c45d-f111-a826-7c1e5215f4b4,87e74f55-cc90-f111-8077-0022481fc755,57c0e116-0123-f111-8341-7c1e52146c0e,82558bf3-0223-f111-8342-7c1e52146908,1ea81741-0023-f111-8342-7c1e52146908,11e64f6a-0323-f111-8341-7c1e52146c0e,14e39dd8-3e49-f111-bec6-0022481fc755,262bc547-a648-f111-bec6-000d3a8cdfc7,916fbceb-0ad5-f011-8544-002248271486,284dab08-ba8a-f111-ab0f-3833c5ec8135,5597000c-e394-f111-8075-0022481e6c23,71802c12-05a6-f011-bbd2-7c1e527d2157,5f60f114-214a-f111-bec6-7c1e527f1b2f,a1b7d243-9f44-f111-88b4-70a8a53eb3d2,43fe1227-1d82-f111-ab0f-000d3a8cdfc7,9a9db714-0c1f-f111-8341-7c1e52146c0e,42b12f09-9b44-f111-88b4-0022481fc755,b88154af-6149-f111-bec6-7c1e5215f4b4,feba5c60-7fba-f011-bbd3-002248271486,01960369-5900-f111-8406-7c1e5247a2b3,ae9f8fe9-d3b4-f011-bbd3-002248271486,24d2dc12-ea47-f111-bec6-7c1e524a11a2,9f20e6c7-4d13-f111-8406-7c1e52146908,ea75bf2a-923e-f111-88b4-70a8a53eb3d2,042e43de-cd0d-f111-8406-000d3a538d48,3b6dfb3d-ff22-f111-8341-000d3a538d48,5627db19-fe6f-f111-ab0d-000d3a8b49d9,0e0b54ba-ff22-f111-8341-6045bda6c590,67f1f35f-fb22-f111-8341-7c1e5247a2b3,98a4c549-9674-f111-ab0f-000d3a8cdfc7,7b01f632-5660-f111-a826-7c1e5215f4b4,5739cbc5-6a63-f111-a826-7c1e5215f4b4,3608153b-525f-f111-a825-000d3a99ae1b,30822579-535f-f111-a826-7c1e5215f4b4,27d378c7-06a6-f011-bbd3-7c1e527cd923,b907945d-01a6-f011-bbd2-7c1e527d2157,f60914fb-e84e-f111-bec6-70a8a53eb3d2,b9b308a3-e34f-f111-bec7-7c1e527cdbd8,9de5a849-e54f-f111-bec7-7c1e527cdbd8,3e786944-f54e-f111-bec7-7c1e527cdbd8,9c4f7b31-6650-f111-bec7-000d3a8cdfc7,6abf2f65-6850-f111-bec7-7c1e5215f4b4,9d86190b-75f1-f011-8406-00224832861e,c497dc08-df4e-f111-bec7-7c1e527cdbd8,b0e692f3-e04e-f111-bec7-7c1e5215f4b4,6ea2cd11-e14e-f111-bec7-000d3a8cdfc7,54b391c4-e34e-f111-bec6-000d3a1ce8d4,528b466e-e54e-f111-bec7-7c1e527cdbd8,61964b4f-e74e-f111-bec6-000d3a1ce8d4,63dbcd72-fa4e-f111-bec7-7c1e527cdbd8,3e3e0392-fb4e-f111-bec7-000d3a8cdfc7,6b5cb284-fc4e-f111-bec7-7c1e527cdbd8,0e95bc66-ff4e-f111-bec6-000d3a1ce8d4,746a1f08-004f-f111-bec7-7c1e527cdbd8,589dc644-004f-f111-bec7-7c1e5215f4b4,b20f529c-2b4f-f111-bec7-7c1e527cdbd8,e95a352c-a44f-f111-bec7-7c1e5215f4b4,b4447bc1-fd4e-f111-bec7-7c1e5215f4b4,ac8eeccc-f001-f111-8406-0022481cae89,07291f66-9224-f111-8341-6045bdd8cc50,03224b6e-833d-f111-88b4-000d3a8b46c5,a4e66bb7-0e02-f111-8407-6045bda6c590,76412135-1dfd-f011-8406-7c1e5247a2b3,0769b519-0a02-f111-8406-6045bdd8cc50,653011a3-a998-f011-b4cb-7c1e527d2157,e1e7a199-c518-f111-8341-7c1e52146c0e,98c49b2e-bc3d-f111-88b4-7c1e5215f4b4,f67bf6f6-45a5-f011-bbd3-7c1e527cd923,94978808-e43c-f111-88b4-000d3a8b49d9,3649dae7-5abb-f011-bbd3-7c1e527cd923,122027a3-0839-f111-88b4-70a8a53eb3d2,5ea428df-a439-f111-88b4-0022481fc755,564de39d-db9e-f011-b41b-7c1e527d2157,84bc98c6-9f39-f111-88b4-7c1e5215f4b4,762c2bc4-db9e-f011-b41b-7c1e52598de0,f57acc37-4801-f111-8406-7c1e52146c0e,0ac05512-3108-f111-8406-7c1e5247a2b3,915dfad9-e5ca-f011-bbd3-002248271486,75974fe6-8432-f111-88b4-7c1e52146908,08fbfb71-a62e-f111-88b4-7c1e52146908,628acecc-a02e-f111-88b4-7c1e52146c0e,2625111f-fb2d-f111-88b4-7c1e52146695,aad5052a-bd26-f111-8341-6045bdd8cc50,09e022e4-9aa3-f011-bbd3-7c1e527cd923,b9aab387-7fab-f011-bbd3-7c1e527cd923,cbeac53a-85ab-f011-bbd3-002248276c98,e41d4bfa-3aa5-f011-bbd2-7c1e527d2157,87add845-3ba5-f011-bbd3-002248271486,79707dff-7da3-f011-bbd3-002248271486,2aea4248-6e03-f111-8406-000d3a538d48,3f038e7c-21a5-f011-bbd3-7c1e527cd923,1fbff28e-609d-f011-b41b-00224827aa4c,9f3d3db7-d1ef-f011-8407-000d3a12f42f,c966717f-7a0e-f111-8406-7c1e5247a2b3,18fc5a13-5f07-f111-8406-7c1e5247a2b3,95908f0e-6107-f111-8406-6045bdd8cc50,a5fc8fc4-6207-f111-8406-7c1e5247a2b3,bf266a61-6707-f111-8406-7c1e52146908,31a81317-95c0-f011-bbd3-7c1e527cd923,985d5f2f-05fb-f011-8406-6045bdd8cc50,ff6dc0e5-2801-f111-8406-7c1e52146c0e,096bef22-c1da-f011-8544-7c1e527cd923,8b91df39-75ba-f011-bbd3-6045bddb6d09,45304434-f8f6-f011-8406-7c1e52146c0e,28b8409a-2001-f111-8406-7ced8d1a487c,3d930d4d-22a9-f011-bbd3-7c1e527cd923,c312baf3-2a01-f111-8406-7c1e5247a2b3,aee763a0-eca5-f011-bbd3-7c1e527cd923,3baa1b36-3cb3-f011-bbd3-002248271486,0e311323-58ab-f011-bbd3-002248271486,57498159-fdd9-f011-8543-7c1e524a002a,f58c9f0b-5400-f111-8406-7ced8d17503e,4f78c6d7-69fc-f011-8406-6045bdd8cc50,83ec3d25-6cb6-f011-bbd2-000d3a546a9e,76d35f25-5dfc-f011-8406-7c1e5247a2b3,33fdf80e-0cf6-f011-8406-6045bdd8cc50,bf0e0144-609d-f011-b41c-002248271486,dae91e41-40eb-f011-8406-000d3a99310f,7425d0e0-b9ae-f011-bbd3-7c1e527d2157,d15a94a6-e3a9-f011-bbd3-7c1e527d2157,b9b5a337-e1a9-f011-bbd3-7c1e527d2157,81560a68-0fa5-f011-bbd2-7c1e527d2157,75c94dff-98a3-f011-bbd2-7c1e527d2157,b8889fd3-eaa2-f011-bbd2-7c1e527d2157,b8f9b183-60ab-f011-bbd3-7c1e527e91a1,67d54381-dba2-f011-bbd2-7c1e527d2157,e6d049e2-ae9f-f011-b41b-7c1e527d2157,da9b7958-619d-f011-b41b-7c1e527d2157,3f2f4d57-08a6-f011-bbd3-7c1e527cd923,17f0ea6b-06a6-f011-bbd3-7c1e527cd923,893307c7-78a5-f011-bbd3-7c1e527cd923,97a936b1-44a5-f011-bbd3-7c1e527cd923,c553121b-dda2-f011-bbd3-7c1e527cd923,b0368723-8d99-f011-b4cc-7c1e527cd923,3ee81ccb-db9e-f011-b41b-7c1e5246e632,cbb9b5da-79ab-f011-bbd3-6045bddb6d09,69d16c7d-98a3-f011-bbd3-6045bddb6d09,09410908-179b-f011-b4cc-6045bddb6d09,c9bf4c0a-b59f-f011-b41c-002248276c98,f065cc64-5cab-f011-bbd3-002248271486,b55ed3b9-08a6-f011-bbd3-002248271486,25e09ee2-07a6-f011-bbd3-002248271486,02d14a80-07a6-f011-bbd3-002248271486,213f30d9-00a6-f011-bbd3-002248271486,460978c2-4ca4-f011-bbd3-002248271486,997d8e56-7fa3-f011-bbd3-002248271486,2bf94ecc-d7a2-f011-bbd3-002248271486,9188a5e8-189b-f011-b4cc-002248271486,8f7a651f-6da0-f011-b41c-002248271486,b68e30a9-db9e-f011-b41c-002248271486,89cbe10c-619d-f011-b41b-000d3a984383,7f5920ca-609d-f011-b41b-000d3a984383,c147ec4a-98a3-f011-bbd2-7c1e527d2157,3244be55-65b6-f011-bbd3-7c1e527d2157,6ae769d3-7bc1-f011-bbd3-7c1e527d2157,0796b478-98c1-f011-bbd3-002248271486,aaee2b71-c9c4-f011-bbd3-7c1e527cd923,081676d6-c2ce-f011-bbd3-7c1e527d2157,56f6109b-adcf-f011-bbd3-002248276c98,f7e01180-f6d5-f011-8543-7ced8d180b64,c2297e69-6fd7-f011-8544-002248271486,31406ae1-5ddb-f011-8544-7c1e527d2157,5c6bbe60-daa2-f011-bbd3-7c1e527cd923,ee397165-74c0-f011-bbd2-6045bdd7e0eb,40e1e82e-07a6-f011-bbd3-7c1e527cd923,c0000182-0000-4000-8000-000000000000",c91de0e9-9189-f011-b4cc-7c1e527d2157
e0003550-0000-4000-8000-000000000000,0,Demo validation justification,,,,No impact,,,,,,,"ac3e0298-dead-f111-aaac-7ced8d1ca135,9d6f22fc-0ead-f111-aaac-7c1e5215f4b4,b6bf7fc9-5eac-f111-aaac-7c1e527cdbd8,09d20795-5fac-f111-aaac-000d3a8cdfc7,257ef099-74ac-f111-aaac-7c1e52fd84c7,8611184e-75ac-f111-aaac-7c1e5215f4b4,ae571fd7-aaab-f111-aaac-0022481fc755,05b53ae6-6196-f111-8076-7ced8d1ca135,8ccfa7cc-bdab-f111-aaac-7c1e5215f4b4,311101dc-224a-f111-bec6-7c1e5215f4b4,62b3d343-8da8-f111-b8de-000d3a8cdfc7,2337e631-89ab-f111-aaac-70a8a53eb3d2,fb9dd537-19a2-f111-b8dc-7c1e5215f4b4,a796179f-8c87-f111-ab0f-7ced8d1ca135,e32aee5c-204a-f111-bec6-7c1e5215f4b4,513f1ec9-8e9d-f111-b8db-00224820954c,b7f1a6a2-c45d-f111-a826-7c1e5215f4b4,87e74f55-cc90-f111-8077-0022481fc755,57c0e116-0123-f111-8341-7c1e52146c0e,82558bf3-0223-f111-8342-7c1e52146908,1ea81741-0023-f111-8342-7c1e52146908,11e64f6a-0323-f111-8341-7c1e52146c0e,14e39dd8-3e49-f111-bec6-0022481fc755,262bc547-a648-f111-bec6-000d3a8cdfc7,916fbceb-0ad5-f011-8544-002248271486,284dab08-ba8a-f111-ab0f-3833c5ec8135,5597000c-e394-f111-8075-0022481e6c23,71802c12-05a6-f011-bbd2-7c1e527d2157,5f60f114-214a-f111-bec6-7c1e527f1b2f,a1b7d243-9f44-f111-88b4-70a8a53eb3d2,43fe1227-1d82-f111-ab0f-000d3a8cdfc7,9a9db714-0c1f-f111-8341-7c1e52146c0e,42b12f09-9b44-f111-88b4-0022481fc755,b88154af-6149-f111-bec6-7c1e5215f4b4,feba5c60-7fba-f011-bbd3-002248271486,01960369-5900-f111-8406-7c1e5247a2b3,ae9f8fe9-d3b4-f011-bbd3-002248271486,24d2dc12-ea47-f111-bec6-7c1e524a11a2,9f20e6c7-4d13-f111-8406-7c1e52146908,ea75bf2a-923e-f111-88b4-70a8a53eb3d2,042e43de-cd0d-f111-8406-000d3a538d48,3b6dfb3d-ff22-f111-8341-000d3a538d48,5627db19-fe6f-f111-ab0d-000d3a8b49d9,0e0b54ba-ff22-f111-8341-6045bda6c590,67f1f35f-fb22-f111-8341-7c1e5247a2b3,98a4c549-9674-f111-ab0f-000d3a8cdfc7,7b01f632-5660-f111-a826-7c1e5215f4b4,5739cbc5-6a63-f111-a826-7c1e5215f4b4,3608153b-525f-f111-a825-000d3a99ae1b,30822579-535f-f111-a826-7c1e5215f4b4,27d378c7-06a6-f011-bbd3-7c1e527cd923,b907945d-01a6-f011-bbd2-7c1e527d2157,f60914fb-e84e-f111-bec6-70a8a53eb3d2,b9b308a3-e34f-f111-bec7-7c1e527cdbd8,9de5a849-e54f-f111-bec7-7c1e527cdbd8,3e786944-f54e-f111-bec7-7c1e527cdbd8,9c4f7b31-6650-f111-bec7-000d3a8cdfc7,6abf2f65-6850-f111-bec7-7c1e5215f4b4,9d86190b-75f1-f011-8406-00224832861e,c497dc08-df4e-f111-bec7-7c1e527cdbd8,b0e692f3-e04e-f111-bec7-7c1e5215f4b4,6ea2cd11-e14e-f111-bec7-000d3a8cdfc7,54b391c4-e34e-f111-bec6-000d3a1ce8d4,528b466e-e54e-f111-bec7-7c1e527cdbd8,61964b4f-e74e-f111-bec6-000d3a1ce8d4,63dbcd72-fa4e-f111-bec7-7c1e527cdbd8,3e3e0392-fb4e-f111-bec7-000d3a8cdfc7,6b5cb284-fc4e-f111-bec7-7c1e527cdbd8,0e95bc66-ff4e-f111-bec6-000d3a1ce8d4,746a1f08-004f-f111-bec7-7c1e527cdbd8,589dc644-004f-f111-bec7-7c1e5215f4b4,b20f529c-2b4f-f111-bec7-7c1e527cdbd8,e95a352c-a44f-f111-bec7-7c1e5215f4b4,b4447bc1-fd4e-f111-bec7-7c1e5215f4b4,ac8eeccc-f001-f111-8406-0022481cae89,07291f66-9224-f111-8341-6045bdd8cc50,03224b6e-833d-f111-88b4-000d3a8b46c5,a4e66bb7-0e02-f111-8407-6045bda6c590,76412135-1dfd-f011-8406-7c1e5247a2b3,0769b519-0a02-f111-8406-6045bdd8cc50,653011a3-a998-f011-b4cb-7c1e527d2157,e1e7a199-c518-f111-8341-7c1e52146c0e,98c49b2e-bc3d-f111-88b4-7c1e5215f4b4,f67bf6f6-45a5-f011-bbd3-7c1e527cd923,94978808-e43c-f111-88b4-000d3a8b49d9,3649dae7-5abb-f011-bbd3-7c1e527cd923,122027a3-0839-f111-88b4-70a8a53eb3d2,5ea428df-a439-f111-88b4-0022481fc755,564de39d-db9e-f011-b41b-7c1e527d2157,84bc98c6-9f39-f111-88b4-7c1e5215f4b4,762c2bc4-db9e-f011-b41b-7c1e52598de0,f57acc37-4801-f111-8406-7c1e52146c0e,0ac05512-3108-f111-8406-7c1e5247a2b3,915dfad9-e5ca-f011-bbd3-002248271486,75974fe6-8432-f111-88b4-7c1e52146908,08fbfb71-a62e-f111-88b4-7c1e52146908,628acecc-a02e-f111-88b4-7c1e52146c0e,2625111f-fb2d-f111-88b4-7c1e52146695,aad5052a-bd26-f111-8341-6045bdd8cc50,09e022e4-9aa3-f011-bbd3-7c1e527cd923,b9aab387-7fab-f011-bbd3-7c1e527cd923,cbeac53a-85ab-f011-bbd3-002248276c98,e41d4bfa-3aa5-f011-bbd2-7c1e527d2157,87add845-3ba5-f011-bbd3-002248271486,79707dff-7da3-f011-bbd3-002248271486,2aea4248-6e03-f111-8406-000d3a538d48,3f038e7c-21a5-f011-bbd3-7c1e527cd923,1fbff28e-609d-f011-b41b-00224827aa4c,9f3d3db7-d1ef-f011-8407-000d3a12f42f,c966717f-7a0e-f111-8406-7c1e5247a2b3,18fc5a13-5f07-f111-8406-7c1e5247a2b3,95908f0e-6107-f111-8406-6045bdd8cc50,a5fc8fc4-6207-f111-8406-7c1e5247a2b3,bf266a61-6707-f111-8406-7c1e52146908,31a81317-95c0-f011-bbd3-7c1e527cd923,985d5f2f-05fb-f011-8406-6045bdd8cc50,ff6dc0e5-2801-f111-8406-7c1e52146c0e,096bef22-c1da-f011-8544-7c1e527cd923,8b91df39-75ba-f011-bbd3-6045bddb6d09,45304434-f8f6-f011-8406-7c1e52146c0e,28b8409a-2001-f111-8406-7ced8d1a487c,3d930d4d-22a9-f011-bbd3-7c1e527cd923,c312baf3-2a01-f111-8406-7c1e5247a2b3,aee763a0-eca5-f011-bbd3-7c1e527cd923,3baa1b36-3cb3-f011-bbd3-002248271486,0e311323-58ab-f011-bbd3-002248271486,57498159-fdd9-f011-8543-7c1e524a002a,f58c9f0b-5400-f111-8406-7ced8d17503e,4f78c6d7-69fc-f011-8406-6045bdd8cc50,83ec3d25-6cb6-f011-bbd2-000d3a546a9e,76d35f25-5dfc-f011-8406-7c1e5247a2b3,33fdf80e-0cf6-f011-8406-6045bdd8cc50,bf0e0144-609d-f011-b41c-002248271486,dae91e41-40eb-f011-8406-000d3a99310f,7425d0e0-b9ae-f011-bbd3-7c1e527d2157,d15a94a6-e3a9-f011-bbd3-7c1e527d2157,b9b5a337-e1a9-f011-bbd3-7c1e527d2157,81560a68-0fa5-f011-bbd2-7c1e527d2157,75c94dff-98a3-f011-bbd2-7c1e527d2157,b8889fd3-eaa2-f011-bbd2-7c1e527d2157,b8f9b183-60ab-f011-bbd3-7c1e527e91a1,67d54381-dba2-f011-bbd2-7c1e527d2157,e6d049e2-ae9f-f011-b41b-7c1e527d2157,da9b7958-619d-f011-b41b-7c1e527d2157,3f2f4d57-08a6-f011-bbd3-7c1e527cd923,17f0ea6b-06a6-f011-bbd3-7c1e527cd923,893307c7-78a5-f011-bbd3-7c1e527cd923,97a936b1-44a5-f011-bbd3-7c1e527cd923,c553121b-dda2-f011-bbd3-7c1e527cd923,b0368723-8d99-f011-b4cc-7c1e527cd923,3ee81ccb-db9e-f011-b41b-7c1e5246e632,cbb9b5da-79ab-f011-bbd3-6045bddb6d09,69d16c7d-98a3-f011-bbd3-6045bddb6d09,09410908-179b-f011-b4cc-6045bddb6d09,c9bf4c0a-b59f-f011-b41c-002248276c98,f065cc64-5cab-f011-bbd3-002248271486,b55ed3b9-08a6-f011-bbd3-002248271486,25e09ee2-07a6-f011-bbd3-002248271486,02d14a80-07a6-f011-bbd3-002248271486,213f30d9-00a6-f011-bbd3-002248271486,460978c2-4ca4-f011-bbd3-002248271486,997d8e56-7fa3-f011-bbd3-002248271486,2bf94ecc-d7a2-f011-bbd3-002248271486,9188a5e8-189b-f011-b4cc-002248271486,8f7a651f-6da0-f011-b41c-002248271486,b68e30a9-db9e-f011-b41c-002248271486,89cbe10c-619d-f011-b41b-000d3a984383,7f5920ca-609d-f011-b41b-000d3a984383,c147ec4a-98a3-f011-bbd2-7c1e527d2157,3244be55-65b6-f011-bbd3-7c1e527d2157,6ae769d3-7bc1-f011-bbd3-7c1e527d2157,0796b478-98c1-f011-bbd3-002248271486,aaee2b71-c9c4-f011-bbd3-7c1e527cd923,081676d6-c2ce-f011-bbd3-7c1e527d2157,56f6109b-adcf-f011-bbd3-002248276c98,f7e01180-f6d5-f011-8543-7ced8d180b64,c2297e69-6fd7-f011-8544-002248271486,31406ae1-5ddb-f011-8544-7c1e527d2157,5c6bbe60-daa2-f011-bbd3-7c1e527cd923,ee397165-74c0-f011-bbd2-6045bdd7e0eb,40e1e82e-07a6-f011-bbd3-7c1e527cd923,c0000182-0000-4000-8000-000000000000",31d4e7e3-9189-f011-b4cc-7c1e527d2157
e0003551-0000-4000-8000-000000000000,0,Demo validation justification,,,,No impact,,,,,,,"ac3e0298-dead-f111-aaac-7ced8d1ca135,9d6f22fc-0ead-f111-aaac-7c1e5215f4b4,b6bf7fc9-5eac-f111-aaac-7c1e527cdbd8,09d20795-5fac-f111-aaac-000d3a8cdfc7,257ef099-74ac-f111-aaac-7c1e52fd84c7,8611184e-75ac-f111-aaac-7c1e5215f4b4,ae571fd7-aaab-f111-aaac-0022481fc755,05b53ae6-6196-f111-8076-7ced8d1ca135,8ccfa7cc-bdab-f111-aaac-7c1e5215f4b4,311101dc-224a-f111-bec6-7c1e5215f4b4,62b3d343-8da8-f111-b8de-000d3a8cdfc7,2337e631-89ab-f111-aaac-70a8a53eb3d2,fb9dd537-19a2-f111-b8dc-7c1e5215f4b4,a796179f-8c87-f111-ab0f-7ced8d1ca135,e32aee5c-204a-f111-bec6-7c1e5215f4b4,513f1ec9-8e9d-f111-b8db-00224820954c,b7f1a6a2-c45d-f111-a826-7c1e5215f4b4,87e74f55-cc90-f111-8077-0022481fc755,57c0e116-0123-f111-8341-7c1e52146c0e,82558bf3-0223-f111-8342-7c1e52146908,1ea81741-0023-f111-8342-7c1e52146908,11e64f6a-0323-f111-8341-7c1e52146c0e,14e39dd8-3e49-f111-bec6-0022481fc755,262bc547-a648-f111-bec6-000d3a8cdfc7,916fbceb-0ad5-f011-8544-002248271486,284dab08-ba8a-f111-ab0f-3833c5ec8135,5597000c-e394-f111-8075-0022481e6c23,71802c12-05a6-f011-bbd2-7c1e527d2157,5f60f114-214a-f111-bec6-7c1e527f1b2f,a1b7d243-9f44-f111-88b4-70a8a53eb3d2,43fe1227-1d82-f111-ab0f-000d3a8cdfc7,9a9db714-0c1f-f111-8341-7c1e52146c0e,42b12f09-9b44-f111-88b4-0022481fc755,b88154af-6149-f111-bec6-7c1e5215f4b4,feba5c60-7fba-f011-bbd3-002248271486,01960369-5900-f111-8406-7c1e5247a2b3,ae9f8fe9-d3b4-f011-bbd3-002248271486,24d2dc12-ea47-f111-bec6-7c1e524a11a2,9f20e6c7-4d13-f111-8406-7c1e52146908,ea75bf2a-923e-f111-88b4-70a8a53eb3d2,042e43de-cd0d-f111-8406-000d3a538d48,3b6dfb3d-ff22-f111-8341-000d3a538d48,5627db19-fe6f-f111-ab0d-000d3a8b49d9,0e0b54ba-ff22-f111-8341-6045bda6c590,67f1f35f-fb22-f111-8341-7c1e5247a2b3,98a4c549-9674-f111-ab0f-000d3a8cdfc7,7b01f632-5660-f111-a826-7c1e5215f4b4,5739cbc5-6a63-f111-a826-7c1e5215f4b4,3608153b-525f-f111-a825-000d3a99ae1b,30822579-535f-f111-a826-7c1e5215f4b4,27d378c7-06a6-f011-bbd3-7c1e527cd923,b907945d-01a6-f011-bbd2-7c1e527d2157,f60914fb-e84e-f111-bec6-70a8a53eb3d2,b9b308a3-e34f-f111-bec7-7c1e527cdbd8,9de5a849-e54f-f111-bec7-7c1e527cdbd8,3e786944-f54e-f111-bec7-7c1e527cdbd8,9c4f7b31-6650-f111-bec7-000d3a8cdfc7,6abf2f65-6850-f111-bec7-7c1e5215f4b4,9d86190b-75f1-f011-8406-00224832861e,c497dc08-df4e-f111-bec7-7c1e527cdbd8,b0e692f3-e04e-f111-bec7-7c1e5215f4b4,6ea2cd11-e14e-f111-bec7-000d3a8cdfc7,54b391c4-e34e-f111-bec6-000d3a1ce8d4,528b466e-e54e-f111-bec7-7c1e527cdbd8,61964b4f-e74e-f111-bec6-000d3a1ce8d4,63dbcd72-fa4e-f111-bec7-7c1e527cdbd8,3e3e0392-fb4e-f111-bec7-000d3a8cdfc7,6b5cb284-fc4e-f111-bec7-7c1e527cdbd8,0e95bc66-ff4e-f111-bec6-000d3a1ce8d4,746a1f08-004f-f111-bec7-7c1e527cdbd8,589dc644-004f-f111-bec7-7c1e5215f4b4,b20f529c-2b4f-f111-bec7-7c1e527cdbd8,e95a352c-a44f-f111-bec7-7c1e5215f4b4,b4447bc1-fd4e-f111-bec7-7c1e5215f4b4,ac8eeccc-f001-f111-8406-0022481cae89,07291f66-9224-f111-8341-6045bdd8cc50,03224b6e-833d-f111-88b4-000d3a8b46c5,a4e66bb7-0e02-f111-8407-6045bda6c590,76412135-1dfd-f011-8406-7c1e5247a2b3,0769b519-0a02-f111-8406-6045bdd8cc50,653011a3-a998-f011-b4cb-7c1e527d2157,e1e7a199-c518-f111-8341-7c1e52146c0e,98c49b2e-bc3d-f111-88b4-7c1e5215f4b4,f67bf6f6-45a5-f011-bbd3-7c1e527cd923,94978808-e43c-f111-88b4-000d3a8b49d9,3649dae7-5abb-f011-bbd3-7c1e527cd923,122027a3-0839-f111-88b4-70a8a53eb3d2,5ea428df-a439-f111-88b4-0022481fc755,564de39d-db9e-f011-b41b-7c1e527d2157,84bc98c6-9f39-f111-88b4-7c1e5215f4b4,762c2bc4-db9e-f011-b41b-7c1e52598de0,f57acc37-4801-f111-8406-7c1e52146c0e,0ac05512-3108-f111-8406-7c1e5247a2b3,915dfad9-e5ca-f011-bbd3-002248271486,75974fe6-8432-f111-88b4-7c1e52146908,08fbfb71-a62e-f111-88b4-7c1e52146908,628acecc-a02e-f111-88b4-7c1e52146c0e,2625111f-fb2d-f111-88b4-7c1e52146695,aad5052a-bd26-f111-8341-6045bdd8cc50,09e022e4-9aa3-f011-bbd3-7c1e527cd923,b9aab387-7fab-f011-bbd3-7c1e527cd923,cbeac53a-85ab-f011-bbd3-002248276c98,e41d4bfa-3aa5-f011-bbd2-7c1e527d2157,87add845-3ba5-f011-bbd3-002248271486,79707dff-7da3-f011-bbd3-002248271486,2aea4248-6e03-f111-8406-000d3a538d48,3f038e7c-21a5-f011-bbd3-7c1e527cd923,1fbff28e-609d-f011-b41b-00224827aa4c,9f3d3db7-d1ef-f011-8407-000d3a12f42f,c966717f-7a0e-f111-8406-7c1e5247a2b3,18fc5a13-5f07-f111-8406-7c1e5247a2b3,95908f0e-6107-f111-8406-6045bdd8cc50,a5fc8fc4-6207-f111-8406-7c1e5247a2b3,bf266a61-6707-f111-8406-7c1e52146908,31a81317-95c0-f011-bbd3-7c1e527cd923,985d5f2f-05fb-f011-8406-6045bdd8cc50,ff6dc0e5-2801-f111-8406-7c1e52146c0e,096bef22-c1da-f011-8544-7c1e527cd923,8b91df39-75ba-f011-bbd3-6045bddb6d09,45304434-f8f6-f011-8406-7c1e52146c0e,28b8409a-2001-f111-8406-7ced8d1a487c,3d930d4d-22a9-f011-bbd3-7c1e527cd923,c312baf3-2a01-f111-8406-7c1e5247a2b3,aee763a0-eca5-f011-bbd3-7c1e527cd923,3baa1b36-3cb3-f011-bbd3-002248271486,0e311323-58ab-f011-bbd3-002248271486,57498159-fdd9-f011-8543-7c1e524a002a,f58c9f0b-5400-f111-8406-7ced8d17503e,4f78c6d7-69fc-f011-8406-6045bdd8cc50,83ec3d25-6cb6-f011-bbd2-000d3a546a9e,76d35f25-5dfc-f011-8406-7c1e5247a2b3,33fdf80e-0cf6-f011-8406-6045bdd8cc50,bf0e0144-609d-f011-b41c-002248271486,dae91e41-40eb-f011-8406-000d3a99310f,7425d0e0-b9ae-f011-bbd3-7c1e527d2157,d15a94a6-e3a9-f011-bbd3-7c1e527d2157,b9b5a337-e1a9-f011-bbd3-7c1e527d2157,81560a68-0fa5-f011-bbd2-7c1e527d2157,75c94dff-98a3-f011-bbd2-7c1e527d2157,b8889fd3-eaa2-f011-bbd2-7c1e527d2157,b8f9b183-60ab-f011-bbd3-7c1e527e91a1,67d54381-dba2-f011-bbd2-7c1e527d2157,e6d049e2-ae9f-f011-b41b-7c1e527d2157,da9b7958-619d-f011-b41b-7c1e527d2157,3f2f4d57-08a6-f011-bbd3-7c1e527cd923,17f0ea6b-06a6-f011-bbd3-7c1e527cd923,893307c7-78a5-f011-bbd3-7c1e527cd923,97a936b1-44a5-f011-bbd3-7c1e527cd923,c553121b-dda2-f011-bbd3-7c1e527cd923,b0368723-8d99-f011-b4cc-7c1e527cd923,3ee81ccb-db9e-f011-b41b-7c1e5246e632,cbb9b5da-79ab-f011-bbd3-6045bddb6d09,69d16c7d-98a3-f011-bbd3-6045bddb6d09,09410908-179b-f011-b4cc-6045bddb6d09,c9bf4c0a-b59f-f011-b41c-002248276c98,f065cc64-5cab-f011-bbd3-002248271486,b55ed3b9-08a6-f011-bbd3-002248271486,25e09ee2-07a6-f011-bbd3-002248271486,02d14a80-07a6-f011-bbd3-002248271486,213f30d9-00a6-f011-bbd3-002248271486,460978c2-4ca4-f011-bbd3-002248271486,997d8e56-7fa3-f011-bbd3-002248271486,2bf94ecc-d7a2-f011-bbd3-002248271486,9188a5e8-189b-f011-b4cc-002248271486,8f7a651f-6da0-f011-b41c-002248271486,b68e30a9-db9e-f011-b41c-002248271486,89cbe10c-619d-f011-b41b-000d3a984383,7f5920ca-609d-f011-b41b-000d3a984383,c147ec4a-98a3-f011-bbd2-7c1e527d2157,3244be55-65b6-f011-bbd3-7c1e527d2157,6ae769d3-7bc1-f011-bbd3-7c1e527d2157,0796b478-98c1-f011-bbd3-002248271486,aaee2b71-c9c4-f011-bbd3-7c1e527cd923,081676d6-c2ce-f011-bbd3-7c1e527d2157,56f6109b-adcf-f011-bbd3-002248276c98,f7e01180-f6d5-f011-8543-7ced8d180b64,c2297e69-6fd7-f011-8544-002248271486,31406ae1-5ddb-f011-8544-7c1e527d2157,5c6bbe60-daa2-f011-bbd3-7c1e527cd923,ee397165-74c0-f011-bbd2-6045bdd7e0eb,40e1e82e-07a6-f011-bbd3-7c1e527cd923,c0000182-0000-4000-8000-000000000000",300edd89-9289-f011-b4cc-7c1e527d2157
e0003552-0000-4000-8000-000000000000,0,Demo validation justification,,,,No impact,,,,,,,"ac3e0298-dead-f111-aaac-7ced8d1ca135,9d6f22fc-0ead-f111-aaac-7c1e5215f4b4,b6bf7fc9-5eac-f111-aaac-7c1e527cdbd8,09d20795-5fac-f111-aaac-000d3a8cdfc7,257ef099-74ac-f111-aaac-7c1e52fd84c7,8611184e-75ac-f111-aaac-7c1e5215f4b4,ae571fd7-aaab-f111-aaac-0022481fc755,05b53ae6-6196-f111-8076-7ced8d1ca135,8ccfa7cc-bdab-f111-aaac-7c1e5215f4b4,311101dc-224a-f111-bec6-7c1e5215f4b4,62b3d343-8da8-f111-b8de-000d3a8cdfc7,2337e631-89ab-f111-aaac-70a8a53eb3d2,fb9dd537-19a2-f111-b8dc-7c1e5215f4b4,a796179f-8c87-f111-ab0f-7ced8d1ca135,e32aee5c-204a-f111-bec6-7c1e5215f4b4,513f1ec9-8e9d-f111-b8db-00224820954c,b7f1a6a2-c45d-f111-a826-7c1e5215f4b4,87e74f55-cc90-f111-8077-0022481fc755,57c0e116-0123-f111-8341-7c1e52146c0e,82558bf3-0223-f111-8342-7c1e52146908,1ea81741-0023-f111-8342-7c1e52146908,11e64f6a-0323-f111-8341-7c1e52146c0e,14e39dd8-3e49-f111-bec6-0022481fc755,262bc547-a648-f111-bec6-000d3a8cdfc7,916fbceb-0ad5-f011-8544-002248271486,284dab08-ba8a-f111-ab0f-3833c5ec8135,5597000c-e394-f111-8075-0022481e6c23,71802c12-05a6-f011-bbd2-7c1e527d2157,5f60f114-214a-f111-bec6-7c1e527f1b2f,a1b7d243-9f44-f111-88b4-70a8a53eb3d2,43fe1227-1d82-f111-ab0f-000d3a8cdfc7,9a9db714-0c1f-f111-8341-7c1e52146c0e,42b12f09-9b44-f111-88b4-0022481fc755,b88154af-6149-f111-bec6-7c1e5215f4b4,feba5c60-7fba-f011-bbd3-002248271486,01960369-5900-f111-8406-7c1e5247a2b3,ae9f8fe9-d3b4-f011-bbd3-002248271486,24d2dc12-ea47-f111-bec6-7c1e524a11a2,9f20e6c7-4d13-f111-8406-7c1e52146908,ea75bf2a-923e-f111-88b4-70a8a53eb3d2,042e43de-cd0d-f111-8406-000d3a538d48,3b6dfb3d-ff22-f111-8341-000d3a538d48,5627db19-fe6f-f111-ab0d-000d3a8b49d9,0e0b54ba-ff22-f111-8341-6045bda6c590,67f1f35f-fb22-f111-8341-7c1e5247a2b3,98a4c549-9674-f111-ab0f-000d3a8cdfc7,7b01f632-5660-f111-a826-7c1e5215f4b4,5739cbc5-6a63-f111-a826-7c1e5215f4b4,3608153b-525f-f111-a825-000d3a99ae1b,30822579-535f-f111-a826-7c1e5215f4b4,27d378c7-06a6-f011-bbd3-7c1e527cd923,b907945d-01a6-f011-bbd2-7c1e527d2157,f60914fb-e84e-f111-bec6-70a8a53eb3d2,b9b308a3-e34f-f111-bec7-7c1e527cdbd8,9de5a849-e54f-f111-bec7-7c1e527cdbd8,3e786944-f54e-f111-bec7-7c1e527cdbd8,9c4f7b31-6650-f111-bec7-000d3a8cdfc7,6abf2f65-6850-f111-bec7-7c1e5215f4b4,9d86190b-75f1-f011-8406-00224832861e,c497dc08-df4e-f111-bec7-7c1e527cdbd8,b0e692f3-e04e-f111-bec7-7c1e5215f4b4,6ea2cd11-e14e-f111-bec7-000d3a8cdfc7,54b391c4-e34e-f111-bec6-000d3a1ce8d4,528b466e-e54e-f111-bec7-7c1e527cdbd8,61964b4f-e74e-f111-bec6-000d3a1ce8d4,63dbcd72-fa4e-f111-bec7-7c1e527cdbd8,3e3e0392-fb4e-f111-bec7-000d3a8cdfc7,6b5cb284-fc4e-f111-bec7-7c1e527cdbd8,0e95bc66-ff4e-f111-bec6-000d3a1ce8d4,746a1f08-004f-f111-bec7-7c1e527cdbd8,589dc644-004f-f111-bec7-7c1e5215f4b4,b20f529c-2b4f-f111-bec7-7c1e527cdbd8,e95a352c-a44f-f111-bec7-7c1e5215f4b4,b4447bc1-fd4e-f111-bec7-7c1e5215f4b4,ac8eeccc-f001-f111-8406-0022481cae89,07291f66-9224-f111-8341-6045bdd8cc50,03224b6e-833d-f111-88b4-000d3a8b46c5,a4e66bb7-0e02-f111-8407-6045bda6c590,76412135-1dfd-f011-8406-7c1e5247a2b3,0769b519-0a02-f111-8406-6045bdd8cc50,653011a3-a998-f011-b4cb-7c1e527d2157,e1e7a199-c518-f111-8341-7c1e52146c0e,98c49b2e-bc3d-f111-88b4-7c1e5215f4b4,f67bf6f6-45a5-f011-bbd3-7c1e527cd923,94978808-e43c-f111-88b4-000d3a8b49d9,3649dae7-5abb-f011-bbd3-7c1e527cd923,122027a3-0839-f111-88b4-70a8a53eb3d2,5ea428df-a439-f111-88b4-0022481fc755,564de39d-db9e-f011-b41b-7c1e527d2157,84bc98c6-9f39-f111-88b4-7c1e5215f4b4,762c2bc4-db9e-f011-b41b-7c1e52598de0,f57acc37-4801-f111-8406-7c1e52146c0e,0ac05512-3108-f111-8406-7c1e5247a2b3,915dfad9-e5ca-f011-bbd3-002248271486,75974fe6-8432-f111-88b4-7c1e52146908,08fbfb71-a62e-f111-88b4-7c1e52146908,628acecc-a02e-f111-88b4-7c1e52146c0e,2625111f-fb2d-f111-88b4-7c1e52146695,aad5052a-bd26-f111-8341-6045bdd8cc50,09e022e4-9aa3-f011-bbd3-7c1e527cd923,b9aab387-7fab-f011-bbd3-7c1e527cd923,cbeac53a-85ab-f011-bbd3-002248276c98,e41d4bfa-3aa5-f011-bbd2-7c1e527d2157,87add845-3ba5-f011-bbd3-002248271486,79707dff-7da3-f011-bbd3-002248271486,2aea4248-6e03-f111-8406-000d3a538d48,3f038e7c-21a5-f011-bbd3-7c1e527cd923,1fbff28e-609d-f011-b41b-00224827aa4c,9f3d3db7-d1ef-f011-8407-000d3a12f42f,c966717f-7a0e-f111-8406-7c1e5247a2b3,18fc5a13-5f07-f111-8406-7c1e5247a2b3,95908f0e-6107-f111-8406-6045bdd8cc50,a5fc8fc4-6207-f111-8406-7c1e5247a2b3,bf266a61-6707-f111-8406-7c1e52146908,31a81317-95c0-f011-bbd3-7c1e527cd923,985d5f2f-05fb-f011-8406-6045bdd8cc50,ff6dc0e5-2801-f111-8406-7c1e52146c0e,096bef22-c1da-f011-8544-7c1e527cd923,8b91df39-75ba-f011-bbd3-6045bddb6d09,45304434-f8f6-f011-8406-7c1e52146c0e,28b8409a-2001-f111-8406-7ced8d1a487c,3d930d4d-22a9-f011-bbd3-7c1e527cd923,c312baf3-2a01-f111-8406-7c1e5247a2b3,aee763a0-eca5-f011-bbd3-7c1e527cd923,3baa1b36-3cb3-f011-bbd3-002248271486,0e311323-58ab-f011-bbd3-002248271486,57498159-fdd9-f011-8543-7c1e524a002a,f58c9f0b-5400-f111-8406-7ced8d17503e,4f78c6d7-69fc-f011-8406-6045bdd8cc50,83ec3d25-6cb6-f011-bbd2-000d3a546a9e,76d35f25-5dfc-f011-8406-7c1e5247a2b3,33fdf80e-0cf6-f011-8406-6045bdd8cc50,bf0e0144-609d-f011-b41c-002248271486,dae91e41-40eb-f011-8406-000d3a99310f,7425d0e0-b9ae-f011-bbd3-7c1e527d2157,d15a94a6-e3a9-f011-bbd3-7c1e527d2157,b9b5a337-e1a9-f011-bbd3-7c1e527d2157,81560a68-0fa5-f011-bbd2-7c1e527d2157,75c94dff-98a3-f011-bbd2-7c1e527d2157,b8889fd3-eaa2-f011-bbd2-7c1e527d2157,b8f9b183-60ab-f011-bbd3-7c1e527e91a1,67d54381-dba2-f011-bbd2-7c1e527d2157,e6d049e2-ae9f-f011-b41b-7c1e527d2157,da9b7958-619d-f011-b41b-7c1e527d2157,3f2f4d57-08a6-f011-bbd3-7c1e527cd923,17f0ea6b-06a6-f011-bbd3-7c1e527cd923,893307c7-78a5-f011-bbd3-7c1e527cd923,97a936b1-44a5-f011-bbd3-7c1e527cd923,c553121b-dda2-f011-bbd3-7c1e527cd923,b0368723-8d99-f011-b4cc-7c1e527cd923,3ee81ccb-db9e-f011-b41b-7c1e5246e632,cbb9b5da-79ab-f011-bbd3-6045bddb6d09,69d16c7d-98a3-f011-bbd3-6045bddb6d09,09410908-179b-f011-b4cc-6045bddb6d09,c9bf4c0a-b59f-f011-b41c-002248276c98,f065cc64-5cab-f011-bbd3-002248271486,b55ed3b9-08a6-f011-bbd3-002248271486,25e09ee2-07a6-f011-bbd3-002248271486,02d14a80-07a6-f011-bbd3-002248271486,213f30d9-00a6-f011-bbd3-002248271486,460978c2-4ca4-f011-bbd3-002248271486,997d8e56-7fa3-f011-bbd3-002248271486,2bf94ecc-d7a2-f011-bbd3-002248271486,9188a5e8-189b-f011-b4cc-002248271486,8f7a651f-6da0-f011-b41c-002248271486,b68e30a9-db9e-f011-b41c-002248271486,89cbe10c-619d-f011-b41b-000d3a984383,7f5920ca-609d-f011-b41b-000d3a984383,c147ec4a-98a3-f011-bbd2-7c1e527d2157,3244be55-65b6-f011-bbd3-7c1e527d2157,6ae769d3-7bc1-f011-bbd3-7c1e527d2157,0796b478-98c1-f011-bbd3-002248271486,aaee2b71-c9c4-f011-bbd3-7c1e527cd923,081676d6-c2ce-f011-bbd3-7c1e527d2157,56f6109b-adcf-f011-bbd3-002248276c98,f7e01180-f6d5-f011-8543-7ced8d180b64,c2297e69-6fd7-f011-8544-002248271486,31406ae1-5ddb-f011-8544-7c1e527d2157,5c6bbe60-daa2-f011-bbd3-7c1e527cd923,ee397165-74c0-f011-bbd2-6045bdd7e0eb,40e1e82e-07a6-f011-bbd3-7c1e527cd923,c0000182-0000-4000-8000-000000000000",a633db83-9289-f011-b4cc-7c1e527d2157
e0003553-0000-4000-8000-000000000000,0,Demo validation justification,,,,No impact,,,,,,,"ac3e0298-dead-f111-aaac-7ced8d1ca135,9d6f22fc-0ead-f111-aaac-7c1e5215f4b4,b6bf7fc9-5eac-f111-aaac-7c1e527cdbd8,09d20795-5fac-f111-aaac-000d3a8cdfc7,257ef099-74ac-f111-aaac-7c1e52fd84c7,8611184e-75ac-f111-aaac-7c1e5215f4b4,ae571fd7-aaab-f111-aaac-0022481fc755,05b53ae6-6196-f111-8076-7ced8d1ca135,8ccfa7cc-bdab-f111-aaac-7c1e5215f4b4,311101dc-224a-f111-bec6-7c1e5215f4b4,62b3d343-8da8-f111-b8de-000d3a8cdfc7,2337e631-89ab-f111-aaac-70a8a53eb3d2,fb9dd537-19a2-f111-b8dc-7c1e5215f4b4,a796179f-8c87-f111-ab0f-7ced8d1ca135,e32aee5c-204a-f111-bec6-7c1e5215f4b4,513f1ec9-8e9d-f111-b8db-00224820954c,b7f1a6a2-c45d-f111-a826-7c1e5215f4b4,87e74f55-cc90-f111-8077-0022481fc755,57c0e116-0123-f111-8341-7c1e52146c0e,82558bf3-0223-f111-8342-7c1e52146908,1ea81741-0023-f111-8342-7c1e52146908,11e64f6a-0323-f111-8341-7c1e52146c0e,14e39dd8-3e49-f111-bec6-0022481fc755,262bc547-a648-f111-bec6-000d3a8cdfc7,916fbceb-0ad5-f011-8544-002248271486,284dab08-ba8a-f111-ab0f-3833c5ec8135,5597000c-e394-f111-8075-0022481e6c23,71802c12-05a6-f011-bbd2-7c1e527d2157,5f60f114-214a-f111-bec6-7c1e527f1b2f,a1b7d243-9f44-f111-88b4-70a8a53eb3d2,43fe1227-1d82-f111-ab0f-000d3a8cdfc7,9a9db714-0c1f-f111-8341-7c1e52146c0e,42b12f09-9b44-f111-88b4-0022481fc755,b88154af-6149-f111-bec6-7c1e5215f4b4,feba5c60-7fba-f011-bbd3-002248271486,01960369-5900-f111-8406-7c1e5247a2b3,ae9f8fe9-d3b4-f011-bbd3-002248271486,24d2dc12-ea47-f111-bec6-7c1e524a11a2,9f20e6c7-4d13-f111-8406-7c1e52146908,ea75bf2a-923e-f111-88b4-70a8a53eb3d2,042e43de-cd0d-f111-8406-000d3a538d48,3b6dfb3d-ff22-f111-8341-000d3a538d48,5627db19-fe6f-f111-ab0d-000d3a8b49d9,0e0b54ba-ff22-f111-8341-6045bda6c590,67f1f35f-fb22-f111-8341-7c1e5247a2b3,98a4c549-9674-f111-ab0f-000d3a8cdfc7,7b01f632-5660-f111-a826-7c1e5215f4b4,5739cbc5-6a63-f111-a826-7c1e5215f4b4,3608153b-525f-f111-a825-000d3a99ae1b,30822579-535f-f111-a826-7c1e5215f4b4,27d378c7-06a6-f011-bbd3-7c1e527cd923,b907945d-01a6-f011-bbd2-7c1e527d2157,f60914fb-e84e-f111-bec6-70a8a53eb3d2,b9b308a3-e34f-f111-bec7-7c1e527cdbd8,9de5a849-e54f-f111-bec7-7c1e527cdbd8,3e786944-f54e-f111-bec7-7c1e527cdbd8,9c4f7b31-6650-f111-bec7-000d3a8cdfc7,6abf2f65-6850-f111-bec7-7c1e5215f4b4,9d86190b-75f1-f011-8406-00224832861e,c497dc08-df4e-f111-bec7-7c1e527cdbd8,b0e692f3-e04e-f111-bec7-7c1e5215f4b4,6ea2cd11-e14e-f111-bec7-000d3a8cdfc7,54b391c4-e34e-f111-bec6-000d3a1ce8d4,528b466e-e54e-f111-bec7-7c1e527cdbd8,61964b4f-e74e-f111-bec6-000d3a1ce8d4,63dbcd72-fa4e-f111-bec7-7c1e527cdbd8,3e3e0392-fb4e-f111-bec7-000d3a8cdfc7,6b5cb284-fc4e-f111-bec7-7c1e527cdbd8,0e95bc66-ff4e-f111-bec6-000d3a1ce8d4,746a1f08-004f-f111-bec7-7c1e527cdbd8,589dc644-004f-f111-bec7-7c1e5215f4b4,b20f529c-2b4f-f111-bec7-7c1e527cdbd8,e95a352c-a44f-f111-bec7-7c1e5215f4b4,b4447bc1-fd4e-f111-bec7-7c1e5215f4b4,ac8eeccc-f001-f111-8406-0022481cae89,07291f66-9224-f111-8341-6045bdd8cc50,03224b6e-833d-f111-88b4-000d3a8b46c5,a4e66bb7-0e02-f111-8407-6045bda6c590,76412135-1dfd-f011-8406-7c1e5247a2b3,0769b519-0a02-f111-8406-6045bdd8cc50,653011a3-a998-f011-b4cb-7c1e527d2157,e1e7a199-c518-f111-8341-7c1e52146c0e,98c49b2e-bc3d-f111-88b4-7c1e5215f4b4,f67bf6f6-45a5-f011-bbd3-7c1e527cd923,94978808-e43c-f111-88b4-000d3a8b49d9,3649dae7-5abb-f011-bbd3-7c1e527cd923,122027a3-0839-f111-88b4-70a8a53eb3d2,5ea428df-a439-f111-88b4-0022481fc755,564de39d-db9e-f011-b41b-7c1e527d2157,84bc98c6-9f39-f111-88b4-7c1e5215f4b4,762c2bc4-db9e-f011-b41b-7c1e52598de0,f57acc37-4801-f111-8406-7c1e52146c0e,0ac05512-3108-f111-8406-7c1e5247a2b3,915dfad9-e5ca-f011-bbd3-002248271486,75974fe6-8432-f111-88b4-7c1e52146908,08fbfb71-a62e-f111-88b4-7c1e52146908,628acecc-a02e-f111-88b4-7c1e52146c0e,2625111f-fb2d-f111-88b4-7c1e52146695,aad5052a-bd26-f111-8341-6045bdd8cc50,09e022e4-9aa3-f011-bbd3-7c1e527cd923,b9aab387-7fab-f011-bbd3-7c1e527cd923,cbeac53a-85ab-f011-bbd3-002248276c98,e41d4bfa-3aa5-f011-bbd2-7c1e527d2157,87add845-3ba5-f011-bbd3-002248271486,79707dff-7da3-f011-bbd3-002248271486,2aea4248-6e03-f111-8406-000d3a538d48,3f038e7c-21a5-f011-bbd3-7c1e527cd923,1fbff28e-609d-f011-b41b-00224827aa4c,9f3d3db7-d1ef-f011-8407-000d3a12f42f,c966717f-7a0e-f111-8406-7c1e5247a2b3,18fc5a13-5f07-f111-8406-7c1e5247a2b3,95908f0e-6107-f111-8406-6045bdd8cc50,a5fc8fc4-6207-f111-8406-7c1e5247a2b3,bf266a61-6707-f111-8406-7c1e52146908,31a81317-95c0-f011-bbd3-7c1e527cd923,985d5f2f-05fb-f011-8406-6045bdd8cc50,ff6dc0e5-2801-f111-8406-7c1e52146c0e,096bef22-c1da-f011-8544-7c1e527cd923,8b91df39-75ba-f011-bbd3-6045bddb6d09,45304434-f8f6-f011-8406-7c1e52146c0e,28b8409a-2001-f111-8406-7ced8d1a487c,3d930d4d-22a9-f011-bbd3-7c1e527cd923,c312baf3-2a01-f111-8406-7c1e5247a2b3,aee763a0-eca5-f011-bbd3-7c1e527cd923,3baa1b36-3cb3-f011-bbd3-002248271486,0e311323-58ab-f011-bbd3-002248271486,57498159-fdd9-f011-8543-7c1e524a002a,f58c9f0b-5400-f111-8406-7ced8d17503e,4f78c6d7-69fc-f011-8406-6045bdd8cc50,83ec3d25-6cb6-f011-bbd2-000d3a546a9e,76d35f25-5dfc-f011-8406-7c1e5247a2b3,33fdf80e-0cf6-f011-8406-6045bdd8cc50,bf0e0144-609d-f011-b41c-002248271486,dae91e41-40eb-f011-8406-000d3a99310f,7425d0e0-b9ae-f011-bbd3-7c1e527d2157,d15a94a6-e3a9-f011-bbd3-7c1e527d2157,b9b5a337-e1a9-f011-bbd3-7c1e527d2157,81560a68-0fa5-f011-bbd2-7c1e527d2157,75c94dff-98a3-f011-bbd2-7c1e527d2157,b8889fd3-eaa2-f011-bbd2-7c1e527d2157,b8f9b183-60ab-f011-bbd3-7c1e527e91a1,67d54381-dba2-f011-bbd2-7c1e527d2157,e6d049e2-ae9f-f011-b41b-7c1e527d2157,da9b7958-619d-f011-b41b-7c1e527d2157,3f2f4d57-08a6-f011-bbd3-7c1e527cd923,17f0ea6b-06a6-f011-bbd3-7c1e527cd923,893307c7-78a5-f011-bbd3-7c1e527cd923,97a936b1-44a5-f011-bbd3-7c1e527cd923,c553121b-dda2-f011-bbd3-7c1e527cd923,b0368723-8d99-f011-b4cc-7c1e527cd923,3ee81ccb-db9e-f011-b41b-7c1e5246e632,cbb9b5da-79ab-f011-bbd3-6045bddb6d09,69d16c7d-98a3-f011-bbd3-6045bddb6d09,09410908-179b-f011-b4cc-6045bddb6d09,c9bf4c0a-b59f-f011-b41c-002248276c98,f065cc64-5cab-f011-bbd3-002248271486,b55ed3b9-08a6-f011-bbd3-002248271486,25e09ee2-07a6-f011-bbd3-002248271486,02d14a80-07a6-f011-bbd3-002248271486,213f30d9-00a6-f011-bbd3-002248271486,460978c2-4ca4-f011-bbd3-002248271486,997d8e56-7fa3-f011-bbd3-002248271486,2bf94ecc-d7a2-f011-bbd3-002248271486,9188a5e8-189b-f011-b4cc-002248271486,8f7a651f-6da0-f011-b41c-002248271486,b68e30a9-db9e-f011-b41c-002248271486,89cbe10c-619d-f011-b41b-000d3a984383,7f5920ca-609d-f011-b41b-000d3a984383,c147ec4a-98a3-f011-bbd2-7c1e527d2157,3244be55-65b6-f011-bbd3-7c1e527d2157,6ae769d3-7bc1-f011-bbd3-7c1e527d2157,0796b478-98c1-f011-bbd3-002248271486,aaee2b71-c9c4-f011-bbd3-7c1e527cd923,081676d6-c2ce-f011-bbd3-7c1e527d2157,56f6109b-adcf-f011-bbd3-002248276c98,f7e01180-f6d5-f011-8543-7ced8d180b64,c2297e69-6fd7-f011-8544-002248271486,31406ae1-5ddb-f011-8544-7c1e527d2157,5c6bbe60-daa2-f011-bbd3-7c1e527cd923,ee397165-74c0-f011-bbd2-6045bdd7e0eb,40e1e82e-07a6-f011-bbd3-7c1e527cd923,c0000182-0000-4000-8000-000000000000",09e36ed6-9189-f011-b4cc-002248271486
e0003554-0000-4000-8000-000000000000,10,d,,,,High impact,,,,,,,c0000182-0000-4000-8000-000000000000,6e1c0e50-9289-f011-b4cc-002248271486
e0003555-0000-4000-8000-000000000000,5,d,,,,Moderate impact,,,,,,,c0000182-0000-4000-8000-000000000000,740adf46-9289-f011-b4cc-7c1e527cd923
e0003556-0000-4000-8000-000000000000,10,d,,,,High impact,,,,,,,c0000182-0000-4000-8000-000000000000,40a9de76-9289-f011-b4cc-7c1e527cd923
e0003557-0000-4000-8000-000000000000,1,d,,,,Low impact,,,,,,,c0000182-0000-4000-8000-000000000000,3182c040-9289-f011-b4cc-7c1e527cd923
e0003558-0000-4000-8000-000000000000,5,d,,,,Moderate impact,,,,,,,c0000182-0000-4000-8000-000000000000,c29afc0a-9289-f011-b4cc-7c1e527d2157
e0003559-0000-4000-8000-000000000000,5,d,,,,Moderate impact,,,,,,,c0000182-0000-4000-8000-000000000000,fc7f63d0-9189-f011-b4cc-002248271486
e0003560-0000-4000-8000-000000000000,1,d,,,,Low impact,,,,,,,c0000182-0000-4000-8000-000000000000,23511df6-9189-f011-b4cc-7c1e527d2157
e0003561-0000-4000-8000-000000000000,10,d,,,,High impact,,,,,,,c0000182-0000-4000-8000-000000000000,cba1c26b-9289-f011-b4cc-7c1e527d2157
e0003562-0000-4000-8000-000000000000,10,d,,,,High impact,,,,,,,c0000182-0000-4000-8000-000000000000,124ef45c-9289-f011-b4cc-002248271486
e0003563-0000-4000-8000-000000000000,1,d,,,,Low impact,,,,,,,c0000182-0000-4000-8000-000000000000,c91de0e9-9189-f011-b4cc-7c1e527d2157
e0003564-0000-4000-8000-000000000000,10,d,,,,High impact,,,,,,,c0000182-0000-4000-8000-000000000000,31d4e7e3-9189-f011-b4cc-7c1e527d2157
e0003565-0000-4000-8000-000000000000,10,d,,,,High impact,,,,,,,c0000182-0000-4000-8000-000000000000,300edd89-9289-f011-b4cc-7c1e527d2157
e0003566-0000-4000-8000-000000000000,10,d,,,,High impact,,,,,,,c0000182-0000-4000-8000-000000000000,a633db83-9289-f011-b4cc-7c1e527d2157
e0003567-0000-4000-8000-000000000000,15,d,,,,Critical impact,,,,,,,c0000182-0000-4000-8000-000000000000,09e36ed6-9189-f011-b4cc-002248271486
