cr714__requestsid,cr714_additionalinformation,cr714_currentstate,cr714_delegates,cr714_desiredfuturestate,cr714_disposition,cr714_howdiscovered,cr714_impact,importsequencenumber,cr714_location,cr714_name,cr714_program,cr714_projecttype,cr714_sg1comment,cr714_sg1notes,cr714_shorttitle,cr714_sponsornameflat,cr714_spotid,statuscode,statecode,timezoneruleversionnumber,cr714_timestamp_dqcheck,cr714_timestamp_pirtassessment,cr714_timestamp_prioritized,cr714_timestamp_projectcreation,cr714_timestamp_sg1review,cr714_timestamp_submitted,utcconversiontimezonecode,versionnumber,cr714_whenneeded,cr714_whenneededjustification,cr714_workflowstep,owningbusinessunit,cr714_sponsor.azureactivedirectoryobjectid
ac3e0298-dead-f111-aaac-7ced8d1ca135,,These risks are monitored and mitigated independantly and not in one central location. T2 does not hear about these risks until there is a threat to operations - reactionary vs proactive discussions.,,"The project will leverage existing governance structures and operational review forums with consolidated weekly review at ABP T2 and monthly review at BPR.

Key activities include:

1. Collect critical risk indicators from each functional area.
2. Review risk status and trends on a weekly cadence.
3. Assess cross-functional dependencies and compounding risk factors.
4. Escalate high-risk conditions through established leadership channels.
5. Monitor mitigation effectiveness and residual risk levels.",Pending,"This issue has been identified as part of SLTs business review, in light of 2 contamination events at ABP, as well as several impactful equipment issues in FY26 (drain line issue, media PLC issues.)","This project will not have any impact to operations, and, if successful, will ensure their continued success.",,185 Alewife Brook Parkway; 205 Alewife Brook Parkway,Alewife Continuous Operations,Strategic Priorities,Base Business,,,Alewife Continuous Operations,John Honey,,1,0,4,,,,,,2026-09-11 12:45:12.0000000,,27062008,2027-03-10,"ABP Continuous Operations was identified as one of the Top 5 Risks for MBOs success in FY 26. That risk consists of various inputs including:

-equipment reliability
-contamination control / prevention
-staffing of critical roles in MFG and Facilities
-material availability, specifically Bovine Calf Serum

All of these risks have relationships and interdependencies upon one another. For example, reliability of our Media Equipment could have impact on the usage rate of Bovine Calf Serum. Availability of critical Facilities staff impacts the reliability of our equipment, which also poses a risk to our contamination controls, which are lead by critical MFG Staff. These risks are actively being addressed within the individual Value Streams (MFG, Site Eng, Supply Chain, etc.) as part of our base business. This project leverages routine governance for those Value Streams to activelt monitor the state of those risks at a weekly cadence to allow for prioritized escalation and deterrence.",3. DQ Check,04d25798-3a42-ee11-bdf5-000d3a8fd327,b2a3c072-6583-48c5-870d-4ad99ddae01f
9d6f22fc-0ead-f111-aaac-7c1e5215f4b4,,Current operations and structure are not aligned with future operational plan and structure to support the site goals of producing product in half the time at half the cost.,,Steamlined processes and right-sized resources to effectively support manufacturing operations.,Pending,Operational Performance Efficiency (OPE) assessment,Will result in more efficient processes across Engineering requiring less resources and cost to perform.,,Lexington Campus,MBO TxN - ENG - Site Engineering Discipline Optimization,,Standard Project,,,MBO TxN - ENG - Site Engineering Discipline Optimization,John Honey,1063896,1,0,0,,,,2026-09-10 19:41:24.0000000,,2026-09-10 11:59:32.0000000,,27055046,2027-08-31 04:00:00.0000000,Transformation project for Engineering to meet POBOS targets established for Site Engineering,7. Processed,04d25798-3a42-ee11-bdf5-000d3a8fd327,b2a3c072-6583-48c5-870d-4ad99ddae01f
b6bf7fc9-5eac-f111-aaac-7c1e527cdbd8,MBO TIP 2 project,"Manual reports, manual Empower software integration and amanual scheduiling in QC",,"Automate reports, Empower integration and QC scheduling",Pending,QC Booster Diagnostic,0.58 OY,,300 Shire Way,MBO TxN - QC - Data & Digital,Quality,Standard Project,,,MBO TxN - QC - Data & Digital,Maggie Seibel,,1,0,0,,,,2026-09-09 19:56:33.0000000,,2026-09-09 17:57:28.0000000,,26992183,2026-09-21 04:00:00.0000000,"QC does perform manual reports, including data collection for invalid assay trending, EM trending. All scheduling in QC is done by Excel spreadsheet and as continuation of TIP 1, we are implementing and handing over smartsheets to the labs to automatize scheduling. GLIMS integration with some software are still manual, requiring transcriptions that may generate error and performance inefficiencies.",7. Processed,04d25798-3a42-ee11-bdf5-000d3a8fd327,daf1bf4e-9ac8-4e93-b50e-54b0dc21e997
09d20795-5fac-f111-aaac-000d3a8cdfc7,,"No standard work for assays, including SCA and Raw Materials testing",,Create standard work for SCA assay and Raw Materials assays,Pending,QC Booster DIagnostic Phase,0.07 OY,,300 Shire Way,MBO TxN - QC - Lab Operational Standard Work,Quality,Standard Project,,,MBO TxN - QC - Lab Operational Standard Work,Maggie Seibel,,1,0,0,,,,2026-09-09 19:56:21.0000000,,2026-09-09 17:52:36.0000000,,26992177,2026-09-21 04:00:00.0000000,"QC has extended preparation steps with significant waste​, undefined standard testing cycle times​, longer-than-necessary manual task times​",7. Processed,04d25798-3a42-ee11-bdf5-000d3a8fd327,daf1bf4e-9ac8-4e93-b50e-54b0dc21e997
257ef099-74ac-f111-aaac-7c1e52fd84c7,,"Preliminary performance management was implemented at all QC tier levels, but no KPI trending, lower tier level of leader standard work and lower tier level routines were implemented",,"Implement new KPIs and trending maturity, including focused leader standard work and operation routine",Pending,QC Booster DIagnostic Phase,total impact 0.78 OY,,300 Shire Way,MBO TxN - QC - Performance Management,Quality,Standard Project,,,MBO TxN - QC - Performance Management,Maggie Seibel,,1,0,0,,,,2026-09-09 19:56:07.0000000,,2026-09-09 17:39:48.0000000,,26992172,2026-09-21 04:00:00.0000000,"QC does not have a performance management program in place. At QC Booster TIP 1, the performance management program was implemented and as continuation is necessary to implement ownership routines, KPI trending maturity and evolve leader standard work",7. Processed,04d25798-3a42-ee11-bdf5-000d3a8fd327,daf1bf4e-9ac8-4e93-b50e-54b0dc21e997
8611184e-75ac-f111-aaac-7c1e5215f4b4,,Testing capabilities are not fully utilized and unnecessary testing for stability,,"Reduce stability testing, by opening a Change Control and execute necessary data analysis. Insource external testing for Raw Materials",Pending,QC Booster DIagnostic Phase,1.6 OY,,300 Shire Way,MBO TxN - QC - Testing Optimization & Rationalization,Quality,Standard Project,,,MBO TxN - QC - Testing Optimization & Rationalization,Maggie Seibel,,1,0,0,,,,2026-09-09 19:55:52.0000000,,2026-09-09 17:39:39.0000000,,26992166,2026-09-21 04:00:00.0000000,"QC lacks capacity to execute testing due uncommon stability testing requirements and have high spend with equipment maintenance for obsolete programs, while testing in contract labs assays that can be executed internally without major effort",7. Processed,04d25798-3a42-ee11-bdf5-000d3a8fd327,daf1bf4e-9ac8-4e93-b50e-54b0dc21e997
ae571fd7-aaab-f111-aaac-0022481fc755,"09SEP26 - SPOT ID is already created, this is an old project and needed resource plan.",Clockworks is installed in 300SW and has resulted in significant energy waste savings opportunites in the office space areas.  Installing the platform in the 400SW office space as well as the cleanroom areas is expected to identify even more opportunities to save on operational costs.,,Clockworks installed in 400SW and identifying energy savings opportunites through improperly operating systems and/or drifting/malfunctioning equipment.,Pending,Prior experience with Clockworks at MBO,"This is a SaaS platform, so impact to existing operations is very minimal.  No shutdown or invasive work is required. The platform uses existing BMS data to analyze and identify opportunities.",,400 Shire Way,400SW - EHS - Clockworks Platform Expansion,,Standard Project,,,400SW - EHS - Clockworks Platform Expansion,JD Fier,1046084,1,0,0,,,,2026-09-09 16:02:41.0000000,,2026-09-09 14:59:24.0000000,,26990199,2027-03-07 05:00:00.0000000,Platform expansion into 400SW will help identify energy ineffciency opportunites which will lead to reduced operating costs.,7. Processed,04d25798-3a42-ee11-bdf5-000d3a8fd327,c85382f3-fe11-4a71-b61d-acfa29d8f3fb
05b53ae6-6196-f111-8076-7ced8d1ca135,"Routine ""viral"" samples are taken from the bioreactor to determine if there is a presence of a viral contamination. However, the use of 0.1um filters will reduce the risk beyond only monitoring. 

MS submitted a project intake form and it was categorized as a low-risk continuous improvement project (Risk Register #78, Severity 4, Probability 1). Mycoplasma can interfere with cell growth and metabolism. Some species can deform and are smaller than 0.2 um. Alewife experienced a mycoplasma contamination in 2017 but Lexington has not yet experienced one. Other sites like Brooklyn Park uses 0.1 um filtration for all BRX solutions. Although it is categorized as low risk, the impact can be significant. In addition, the 0.1um filters already exist in other areas of the process and the cost difference is not significant. Project support would come from the following groups: MS, MQ, MFG, QA, PV, ENG, and SC. This proposal is seeking a sponsor and project prioritization amongst other projects to determine when to initiate and implement.",Bioreactor media is 0.1um filtered but eight other solutions going into the bioreactor are only 0.2um filtered.,,All solutions entering the bioreactor will be 0.1um filtered.,Pending,MS identified the gap when reviewing the process.,The replacement of 0.2um filters with 0.1um filters for the eight solutions will have a minimal impact on operations.,,400 Shire Way,400SW - MSCI - Filtration of Bioreactor Solutions,,,,,400SW - MSCI - Filtration of Bioreactor Solutions,Joon Chong Yee,,1,0,0,,,,,,2026-08-12 15:27:23.0000000,,26990179,2027-03-31 04:00:00.0000000,A mycoplasma or other contamination would result in a loss of product.,3. DQ Check,04d25798-3a42-ee11-bdf5-000d3a8fd327,7afc53f2-c5e1-4ce6-80d8-09ae1e28bec7
8ccfa7cc-bdab-f111-aaac-7c1e5215f4b4,,"Through review of site EHS risks, the EHS team identified four strategic objectives for calendar year 2026.",,Compliance with existing EHS requirements and adherence to EHS and leadership expectations.,Pending,EHS Management Review,Objectives strongly impact Site Engineering organization.,,200 Shire Way; 300 Shire Way; 185 Alewife Brook Parkway; Belmont Warehouse; 400 Shire Way; 125 Spring Street; 205 Alewife Brook Parkway; Lexington Campus; 500 Shire Way; North Reading Warehouse,MBO - EHS - FY26 EHS Objectives,,Standard Project,,,MBO - EHS - FY26 EHS Objectives,James Hayes,,1,0,4,,,,,,2026-09-08 19:45:37.0000000,,26990133,2027-03-07 05:00:00.0000000,EHSMS Objectives presented at the July EHSMR for leadership endorsement. Team decided to track objectives via SPOT.,2. Prioritization,04d25798-3a42-ee11-bdf5-000d3a8fd327,ead08ddb-ea53-4824-96ca-f686d99479e9
311101dc-224a-f111-bec6-7c1e5215f4b4,09Sep26 - Michelle & Stephanie to work with Eric B on having a Beacon open for this one in the meantime,"Tubing setup in Recovery 2 during Harvest Clarification for Mezagitamab, Lanadelumab and VPRIV is not well arranged. Pressure indicator transmitters are not setup properly and have no secure holders. Cart used to put tubing, pressure transmitters and exo valves uses cart that is designed for MadCam. 

Current Mezagitamab Harvest Clarification setup uses a lot of tubing and exo valves which may pose safety hazard for heavy load on a cart that is not designed for this setup.",,"Recovery 2 Harvest Clarification for Mezagitamab, Lanadelumab and VPRIV will have appropriate tubing, valve and pressure instrument set up using a customised cart, tube rack, etc. that is specifically designed/customized for the process setup.",Pending,Discovered during GEMBA of Mezagitamab Harvest Clarification run by Mfg. Supervisors and Managers.,Impact on process and instrument and operator safety.,,400 Shire Way,400SW - CI - Harvest Clarification Tubing Management for Recovery 2,,Standard Project,,,400SW - CI - Harvest Clarification Tubing Management for Recovery 2,Stephanie Smieszek-Racine,1063841,1,0,0,,,,2026-09-09 14:49:29.0000000,,2026-05-07 14:43:10.0000000,,26989941,2027-06-30 04:00:00.0000000,"Reduce heavy load arrangement of tubing, exo valves and pressure indicator/transmitter on a cart that is not appropriate for clarificaiton setup especially for Mezagitamab, which requires more tubing and exo valves. If not addressed, this can be posed as a safety hazard from heavy load.  

Potential damage to pressure indicator/transmitter if cart used is not properly designed specifically for the Mezagitamab/Lanadelumab/VPRIV Harvest Clarification steup.",7. Processed,04d25798-3a42-ee11-bdf5-000d3a8fd327,5de13563-a168-43ac-a45b-c1b028115bdf
62b3d343-8da8-f111-b8de-000d3a8cdfc7,"Limited stakeholder engagement, competing priorities, or insufficient resources may delay implementation of the governance framework and hinder the transition of compliance accountability to functional areas.","Compliance activities are managed through a fragmented and reactive approach with inconsistent ownership, accountability, and governance across functional areas. Quality Compliance resources spend a significant amount of time coordinating activities, following up on overdue commitments, and obtaining status updates rather than providing strategic oversight. Governance processes vary between compliance programs, resulting in limited visibility of compliance performance, inconsistent escalation of risks, and challenges sustaining timely closure of commitments. In addition, the site does not have a defined risk tolerance framework, resulting in inconsistent prioritization and resource allocation across compliance activities. As compliance demands continue to grow, the current model is not scalable and creates inefficiencies that contribute to overdue actions, extensions, and increased administrative burden.",tara.feuerstein@takeda.com,"A standardized compliance governance framework is established and piloted through the existing Quality Risk Management (QRM) governance process. The framework defines clear roles, responsibilities, escalation pathways, performance expectations, and site risk tolerance to support consistent, risk-based decision making. Governance ownership is embedded within functional areas, with defined accountability for managing compliance commitments and monitoring performance. Lessons learned from the QRM pilot are used to refine the framework and create a scalable model that can be deployed to additional compliance processes, including Inspection Readiness, Gap Assessments, Regulatory Requests, RTQs/PMCs, and other quality compliance activities in subsequent phases of the transformation.",Pending,"A backlog of compliance commitments and tasks, combined with the absence of a standardized governance framework and defined site risk tolerance, has resulted in a reactive operating model. Quality Compliance resources are frequently diverted to coordination and follow-up activities, limiting their ability to focus on strategic compliance oversight, risk management, and continuous improvement. This model is not sustainable as compliance demands continue to increase.","The current operating model diverts resources from strategic compliance activities and increases the risk that compliance commitments are not managed effectively. Failure to execute these activities appropriately may result in compliance risk, overdue commitments, and reduced inspection readiness.",,200 Shire Way; 300 Shire Way; 185 Alewife Brook Parkway; Belmont Warehouse; 400 Shire Way; 205 Alewife Brook Parkway; North Reading Warehouse,MBO TxN - QUAL - Compliance TIP,,Standard Project,,,MBO TxN - QUAL - Compliance TIP,Maggie Seibel,1063783,1,0,0,,,2026-09-08 19:00:39.0000000,2026-09-08 19:11:05.0000000,,,,26982951,2027-03-05 05:00:00.0000000,"This date is aligned with the approved Compliance TIP timeline and is required to maintain planned sequencing of project activities, dependencies, and subsequent implementation phases. Delays to this milestone may impact downstream deliverables and overall program completion.",7. Processed,04d25798-3a42-ee11-bdf5-000d3a8fd327,daf1bf4e-9ac8-4e93-b50e-54b0dc21e997
2337e631-89ab-f111-aaac-70a8a53eb3d2,,"In the current state, Manufacturing is instructed to prepare 10% resin overage or 5L resin overage, whichever is greater. This is generally more than is needed for the column packing operation and holdup / line losses.",,"This project will solve the problem of ensuring there is sufficient resin / slurry during column packing operations while reducing overage, which will cnstitute a COGS savings.",Pending,This opportunity was identified by analysis by MSAT Department.,The effect of this opportunity would be COGS savings on various resins routinely used during manufacturing operations.,,400 Shire Way,MBO TxN - MSci - Resin Prep Optimization,,Standard Project,,,MBO TxN - MSci - Resin Prep Optimization,Yong Wang,1063782,1,0,0,,,,2026-09-08 15:50:07.0000000,,2026-09-08 13:44:06.0000000,,26981926,2026-12-31 05:00:00.0000000,"The excess resin / slurry is to account for holdup and line losses, however, we are still currently preparing more than is necessary.",7. Processed,04d25798-3a42-ee11-bdf5-000d3a8fd327,1ae4535a-c129-4f33-9f76-1ba698be262a
fb9dd537-19a2-f111-b8dc-7c1e5215f4b4,Reference Beacon CAPA 686539 which has a summary of the gaps identified.,"'- The majority of the existing monitoring installations do not report power failures or sensor failures to the BMS.
- Some installations are not on emergency or UPS power.
- Some installations only alarm locally and not to the BMS.",,"All MBO gas monitoring installations will be in compliance with SOP-240066, ""MA Bio Ops Gas Monitoring"".",Pending,Beacon CAPA 686539,The deficiencies noted present a safety risk to MBO operations as these are safety critical instruments.  Remediation would not pose a significant impact production or routine operations.,,200 Shire Way; 300 Shire Way; 400 Shire Way; 205 Alewife Brook Parkway; North Reading Warehouse,MBO - EHS - Gas Monitoring Equipment Gap Remediation,,Standard Project,,,MBO - EHS - Gas Monitoring Equipment Gap Remediation,JD Fier,1063740,1,0,0,,,,2026-09-03 17:57:56.0000000,,2026-08-27 13:32:31.0000000,,26943859,2027-09-30 04:00:00.0000000,"Beacon CAPA 686539 was completed to gap assess the existing MBO gas monitoring installations against our recently created site SOP (SOP-240066, ""MA Bio Ops Gas Monitoring"").  There were some significant gaps in monitoring/alarming that need to be addressed to bring our installations up to the standard.",7. Processed,04d25798-3a42-ee11-bdf5-000d3a8fd327,c85382f3-fe11-4a71-b61d-acfa29d8f3fb
a796179f-8c87-f111-ab0f-7ced8d1ca135,,"Due to the negative impacts of the cleaning process, the walls and doors in these rooms require continuous repair and maintenance. This includes ongoing painting and resealing of the walls, doors, and door frames.",,"The desired future state is to install more durable materials in the rooms, such as stainless steel, plastic, and FRP (fiberglass-reinforced plastic), that can better withstand daily Spor-Klenz cleanings and reduce damage to the walls, doors, and door frames.
This improvement will help minimize damage in Gown Rooms 1122 and 1121, reduce repair and maintenance costs, and decrease operational disruptions resulting from frequent repair activities. Additionally, it will help maintain the rooms in a compliant, functional, and visually acceptable condition for GMP operations.",Pending,"These issues have been identified through routine walkthroughs of the areas, observations by individuals who use the areas to gown before entering the manufacturing suites, and records in the CMMS work order system.","Gown Rooms 1122 and 1121 are GMP areas that require daily cleaning. These rooms serve as the entrance to Manufacturing GMP operations and are required to be clean, functional, and free of damage.
Repairs to these rooms often require the areas to be closed off or modified so that painting and sealing activities can be performed. Additional time is also required for the paint and sealants to cure properly. As a result, any repair work can cause disruptions to operations each time maintenance is required.
Furthermore, because these rooms are critical to manufacturing operations, repairs can be difficult to schedule. This often results in damage remaining unaddressed for extended periods, increasing the risk to the facility and creating potential compliance concerns.",,400 Shire Way,400SW - AIMP - Gowning Rooms 1122 & 1121 Architectural renewal,,Simple Project,,,400SW - AIMP - Gowning Rooms 1122 & 1121 Architectural renewal,JD Fier,1063642,1,0,0,,,,2026-08-24 21:48:33.0000000,,2026-07-24 18:24:28.0000000,,26826303,2027-01-27 05:00:00.0000000,A change in the cleaning procedure changed the cleaning schedule for gown rooms 1122 and 1121 from monthly Spor-Klenz cleaning to daily Spor-Klenz cleaning. Spor-Klenz is corrosive and has caused damage to the walls and door frames in both rooms due to the negative effects of the cleaning process.,7. Processed,04d25798-3a42-ee11-bdf5-000d3a8fd327,c85382f3-fe11-4a71-b61d-acfa29d8f3fb
e32aee5c-204a-f111-bec6-7c1e5215f4b4,,"There are only five (5) CUNO Filter holders that are shared between Recovery 1 and 2. Mezagitamab Clarification in Recovery 2 requires using all five (5) CUNO filter holders. If Recovery 2 runs Mezagitamab in parallel with Recovery 1 Clarification of Replagal, VPRIV or rhASA C which required one (1) CUNO filter holder, this would not be possible.",,Having enough CUNO filter holders in Recovery to enable back to back harvest clarification operations with Mezagitamab and other products.,Pending,GEMBA; Observation on scheduling with upcoming campaign having Mezagitamab in Recovery 2 and Replagal and rhASA C in Recovery 1 starting November 2026. It was observed that there are only five (5) available CUNO filter holders shared between Recovery 1 and 2.,Unable to run Mezagitamab in Recovery 2 and Replagal or rhASAC or VPRIV in Recovery 1 at the same time as there will not be enough CUNO filter holders available.,,400 Shire Way,400SW - CI - Additional CUNO Filter Holder for Recovery 1 & 2 Operations,,Simple Project,,,400SW - CI - Additional CUNO Filter Holder for Recovery 1 & 2 Operations,Stephanie Smieszek-Racine,1063643,1,0,0,,,,2026-08-24 22:08:32.0000000,,2026-05-07 14:24:22.0000000,,26693861,2026-10-30 04:00:00.0000000,"To allow for Mezagitamab Harvest Clarification operations in Recovery 2 and Replagal, rhASAC or VPRIV in Recovery running at the same time. Mezagitamab Clarification operations in Recovery 2 requires five (5) CUNO filter holders and Replagal, rhASAC or VPRIV Clarification operation in Recovery 1 requires 1 CUNO filter holder. There are only five (5) CUNO filter holders shared between Recovery 1 and 2.",7. Processed,04d25798-3a42-ee11-bdf5-000d3a8fd327,5de13563-a168-43ac-a45b-c1b028115bdf
513f1ec9-8e9d-f111-b8db-00224820954c,,"During QC self inspection in March 2024, multiple observations were made of personnel improperly crossing demarcation lines in room 1419 when dropping off samples, which is a non-compliance to local and global SOPs. A barrier was placed at the demarcation line as a control, but a material pass through would be a long-term solution while still having the room available as an egress route.",,"A material pass through similar to the set-up in 205ABP. The bioreactor/inoculum prep rooms also have this set-up between each other. This would be a cabinet with doors on either side, where samples could be placed from the CNC corridor and retrieved from the sample drop off room for storage.",Pending,Self Inspection/Audit,Eliminates compliance risk of crossing demarcation line in room. Reduces incidents/deviations of improper handling of demarcation lines,,400 Shire Way,"Add a Material Pass Through to room 1419 from the CNC corridor, similar to 205ABP setup",,,,,"Add a Material Pass Through to room 1419 from the CNC corridor, similar to 205ABP setup",,,1,0,4,,,,,,,,26664723,2027-12-31 05:00:00.0000000,"During QC self inspection in March 2024, multiple observations were made of personnel improperly crossing demarcation lines in room 1419 when dropping off samples, which is a non-compliance to local and global SOPs. A barrier was placed at the demarcation line as a control, but a material pass through would be a long-term solution while still having the room available as an egress route. The barrier serves as a control and eliminates the requirement for an urgent turnaround. However, the barrier is not a permanent solution.",1. Draft,04d25798-3a42-ee11-bdf5-000d3a8fd327,
b7f1a6a2-c45d-f111-a826-7c1e5215f4b4,"Based on the findings for each RA as they are completed, any risks and subsequent mitigations that are defined through the assessment process will need to be prioritized, resources, sponsored via independent initiatives outside of this project.

The findings will be incorporated into the QPL document via a revision in the Veeva EDMS. These subsequent mitigations will similarly be documented as additional deliverables in the QPL, with assigned task owners, due dates and statuses that will continue to be tracked. These actions may include revisions to the governing ATR documents referenced above.

The QPL is to serve as a living document and tracking mechanism, required to be updated at a minimum 3-month frequency to capture any new deliverables identified as a result of the RA findings, indicating progress and current status.","It was identified during the Investigation PR 5454515 that Risk Assessments (RA) do not exist for the following systems used by MABioOps manufacturing in which an Audit Trail Review (ATR) process is established. It has been determined that these systems in scope do include the use of critical data. Per SOP-218772, “Global SOP, Good Electronic Data Management Practices”, Step 4.10.1. states, ""Determine if an audit trail review risk assessment is required (new and existing systems) based on the system usability for critical data: If the system is used for any critical data, then a formal risk assessment is required in accordance with Step 4.10.2."". The systems in scope are:  Sartorius Sartocheck 5 Plus Filter Integrity Testers, NOVA Flex 2, NucleoCounter NC-202, OsmoTECH XT, SoloVPE Cary60, Building 400 Chromatography Systems (Unicorn), DeltaV (PAS) process equipment.",,"Revise or create risk assessments to review the existing ATR processes of all the systems (Sartorius Sartocheck 5 Plus Filter Integrity Testers, NOVA Flex 2, NucleoCounter NC-202, OsmoTECH XT, SoloVPE Cary60, Building 400 Chromatography Systems (Unicorn), DeltaV (PAS) process equipment) and identify potential issues that may result in a loss of data integrity.",Pending,"It was identified during the Investigation PR 5454515 that Risk Assessments (RA) do not exist for the following systems used by MABioOps manufacturing in which an Audit Trail Review (ATR) process is established. 
(Sartorius Sartocheck 5 Plus Filter Integrity Testers, NOVA Flex 2, NucleoCounter NC-202, OsmoTECH XT, SoloVPE Cary60, Building 400 Chromatography Systems (Unicorn), DeltaV (PAS) process equipment)","There is no impact to operations, there is only compliance risk as we are operating potentially not aligned with a global SOP.",,200 Shire Way; 400 Shire Way; 205 Alewife Brook Parkway,400SW - OPEX - Audit Trail Review - Risk Assessments for Multiple Benchtop Instruments,,Standard Project,,,400SW - OPEX - Audit Trail Review - Risk Assessments for Multiple Benchtop Instruments,Nathan Spillane,1063627,1,0,0,,,,2026-08-19 18:38:25.0000000,,2026-06-01 14:18:15.0000000,,26649306,2027-12-31 05:00:00.0000000,Compliance risk - commitments made via QPL per CAPA 5664355,7. Processed,04d25798-3a42-ee11-bdf5-000d3a8fd327,95f71023-bb3c-4d7b-bc0d-b9871c3cd68b
87e74f55-cc90-f111-8077-0022481fc755,CBRE currently has a quote for approimatley 49K from vendor Centermark that lans and quotes out the installation of the Garlock System on the Cell Therapy Roof. It would require approx 305 feet of Garlock (Mobile Safety Guardrail System. The quote covers both material costs and the cost to life system onto the roof and install.,"The lifeline system located on the Cell Therapy Roof, has frayed and damanged cables and require repair or replacement. The system can currently not be used while waiting for repair.",,"The future state would be to remove the fall protection cabling from the 400SW Cell Therapy Roof and use install approximately (305') linear feet of a Mobile Safety Rail Guardrail System- OSHA Compliant, Galvanized ballasted safety railing along the perimeter edge of the roof system section. The lifeline cable will be removed from the system, and the roof points will stay in place and remain as tie off points for fall protection.",Pending,The damage on the system was identified during a routine schedule inspection of the Lifeline Fall Protection System,"The system is damamged and requires repair It is a customized fall protection system, so it is taking a longer amount of time to find a vendor, qualified and willing to take on the repair. The system is not in use until it is repaired.",,400 Shire Way,400SW - EHS - Cell Therapy Roof Fall Protection Replacement,,Simple Project,,,400SW - EHS - Cell Therapy Roof Fall Protection Replacement,JD Fier,1063574,1,0,0,,,,2026-08-14 16:36:13.0000000,,2026-08-05 12:51:51.0000000,,26372482,2026-09-01 04:00:00.0000000,"Current Lifeline Fall Protection System is damamged and requires repairs. Finding qualified vendors that are willing to repairs the fall protection lines have been difficult and is costly to both maintain and certify. We would like to remove the lifeline fall protection  system and replace it with a Mobile Safety Guardrail System, that is Osha compliant (Garlock Safety System). These systems are already in place for Fall Protection throughout the Lexington Campus and can be found already installed on 300SW and 400SW. Replacement remains compliant with Takeda and Osha requirements for fall protection, does not require maintenance and certifications to maintian, other than non-routine cleaning and painting due to weather and environment. The Lifeline systme cables will be removed,  the anchor points will remain  and can be utlized as tie off points.",7. Processed,04d25798-3a42-ee11-bdf5-000d3a8fd327,c85382f3-fe11-4a71-b61d-acfa29d8f3fb
57c0e116-0123-f111-8341-7c1e52146c0e,"Key stakeholders in the laboratory network architecture project include Laboratory Managers and Directors, who oversee operations and compliance; IT and Network Security Teams, responsible for implementation and security; Quality Assurance and Compliance Officers, who ensure adherence to GMP standards; Data Management and QCIT Support Staff, who handle daily operations; Regulatory Auditors, who review compliance; Financial Controllers, interested in cost implications; End Users, who the changes will directly impact; and Senior Management, who provide strategic oversight and approve resources.
Benefits:
•	Enhanced data integrity and security.
•	Improved compliance with GMP and regulatory requirements.
•	Reduced risk of cyber threats and operational disruptions.
•	Alignment with global network security objectives.","The current network architecture for the Quality Control (QC) lab does not meet industry standards, compromising compliance and data integrity (40-50 applications). There is an urgent need to upgrade the network to include proper VLAN and network segmentation, specifically creating a dedicated QC Network separate from Corporate and Environmental monitoring networks. Additionally, the implementation of appropriate firewall policies is essential. This includes establishing zone-based policies with distinct rules for different network segments, enforcing a default deny approach where all traffic is denied unless explicitly allowed, and adhering to the principle of least privilege by only permitting the minimum necessary ports and protocols for operations. These upgrades are critical to ensuring the protection and integrity of the QC system network.
Recap:
Current Issues:
•	Non-compliance with industry standards.
•	Insufficient network segmentation and security measures.
•	Lack of static IP assignments and consistency in firewall policies.",stephen.morgan@takeda.com,"The desired future state of the laboratory's network architecture aims to establish a robust, secure, and GMP-compliant infrastructure, adhering to industry best practices. This includes enhanced network segmentation with dedicated QC, Corporate, and Environmental monitoring networks, comprehensive static IP assignment for reliable management, and strong firewall policies with a default deny stance and least privilege principle. Implementing jump servers provides secure access with audit trails, while unused network ports will be deactivated for improved network hygiene and resource optimization. Security practices will be consistently updated, and all systems will be validated in accordance with the new architecture that meets GMP standards, ensuring regulatory readiness and improved operational efficiency while minimizing downtime and streamlining processes.",Pending,"As a new member of Takeda with extensive experience in GMP IT environments, I have observed several critical deficiencies in the laboratory's network architecture. There is a notable lack of adherence to industry standards, including the absence of static IP assignments for equipment and insufficient network segmentation from other areas. The current configuration also lacks the necessary jump servers for secure system connections, resulting in a significant security gap. Furthermore, many network ports remain active despite being unused, and there is a lack of consistency in implementing firewall policies. Addressing these issues is imperative to enhance the security and compliance of our network infrastructure.","The current deficiencies in the laboratory's network architecture are having several significant impacts:
•	Data Integrity and Security Risks: The lack of static IP assignments and proper network segmentation increases the risk of unauthorized access and data breaches. This compromises the integrity and confidentiality of sensitive laboratory data.
•	Regulatory Non-Compliance: The failure to adhere to GMP standards and industry best practices exposes the organization to potential regulatory penalties and compliance issues, jeopardizing its operational license and reputation.
•	Operational Inefficiencies: Inconsistent firewall policies and unsecured network ports can lead to vulnerabilities, resulting in potential downtime, inefficiencies, and increased maintenance efforts.
•	Increased Cybersecurity Threats: The absence of jump servers and proper security measures heightens the risk of cyberattacks, which could disrupt laboratory operations and lead to significant financial and reputational damage.
•	Audit and Inspection Failures: These deficiencies could be flagged during audits or inspections, leading to corrective actions, fines, or even suspension of laboratory activities until compliance is achieved.",,300 Shire Way,300SW - DD&T - Management Information Base (MIB) for the QC Lab Network,,Standard Project,,,300SW - DD&T - Management Information Base (MIB) for the QC Lab Network,Mahesh Kulkarni,1055463,1,0,0,,,,2026-08-14 14:25:36.0000000,,2026-03-18 19:51:25.0000000,,26371591,2026-09-14 04:00:00.0000000,"The QC laboratory network architecture project is aligned with Takeda's global network security initiative to ensure consistency and effectiveness across the organization. By adhering to standardized security protocols and global policies, the project will leverage centralized expertise and tools, enhancing security and compliance with GMP standards. It will also improve data protection through advanced network segmentation and robust firewall policies. This alignment ensures scalability for future security projects, operational synergies, and optimized resource use. Additionally, it supports a unified security strategy, global compliance, and improved incident response, contributing to a cohesive and resilient security posture across Takeda’s global operations.",7. Processed,04d25798-3a42-ee11-bdf5-000d3a8fd327,c5b43226-8023-4165-8b39-e0a9dc464fec
82558bf3-0223-f111-8342-7c1e52146908,14Aug26 - Canceled based on Lloyd's response via email to include scope into the replacement of the centrifuges with ATF.,Look to further integrate more process equipment and manufacturing equipment into deltav. continue to switch instruments to EIOC.,stephen.morgan@takeda.com,Please add info,Cancelled,Please add info,Please add info,,400 Shire Way,400SW - AUTO - DeltaV Further Digitization,,,,,400SW - AUTO - DeltaV Further Digitization,Lloyd Vallance,,1,0,0,,,,,,,,26371377,2026-09-14 04:00:00.0000000,Please add info,1. Draft,04d25798-3a42-ee11-bdf5-000d3a8fd327,7351aecd-5444-47e4-b9f9-80b777b42129
1ea81741-0023-f111-8342-7c1e52146908,Update on 14Aug26 - RP - Email from Lloyd - Unicorn needs to move forward but we have not defined the scope of the project that we need to move forward.  The original project (prior to me joining Takeda) was to upgrade the operating system of the underlying operating system so that we could put the new version of PI collector on it for our PI upgrade.  This led us down a path where we need to determine if we should be upgrading the unicorn skids to new equipment as well.  I believe process engineering was looking at these options and was going to present to ELT with a recommendation that we could bring to site leadership.  This has been a lower priority because the systems currently work but or a risk and the fix could be costly.  It might be better to cancel this project and present the new scope in a new project for FY27.,There is no plan in place to mitigate the obsolete Unicorn based skids currently used in manufacturing. the current operating system and data collection is at end of life and we must have a plan to mitigate these.,stephen.morgan@takeda.com,Process Engineering and Automation Engineering should partner on coming up with a replacement plan and/or mitigation plan for the existing skids.,Cancelled,During the PI connector upgrade it was discovered that the existing OS and PI connector on the unicorn skids cannot be upgraded.,Security and patches can no longer be applied to the existing system and Takeda must reach out the vendor for everything.,,400 Shire Way; 205 Alewife Brook Parkway,400SW - AUTO - Unicorn OS-Equipment Upgrade,,,,,400SW - AUTO - Unicorn OS-Equipment Upgrade,Lloyd Vallance,,1,0,0,,,,,,2026-03-18 19:51:37.0000000,,26371258,2026-09-14 04:00:00.0000000,We need a plan to move forward with keeping these pieces of equipment current.,2. Prioritization,04d25798-3a42-ee11-bdf5-000d3a8fd327,7351aecd-5444-47e4-b9f9-80b777b42129
11e64f6a-0323-f111-8341-7c1e52146c0e,"Update on 12Aug26 - RP - Email from Mike A - Currently, there are no plans to kick-off APMS 2.0 project. RE will continue to build out APMS capability through new projects/assets being added to the site and when time/resources are available, 2.0 will be initiated. 

GMS Six Big Rocks Tier 5 Breakthrough Initiative in FY24 which requires a continuous rollout year over year",The APMS system is launching at MBO in FY24 with a continuous rollout required over several years. Assets will be connected to APMS each year based on business need and asset criticality,stephen.morgan@takeda.com,The second wave of assets are connected to APMS and predicting equipment failures proactively.,Cancelled,The APMS system is a one of the GMS Six Big Rocks Tier 5 Breakthrough Initiatives,"The system will help predict equipment failures before the failures occur therefore saving product, quality & compliance and labor.",,200 Shire Way; 300 Shire Way; Belmont Warehouse; 400 Shire Way; 205 Alewife Brook Parkway; North Reading Warehouse,MBO - AUTO - APMS Asset Performance Management System 2.0,,,,,MBO - AUTO - APMS Asset Performance Management System 2.0,Michael Allen,,1,0,0,,,,,,2026-03-18 19:51:14.0000000,,26131550,2026-09-14 04:00:00.0000000,The second wave of APMS assets to be moved to the system will be required by FY25 as the launch of the APMS system and initial assets is occurring in FY24,2. Prioritization,04d25798-3a42-ee11-bdf5-000d3a8fd327,df5ec455-709c-4745-9a0e-83ee131763b6
14e39dd8-3e49-f111-bec6-0022481fc755,"11AUG26 - Project Idea canceled as there was no prioritzation details populated. 

Recent efforts have been implemented on the Recovery 1 UF system, UFS-2601, to address a similar issue. This provides an opportunity to assess whether a comparable solution can be applied across the PUR UF skids in the 400SW suites to standardize the approach and prevent recurrence.","In the 400SW Purification suites, UF skids UFS-3120, UFS-3220, and UFS-3310 are configured with membrane valves that fail open in the event of a loss of compressed air. No products within the facility have a validated process for offline membrane storage, meaning membranes must remain stored on the UF system or be discarded. Under conditions where compressed air is lost, including during LOTO activities, this configuration can result in unintended membrane unstorage.",,"The proposed future state is to implement a solution that prevents unintended membrane unstorage during LOTO conditions or loss of compressed air. Potential approaches include updating LOTO procedures to ensure membrane integrity is maintained during equipment isolation, modifying the compressed air system to maintain actuator pressure to critical membrane valves during LOTO, or converting the membrane valves from a fail-open to a fail-closed configuration through actuator replacement or reconfiguration.",Cancelled,"This issue has occurred previously; however, the most recent instance was identified during deviation investigation PR 5902770. During this event, UFS-3120 was placed under LOTO to prevent use while the investigation was ongoing. During this period, the membranes became unstored for approximately 4 days, and was unnoticed as this was not an anticipated outcome. This condition could have led to operational impact if not identified prior to system release. As a result, the membranes required replacement before the next batch, leading to the loss of 1 cycle on the installed membranes and 3 cycles on the replacement set due to planned removal after that batch for product changeover. This resulted in an approximate financial impact of $20,000.","The impact to operations includes both direct and indirect effects. Directly, premature membrane replacement reduces the usable lifecycle of the membranes and results in material loss. Indirectly, when occurrences are identified early, MFG must spend additional time re-performing membrane cleaning and storage activities, which also increases consumption of utilities such as WFI and 0.5 M NaOH. The current configuration also increases operational risk by allowing unintended membrane unstorage during LOTO or compressed air interruptions and relies on operator awareness rather than engineered safeguards.",,400 Shire Way,[OPEX] - Improve LOTO Procedures and Membrane Valve Fail States on PUR UF Skids at 400SW,,,,,[OPEX] - Improve LOTO Procedures and Membrane Valve Fail States on PUR UF Skids at 400SW,Minhazuddin Mohammed,,1,0,0,,,,,,2026-05-06 11:29:49.0000000,,25990120,2026-12-31 05:00:00.0000000,"There is no immediate regulatory or hard deadline; however, the current configuration presents an operational risk that can lead to unplanned work and potential process impact if not addressed.",2. Prioritization,04d25798-3a42-ee11-bdf5-000d3a8fd327,4ae827d4-e8a4-4835-9246-e30fe73e82f6
262bc547-a648-f111-bec6-000d3a8cdfc7,"11AUG26 - Project Idea canceled as there was no prioritzation details populated. 

Quantitative Benefits

Estimated inbound freight savings of approximately $500K per year based on trial extrapolation
Improved predictability of freight costs
Reduced Direct Materials cost variance driven by freight

Qualitative Benefits

Materials cost transparency
End‑to‑end inbound visibility and risk management
Centralized inbound operations (“Control Tower”)
Improved compliance, accountability, and audit readiness
Process efficiency and invoice accurac


Initial trial compared 3PL‑managed freight vs. supplier‑managed freight for 4 domestic SUT shipments (June–Nov 2025)
Trial results aligned with prior pilot findings and industry benchmarks
Current service levels are stable with minimal delays; transition planning will be required to maintain service continuity
Cold chain, regulated, or specialty materials may continue under supplier‑managed transport where risk warrants","Direct material suppliers select carriers, negotiate freight rates, and manage inbound transportation
Freight charges are itemized on material invoices but not managed separately
No inbound freight budget exists for Mass Bio
Freight costs accrue to the Materials cost center, unlike other Bio sites
Inbound freight spend is not tracked, audited, or negotiated globally or regionally
Approximately 2,780 inbound deliveries per year occur with limited cost control or visibility",mauie.slepoy@takeda.com; ishua.oronoz@takeda.com,"Mass Bio implements a centralized inbound transportation operating model using a third‑party logistics provider (3PL) Control Tower. Inbound freight for direct materials is centrally managed, tracked, and audited, with improved cost transparency, predictable spend, end‑to‑end visibility, compliance readiness, and reduced supply risk. The model enables scalable governance and supports future expansion across the Bio OpU",Cancelled,"Cost variance analysis of Direct Materials
Industry benchmarking
Inbound freight cost trial comparing supplier‑managed vs. 3PL‑managed transportation","Direct Materials cost variability (reported range ~1.8–4.6 OY)
Limited visibility into freight spend and COGS impact
Fragmented inbound transportation setup by supplier, category, and site
Significant unquantified internal effort spent on tracking and in‑transit reporting
Missed opportunity for consolidated freight negotiation and tariff optimization",,400 Shire Way,[OPEX] Inbound Freight Cost Reduction,,,,,[OPEX] Inbound Freight Cost Reduction,Terence Jackson,,1,0,0,,,,,,2026-05-05 17:18:17.0000000,,25990117,2026-11-01 04:00:00.0000000,"Mass Bio does not currently control, budget, track, or audit inbound freight costs for direct materials. Freight is embedded in supplier invoices and accrued to the same cost center as materials, driving Direct Materials cost variance and limiting visibility into total freight spend, COGS impact, and compliance readiness. If no action is taken, Mass Bio will continue to incur unmanaged freight costs, lack negotiating leverage, and face increasing governance and scalability risk as volumes grow.",2. Prioritization,04d25798-3a42-ee11-bdf5-000d3a8fd327,47dfdf99-13e2-441c-8c63-abbc31aa7da0
916fbceb-0ad5-f011-8544-002248271486,"11AUG26 - Project Idea canceled as there was no prioritzation details populated. 

Our current action limits have been described by both internal and external inspectors as too stringent for a non‑sterile facility. Over the two‑year period from October 2023 to October 2025, approximately 341 EUM Phase 2 investigations were initiated. Of those 341 investigations, only 2 resulted in implementation of CAPAs.
This indicates that the current limits are generating a high volume of investigations with very limited quality benefit. In other words, we are investing significant time and resources into non–value‑added activities.
Our objective is to implement EM limits that:
Are data‑driven and supported by the historical performance of the facility.
Are appropriate for a non‑sterile environment and aligned with regulatory and compliance expectations.
Reduce unnecessary investigations while still ensuring that true adverse trends and events are detected and addressed.","MBO classified spaces use the ISO 14644 classification system, i.e. ISO 5, ISO 7, and ISO 8.",,"To align with Annex 1 and Global expectations by implementing the Grade classification. In doing so, this will allow for us to further evaluate our current EM Limits and adjust accordingly based on the historical performance of our facilities.",Cancelled,Both internal and Regulatory inspections. Gap assessment erformed at MA Bio Ops against Global procedure.,"Failure to follow the guidance outlined in Annex 1 may result in regulatory compliance issues. Similarly, not adhering to the global requirements can lead to non‑compliance and potential regulatory findings.",,200 Shire Way; 400 Shire Way; 205 Alewife Brook Parkway; North Reading Warehouse,MBO - QUAL - ISO to Grade Classification Change,,,,,MBO - QUAL - ISO to Grade Classification Change,Tyler Zbinden,,1,0,0,,,,,,2025-12-09 14:27:17.0000000,,25990115,2026-06-30 04:00:00.0000000,This change is being made to align MBO classified spaces with Eudralex Annex 1 and Takeda Global requirements as outlined in QPL-221945 Quality Plan for MA Bio Ops Contamination Control Strategy (CCS) Improvements.,2. Prioritization,04d25798-3a42-ee11-bdf5-000d3a8fd327,9d9e3e04-aa7b-4f84-9a46-a14041d4a029
284dab08-ba8a-f111-ab0f-3833c5ec8135,10Aug26 - Mike G created the ClearPath record as SPOT ID was created for global tracking purposes earlier.,With the transition to a new spare parts program there is a need to track site based VC for $ Savings,mike.gray@takeda.com,With the transition to a new spare parts program there is a need to track site based VC.  Per the SPARE Program each site needs to establish a SPOT record for VC Tracking and peformance.,Pending,Global Spare part provider update,None,,Lexington Campus,MBO SPARE Program,,Simple Project,,,MBO SPARE Program,Chad Gerald,1063253,1,0,0,,,,2026-08-10 19:16:29.0000000,,2026-07-28 19:25:17.0000000,,25970782,2027-01-24 05:00:00.0000000,Required for Global VC for MBO contribution to the SPARE Program,7. Processed,04d25798-3a42-ee11-bdf5-000d3a8fd327,2524c286-4e46-4f29-9508-4050fad55dc3
5597000c-e394-f111-8075-0022481e6c23,"10Aug26 - SPOT ID already exists, this for creation of resource plan","North Reading, MA and Belmont, MA are current filed storage sites for cell banks (of the products in scope) at MA Bio Ops. BioReliance is also impacted by this change.
Obizur and Takhzyro MCBs and WCBs are stored at BioReliance (9900 Blackwell Road, Rockville, MD). Clinical MCBs and WCBs are stored at Belmont and BioReliance in Rockville, MD. 
For TAK-079,  BioReliance in Rockville, MD is an MCB and WCB storage site. North Reading and Belmont as MCB storage site only. Fisher Bioservices in both Rockville and Franklin MA are storage sites for WCB and will not change in future state.",,"Lexington, MA (400 Shire Way) and North Reading, MA (200 Riverpark Drive) will be the future long-term filed storage sites for the cell banks within the scope of this change. Change Control PR4183085 governs the buildout and qualification of cryogenic storage equipment at 400 Shire Way to support cell bank storage.
Implementation of this change will occur in a phased manner and will be completed on a bank-by-bank basis and once each cell bank has been moved. To support business continuity and risk mitigation, certain cell banks may be split into two lots and maintained at separate qualified storage locations.
Product-specific implementation activities include the addition of Lexington, MA (400 Shire Way) as a filed storage site where required, transfer of applicable cell banks from Belmont, MA and/or BioReliance (9900 Blackwell Road, Rockville, MD), and removal of Belmont, MA and/or BioReliance storage sites through regulatory filings. The timing and sequence of these activities may vary by product and regulatory strategy. For most products, the addition of 400 Shire Way and removal of Belmont will occur within the same regulatory submission rather than as separate implementation phases.

For TAK-079, BioReliance in Rockville, MD and Belmont, MA will be removed as storage sites. North Reading and 400SW Lexington will both be MCB and WCB storage locations
 
Obizur, TAK-079, and Takhzyro MCBs and WCBs will be transferred from BioReliance (9900 Blackwell Road, Rockville, MD) and stored at 400SW. Takhzyro WCB will be stored at 400SW and can be used for both Lexington and Rentschler DS manufacturing.
 
For VONVENDI, VPRIV, RIXUBIS, OBIZUR, ELAPRASE, and ADZYNMA, the filing strategy will be to add Lexington, MA as a storage site and remove Belmont, MA as a storage site in one single submission.
 
For TAKHZYRO, the filing strategy will be to remove Belmont, MA as a storage site.

The following tasks need to be completed prior to implementation of the corresponding CB: 

For ADZYNMA:
Ensure MDG requests are submitted to extend M/Ns to the Lexington Plant for M/N 7001619 ADZYNMA
Ensure correct SAP status is assigned in the Belmont plant (8305) prior to transfer for ADZYNMA vials
Transfer ADZYNMA from Belmont to 400SW

For VPRIV:
Create a separate Takeda batch number for VPRIV WCB while also keeping legacy Shire lot number under vendor lot number
Ensure correct SAP status is assigned in the Belmont plant (8305) prior to transfer for VPRIV vials
Transfer VPRIV from Belmont to 400SW

For OBIZUR:
Ensure correct SAP status is assigned in the Belmont plant (8305) prior to transfer for OBIZUR vials
Transfer OBIZUR from Belmont to 400SW
Transfer OBIZUR from BRL to 400SW

For RIXUBIS: 
Ensure MDG requests are submitted to extend M/Ns to the Lexington Plant for M/N 7001609 RIXUBIS
Ensure correct SAP status is assigned in the Belmont plant (8305) prior to transfer for RIXUBIS vials
Transfer RIXUBIS from Belmont to 400SW

For VONVENDI:
Ensure correct SAP status is assigned in the Belmont plant (8305) prior to transfer for VONVENDI vials
Transfer VONVENDI from Belmont to 400SW

For ELAPRASE:
Create a separate Takeda batch number for ELAPRASE WCB while also keeping legacy Shire lot number under vendor lot number
Ensure correct SAP status is assigned in the Belmont plant (8305) prior to transfer for ELAPRASE vials
Transfer ELAPRASE from Belmont to 400SW

For TAK-079: 
Ensure correct SAP status is assigned in the Belmont plant (8305) prior to transfer for TAK-079 vials
Transfer TAK-079 from Belmont to 400SW
Transfer TAK-079 from BRL to 400SW

For TAKHZYRO: 
Transfer TAKHZYRO from BRL to 400SW",Pending,Decommissioning of Belmont. Enterprise Decision,Decommissioning of Belmont. Enterprise Decision,,Belmont Warehouse; 400 Shire Way,400SW - OPEX - Transfer cell bank inventory from Belmont to Lex,,Simple Project,,,400SW - OPEX - Transfer cell bank inventory from Belmont to Lex,Rana Awwad,1055220,1,0,0,,,,2026-08-10 19:08:45.0000000,,2026-08-10 17:44:22.0000000,,25970728,2027-03-31 04:00:00.0000000,"Global requirement to have two geographically separate storage sites for cell banks, this will be in line with ICH Q5D geo-segregation per SOP-223841, ‘Global SOP, Mammalian Cell Banking and Safety Testing’ v1.0.  The Belmont, MA storage location serves as one of the geographically separate locations for storage of cell bank inventory (North Reading, MA is the other cell bank storage location). The exit from Belmont is part of Takeda’s long-term strategy after the Alewife Brook Parkway exit (Cambridge, MA), and as such a new storage location for cell banks needs to be developed, implemented & globally approved.  The proposed change would establish the Lexington site as another geographically separated location from the storage location in North Reading with a timeline that aligns with the currently known timing of the Belmont exit.  This change does not impact DS or DP quality of the products in scope; however, the release of DS/DP may be impacted due to this change. Cell Banks need to be stored in GMP certified Cell Bank storage facility.  Bioreliance no longer has this certification which is why the CBs need to be moved.",7. Processed,04d25798-3a42-ee11-bdf5-000d3a8fd327,9eab8780-2663-4569-adea-8286ce82ae07
71802c12-05a6-f011-bbd2-7c1e527d2157,,Some HPLCs are at end of life support from vendor,,Have installed 2 units in HPLC and 1 unit in Raw materials,Pending,AIMP program,The old instruments will not be able to support the demand of new products in QC due lack of support. New assays are being developped and need updated configuration,,300 Shire Way,1059750 - [FY27] - 300SW - QC AIMP - UPLC instruments replacement,,Standard Project,,,1059750 - [FY27] - 300SW - QC AIMP - UPLC instruments replacement,Filipe Thomas Steger,1059750,1,0,0,,,2025-10-12 04:00:00.0000000,2026-08-10 18:41:54.0000000,,2025-10-10 18:52:28.0000000,,25970368,2027-04-30 04:00:00.0000000,End of life support for the instruments,7. Processed,04d25798-3a42-ee11-bdf5-000d3a8fd327,23ebfc42-b5d1-47ab-a9d4-116e84f2222d
5f60f114-214a-f111-bec6-7c1e527f1b2f,"Currently exploring hoist options (Ceiling or Mobile) from different vendors: David Round or Alum A Lift.

If ceiling hoist is an option, area shutdown (Recovery 2) might be required for installation.","Manufacturing operators have to lift and dispose each 3M CUNO filter post clarification. Individual CUNO filters weigh 50-70lbs post blow down. For Mezagitamab, 28 individual 3M CUNO filters will need to be disposed.

This is a safety and ergonomics issue.",,Ease of breakdown of 3M CUNO Filters addressing the Ergonomics and Safety issue with regards to the weight of the CUNO filters.,Pending,"Floor Observation (GEMBA)

Observed by Manufacturing Operations Lead (Soth Pream) during one of Mezagitamab clarification operations. Clarification breakdown was observed by EHS (Eric Borecky) and ENG (Michelle Nunes, Amy Toscano) in January 2026. 

Further GEMBA made by Operations Lead (Soth Pream) and ENG (Michelle Nunes) confirmed that blow down alone cannot bring down weight below 50lbs and will need hoist to enable mfg. operators to breakdown and disposal of the filters.","EHS Safety and Ergonomic issue from lifting. Per OSHA regulations, maximum weight for one person to carry is 50-51lbs.",,400 Shire Way,400SW - EHS - Recovery 2 Hoist - Addressing Heavy Load Ergonomics,,Standard Project,,,400SW - EHS - Recovery 2 Hoist - Addressing Heavy Load Ergonomics,Stephanie Smieszek-Racine,1063329,1,0,0,,,,2026-07-20 16:49:30.0000000,,2026-05-07 14:29:19.0000000,,25647951,2026-10-30 04:00:00.0000000,"See Beacon 180480 - Ergonomic Risk - CUNO Filter Removal. 

Addresses safety ergonomic issue of lifting heavy load >50lbs. Enabling ease of transfer of heavy 3M CUNO filters in disposal bins during clarification breakdown.",7. Processed,04d25798-3a42-ee11-bdf5-000d3a8fd327,5de13563-a168-43ac-a45b-c1b028115bdf
a1b7d243-9f44-f111-88b4-70a8a53eb3d2,20Jul26 RP - Canceled based on Kim & Nate's email dated 20Jul26 - It is tied to a 6th BRX if that ever happens for MBO.,"Across Media and Central Operations, CIP cycles run ~1.5 hours each with ~1,500 L of WFI consumed per cycle, executed multiple times per day (~4 cycles/day, ~300 days/year). 
UPDATE 27MAR26: 1 CIP cycle per day at 4hrs per cycle.  365days x 4hrs = 1260 hrs BVA that could be eliminated.  365cycles at 1760 liters/cycle = 528,000 liters WFI saved = $132,000.",,Optimize to the minimum required CIP cycles that still meet cleaning validation requirements,Cancelled,FoF then again during MBO Transformation Diagnostic,"reduction in water usage, labor hours for monitoring and increase solution prep time",,400 Shire Way,[OPEX] 400SW - Buffer & Media CIP Optimization,,,,,[OPEX] 400SW - Buffer & Media CIP Optimization,Nathan Spillane,,1,0,4,,,,,,2026-04-30 14:17:56.0000000,,25645609,2030-03-29 04:00:00.0000000,Increased production in the facility will require increase in buffer and media production capacity.,2. Prioritization,04d25798-3a42-ee11-bdf5-000d3a8fd327,95f71023-bb3c-4d7b-bc0d-b9871c3cd68b
43fe1227-1d82-f111-ab0f-000d3a8cdfc7,"20Jul26 RP - SPOT record was created in 2023, this entry is for Clearpath resource plan.",No Occupancy Schedule for Office Space and tied to ventilation parameters similar to 300SW which was impletmented in previous years.,sean.hoban@takeda.com,Install Aircuity program in 400SW Office Areas part of CAPS roadmap - Been in plan since FY24 awaiting BMS Replacement in FY25,Pending,CAPS Roadmap,None,,400 Shire Way,400SW - EHS - Office Area HVAC Retro-Commissioning,,Standard Project,,,400SW - EHS - Office Area HVAC Retro-Commissioning,Sean Hoban,1043773,1,0,0,,,,2026-07-20 13:26:28.0000000,,2026-07-17 20:22:15.0000000,,25645599,2027-01-13 05:00:00.0000000,"Most of the B400 office space areas do not utilize an occupancy schedule.  
AHU-2, AHU-3 and AHU-4 
Evaluate and adjust B400 office area HVAC setpoints and operation to maximize energy efficiency.  Review operation of AHU-8250, AHU-8300 and AHU-8310 and the associated rooms and conference rooms.",7. Processed,04d25798-3a42-ee11-bdf5-000d3a8fd327,090e8115-6a28-4cb0-9368-67ca630128d6
9a9db714-0c1f-f111-8341-7c1e52146c0e,"17Jul26 RP - Per Nate's email dated 17Jul26, this will get absorbed into ATF for ERT


FoF endorsed",no biocaps probes in any products or BRX,gemma.mccarthy@takeda.com,At scale data to support future improvements,Cancelled,MS FoF,No impact- data will be collected for FIO,,400 Shire Way,Biocap Probes for All BRXs / Products For Information Only,,,,,Biocap Probes for All BRXs / Products For Information Only,Nathan Spillane,,1,0,0,,,,,,2026-03-13 18:53:24.0000000,,25599784,2027-11-05 04:00:00.0000000,FIO is required to valided at scale data to use data for improvements in the future,2. Prioritization,04d25798-3a42-ee11-bdf5-000d3a8fd327,95f71023-bb3c-4d7b-bc0d-b9871c3cd68b
42b12f09-9b44-f111-88b4-0022481fc755,all small scale data gathered for converting to ATF for perfusion was performed with the volume increase- project should be coupled,VPRIV has a working volume of 1500L within the 2000L BRX.,George.Taylor@takeda.com,Increase the production bioreactor working volume to 1800L,Pending,MS Labs,"Impact to harvest & recovery process, potential impact to how MBO manages UPB supply",,400 Shire Way,[OPEX] - 400SW - NPI - Eng Run for VPRIV Volume Increase,,Standard Project,,,[OPEX] - 400SW - NPI - Eng Run for VPRIV Volume Increase,Yong Wang,1046097,1,0,0,,,,2026-07-17 14:18:30.0000000,,,,25598815,2030-03-29 04:00:00.0000000,Supporting project with the migration from centrifuges to ATF for VPRIV.  Volume increase will also create additional capacity on the 2k BRXs.  This could reduce 1 in every 5 batches required for production.,7. Processed,04d25798-3a42-ee11-bdf5-000d3a8fd327,1ae4535a-c129-4f33-9f76-1ba698be262a
b88154af-6149-f111-bec6-7c1e5215f4b4,,"The current osmometer devices (assets 178385, 178386, 178388, and 178389) are validated to version 2.1 of the vendor software. This version has a known software bug, confirmed by the vendor, that is causing the OPC data timestamp to drift. This OPC data is used to read samples into MES for central operations, and the time drift bug is creating exceptions in MES because the requested timerange can't be found due to the drift.",,"Each OsmoTECH XT device (assets 178385, 178386, 178388, and 178389) will be upgraded to version 2.6 and validated for use with MES.",Pending,This issue is causing exceptions in MES.,"Each exception created in MES requires manual correction to transcribe the sample data from the device into MES, and then a second signature is required to verify the manually entered data. This manual correction and review process adds significant time to MES execution, each time an exception is found.",,400 Shire Way,400SW - AIMP - Osmometer Software Upgrade Project,,Standard Project,,,400SW - AIMP - Osmometer Software Upgrade Project,Nathan Spillane,1063318,1,0,0,,,2026-06-01 14:55:53.0000000,2026-07-17 13:13:16.0000000,,,,25598585,2026-12-31 05:00:00.0000000,The current version of the OsmoTECH XT devices (v2.1) has a known software bug that is causing exceptions in MES.,7. Processed,04d25798-3a42-ee11-bdf5-000d3a8fd327,95f71023-bb3c-4d7b-bc0d-b9871c3cd68b
feba5c60-7fba-f011-bbd3-002248271486,"17Jul26: RP - Nate's email dated 16Jul26 mentioned there are no resources available to do the FEED studies, so we can hopefully do this in 2027. 

09Feb26 - We will review this during MRP/MYC cycle.",Valve is currently manual requiring an operator to monitor CIP for 3 hours.,,Butterfly valve is automated thereby reducing the need for operators to monitor CIP,Pending,"Walkdown, VOC",Operator is required to monitor Media Tank CIP for 3 hours to modulate manual valve.,,400 Shire Way,400SW - FOF - Media Prep Butterfly Valve Automation,,Standard Project,,,400SW - FOF - Media Prep Butterfly Valve Automation,Nathan Spillane,,1,0,0,,2026-02-09 17:05:46.0000000,2026-01-15 19:18:09.0000000,,,2025-12-12 05:00:00.0000000,,25598563,2028-03-31 04:00:00.0000000,Needed for site capacity ramp up.  when multiple media preps per day are required then the demand on labor increases.,4. PIRT Assessment,04d25798-3a42-ee11-bdf5-000d3a8fd327,95f71023-bb3c-4d7b-bc0d-b9871c3cd68b
01960369-5900-f111-8406-7c1e5247a2b3,"17Jul26 RP - This is being done as part of optical DO probes. So we cancelled it. 
11Feb26 - Will be reviewed during MYC (Jun)",Current state has a 2 hour automated sparge of DO when filling the BRX,,Reduce the sparge time to what is required to reach 100% saturation,Cancelled,Design Sprint for FoF,"Required automation updates potential change control 

Will reduce BRX set up time for MFG",,400 Shire Way,[OPEX] - 400SW - FOF - Optimize BRX Sparge Time,,Simple Project,,,[OPEX] - 400SW - FOF - Optimize BRX Sparge Time,Nathan Spillane,,1,0,0,,2026-02-11 21:52:46.0000000,,,,,,25598518,2027-03-31 04:00:00.0000000,Project supports larger initiative to support increased capacity increase in cell culture,5. SG1 Review,04d25798-3a42-ee11-bdf5-000d3a8fd327,95f71023-bb3c-4d7b-bc0d-b9871c3cd68b
ae9f8fe9-d3b4-f011-bbd3-002248271486,Site is part of routine agency inspections,The lab is currently not equipped to accommodate the requirement of changing into scrubs and wearing plant-dedicated footwear.,,"Alignment with global requirement, dedicated space for employees to change into scrubs and plant dedicated shoes, wash hands and store personal items.",Pending,Internal Audit finding,Compliance risk potential to negatively impact recovery rate.,,North Reading Warehouse,[FY26] - 200RPD - QC - Raw Material Sampling Area Changing Rooms,,Standard Project,,,[FY26] - 200RPD - QC - Raw Material Sampling Area Changing Rooms,Steve Gattuso,1059763,1,0,0,,,2025-10-30 04:00:00.0000000,2026-07-16 19:54:23.0000000,,2025-10-29 15:15:19.0000000,,25591590,2026-03-01 05:00:00.0000000,To fulfill global requirements and compliance commitments,7. Processed,04d25798-3a42-ee11-bdf5-000d3a8fd327,426b46ed-c8d8-4d43-8f7d-43b12162d4c6
24d2dc12-ea47-f111-bec6-7c1e524a11a2,"16Jul26 RP - Lloyd mentioned that this is a nice to have project, review during next MRP cycle. The functionality would improve our right first time when implementing changes that have associated data historian tags as this link would be automatic.  It does not save significant time except for if we did not translate the Delta V change to PI correctly generating some rework.  The order of magnitude would be days over the year for one individual.
 
I would recommend we do this project but defer it to FY27 or later, possible add it to scope of another project.","The current process for implementing DeltaV PI Tags relies heavily on manual execution using the PI Builder Excel add-on. This workflow involves multiple functional groups and requires several sequential steps, making it both time-consuming and prone to inefficiencies.   The process take up many hours from automation, Quality and Validation teams for every single new project.

This manual process also added additional workload and processes on all project documents including EUR, change control, CTP and IOQ, therefore causing a lot of unnecessary processes and time consumption. While DeltaV and PI to PI connection is product native feature and designed to fully automate these processes, our current system setup today of manual process was incorrect system design at first place.",,"PI AutoPointSync (APS) automates the creation, synchronization, and ongoing management of PI tags by directly aligning the PI System with source system definitions. By continuously monitoring connected PI interfaces, APS detects tag additions and modifications in real time, eliminating manual configuration efforts and significantly improving data accuracy, consistency, and system reliability.

Streamline SDLC processes ultimately eliminate processes and time waste related to DeltaV project PI tags creation and maintenance.",Not Endorsed,The SME assessed the standard DeltaV and PI Tags synchronization implemented by the industry standard versus with our system setup at Takeda.  We confirmed the setup is ineffecient and was not proper design.,N/A,,400 Shire Way,400SW - AUTO - DeltaV and PI tags automate synchronization infrastructure improvement.,,Standard Project,,,400SW - AUTO - DeltaV and PI tags automate synchronization infrastructure improvement.,Lloyd Vallance,,1,0,0,,,,,2026-07-16 18:48:51.0000000,2026-05-04 18:56:11.0000000,,25591487,2027-03-31 04:00:00.0000000,"The implementation of AutoPointSync significantly eliminate the time required to manually create PI tags. By leveraging PI APS, the system automatically detects and creates new PI tags, as well as updates existing ones based on changes in the source data.  

It will also correct our system incorrect original design philosophy and streamline projects SDLC processes, ultimately eliminate processes and time waste related to DeltaV project PI tags creation and maintenance.",4. PIRT Assessment,04d25798-3a42-ee11-bdf5-000d3a8fd327,7351aecd-5444-47e4-b9f9-80b777b42129
9f20e6c7-4d13-f111-8406-7c1e52146908,Field Assessment is complete,Pre-packed column for TAK-079 inlet/outlet ports are suseptible to damage,,"Support structure for currently used valves improved, or alternate single use component implemented to reduce risk",Pending,2 Instances have occured when column ports were damaged,Disruption to processing if backup column is available. Loss of batch/disruption to MPS if no backup is available.,,400 Shire Way,400SW - Pre-packed column bypass valve assembly support improvement/design change,,Standard Project,,,400SW - Pre-packed column bypass valve assembly support improvement/design change,Nathan Spillane,,1,0,0,2026-03-09 13:58:46.0000000,,,,,2026-03-03 17:17:15.0000000,,25591449,2026-08-25 04:00:00.0000000,Risk of column damage resulting in replacement column cost or impact to operations,4. PIRT Assessment,04d25798-3a42-ee11-bdf5-000d3a8fd327,95f71023-bb3c-4d7b-bc0d-b9871c3cd68b
ea75bf2a-923e-f111-88b4-70a8a53eb3d2,"21May26 - Canceling this based on Heather's request as this is going to included in the Transformation Charter. 

Similar cases maybe found is smaller scaled preps in interest of time and space I am only focusing on large scale preps","Media and Buffer transfers into Harvest Hold using a fixed, using a pre-determined 200 L line-loss value in INFOR prep size 3000L results in a 2800L prep in a bag station, I want to challengene the 200L lineloss amount. Additionally, Media's transferrred to TP-1240 inside Media Prep have a 100L line loss amount that is added to the overall prep sizes, I want to challenge this line loss because the line loss was determined over a decade ago and maybe overestimated. If overestimated the result would be reduced overall prep sizes which could result insignificant cost reductions for every prep going to a bag station or transferred at TP-1240",,"Line loss is accurate and data-based (measured/validated), not a single blanket estimate.
INFOR line-loss values are configured by transfer path/bag station row (or by defined distance/loop), reflecting true expected losses.
Prep volumes are right-sized so we consistently deliver the required volume with minimal overproduction (e.g., reduce by 50–100 L where justified).
Standard work enables maximal recovery (optimized push/air-blow/drain steps where allowed) to move more solution into the bag station and minimize residual hold-up.
Ongoing governance is in place: periodic review of line-loss factors, change control, and clear ownership so values stay current as layouts/equipment change.",Cancelled,"I was trying to think of cost reductions for my goals and what assumptions we use or possibly tribal knowledge without proof and the line loss ""assumption"" came to my mind (while driving home :)  )","Overproduction / excess prep volume: If 200 L is overstated to bag stations and 100L to transfer panel TP-1240 in media, batches are routinely prepared larger than necessary to ensure the delivered volume is met.
Lost capacity and time: Extra liters drive additional mix time, staging/hold time, transfer time, and turnover/cleaning effort (SS vessel and/or transfer setup).
Higher material consumption and cost: More raw materials (WFI, salts, media components, buffers) are consumed than needed.
Reduced scheduling flexibility: Longer prep/transfer windows can constraint downstream operations and reduce available slots for other solutions.
Inventory/handling burden: Extra solution may require additional containers, labeling, storage space, and disposition decisions (use later vs. waste).
Potential waste stream increase: If excess cannot be used, it becomes avoidable waste and adds disposal workload/cost.
Data integrity/expectations mismatch: Fixed line-loss values that don’t match reality can cause confusion and reduce confidence in INFOR planning assumptions.",,400 Shire Way,[OPEX] 400SW - Solution Prep transfers to Harvest Hold Line Loss Reduction  & Line Loss in intermedia and small scale line loss,,,,,[OPEX] 400SW - Solution Prep transfers to Harvest Hold Line Loss Reduction  & Line Loss in intermedia and small scale line loss,Michael Callahan,,1,0,4,,,,,,2026-04-22 21:29:13.0000000,,25591399,2026-10-19 04:00:00.0000000,"When solutions are prepared in Media and Buffer, the “line loss” is currently estimated in most (if not all) cases. For example, when we prepare in a stainless-steel (SS) vessel in Media and transfer to a bag station in Harvest Hold, INFOR is pre-set with a 200 L line loss. As a result, we may prepare 3000 L and transfer only 2800 L to a large bag station, or prepare 1700 L and transfer only 1500 L to a smaller bag station.

Today, the 200 L line-loss assumption applies regardless of which bag station row is used—whether it’s closest to Media prep or the farthest away. This suggests the 200 L may be an overestimate of what is actually retained in the transfer lines. In practice, technicians stop the transfer once the target volume (e.g., 2800 L) is reached.

I recommend we challenge the fixed 200 L assumption and establish more accurate, location-based line-loss expectations by bag station row (e.g., closest row ~100 L, next row ~150 L, etc.). We should also revisit other historical line-loss estimates (intermediate and benchtop preps), but start with Media and Buffer transfers into Harvest Hold.

If the true line loss is lower, we could reduce prep volumes accordingly—potentially by 50 L to 100 L in some cases—while still meeting required delivered volumes. Additionally, we should evaluate whether transfer practices can be improved to push more solution into the bag station and further reduce residual volume in the lines",2. Prioritization,04d25798-3a42-ee11-bdf5-000d3a8fd327,354dcffc-cbf6-4372-a8e3-db3c7e321155
042e43de-cd0d-f111-8406-000d3a538d48,"This continuous improvement initiative is currently being tracked under PR 5628300: “Con 1:Design modification recommendation per VAL-628648 (Maintenance Assessment: Minimum Maintenance Requirements for Bioreactor Centrifuges at 400SW) for air supply to Centrifuges”.
There are seven (7) centrifuges in scope:
400-CFG-2200-01, 400-CFG-2210-01
400-CFG-2300-01, 400-CFG-2300-02
400-CFG-2310-01, 400-CFG-2310-02
400-CFG-2320-01
This work does not need shutdown. this is local modifications on the individual equipment.","Seed and Production Bioreactor Centrifuges  compressed air is supplied to air barrier and pinch valves/venturi through a common line set at 60 psig. 
Minimum compressed air supply pressure to pinch valves specified by the manufacturer (IMI) is 65 psig. 
Common regulated air supply pressure cannot be adjusted above 60 psig as this would exceed the maximum supply pressure to the air barrier",,"Seed and Production Bioreactor Centrifuges  will have separate and independently regulated compressed air supply lines to air barrier and pinch valves/venturi. 
Compressed air supply pressure to pinch valves and venturi will be increased to meet manufacturer specification of 65-125 psig.",Pending,"Centrifuge Vendor (CARR) visit on 14Oct25 as part of Deviation PR 5399912 “ Suspected Contamination of Production Bioreactor BRX-2300 for RepAF""",This is a continuous improvement project. The equipment is currently operating with compressed air supply pressure below pinch valve manufacturer recommendation.,,400 Shire Way,400SW - CI&I - Bioreactor Centrifuges Air Supply Modification to Meet Vendor Specification,,Simple Project,,,400SW - CI&I - Bioreactor Centrifuges Air Supply Modification to Meet Vendor Specification,Michael Allen,1063197,1,0,0,,,,2026-07-02 13:27:28.0000000,,2026-02-19 20:02:32.0000000,,25229174,2026-12-31 05:00:00.0000000,Bioreactor Centrifuges Air Supply Pressure to pinch valves is currently set below vendor specification,7. Processed,04d25798-3a42-ee11-bdf5-000d3a8fd327,df5ec455-709c-4745-9a0e-83ee131763b6
3b6dfb3d-ff22-f111-8341-000d3a538d48,,"Currently there is no modern infrastructure monitoring for the OT systems (BMS, CMS, PCS) in MBO",stephen.morgan@takeda.com,Future state would provide a detailed future infrastructure design and roadmap to shift our site to the future vision that provides a robust and cyber secure environment for our OT systems to work in.,Pending,Cyber security has become increasingly important and our OT system has not been updated with any modern tool.,There is potential risk to network security or not solution implemented on our systems.,,400 Shire Way,400SW - AUTO - OT Cybersecurity improvement project,,Standard Project,,,400SW - AUTO - OT Cybersecurity improvement project,Lloyd Vallance,1063196,1,0,0,,,,2026-07-02 13:20:54.0000000,,2026-03-18 19:18:39.0000000,,25229158,2026-09-14 04:00:00.0000000,"Currently we are running at risk and also performing a system upgrade, we should time to go live with solution right after upgrade",7. Processed,04d25798-3a42-ee11-bdf5-000d3a8fd327,7351aecd-5444-47e4-b9f9-80b777b42129
5627db19-fe6f-f111-ab0d-000d3a8b49d9,,This team meets routinely and as necessary but the work flies under the radar and sometimes causes additional work on project teams,,Docment the work and have the team required to support this analysis in a resource plan for workload transparency,Pending,Site prioritization efforts,This could negatively impact or require unplanned facility downtime if bottlenecks are not identified well in advance.,,400 Shire Way,FoF Capacity Analysis,,Simple Project,,,FoF Capacity Analysis,Robert Tarsa,1063195,1,0,0,,,,2026-07-02 13:18:57.0000000,,2026-06-24 18:54:29.0000000,,25229147,2028-03-31 04:00:00.0000000,"A group of SMEs at the site need to routinely work together to assess volume forecasts, NPIs, LCM for current products to understand impact on our current facility design and propose strategic projects and programs to meet the needs of the network.",7. Processed,04d25798-3a42-ee11-bdf5-000d3a8fd327,9b68890d-63f3-49c6-9e10-5c21d8b36423
0e0b54ba-ff22-f111-8341-6045bda6c590,The new version of the software allows for automatic resizing of graphics based on the resolution of the viewing device (ie. laptop vs desktop station) providing more flexiblity and ease of use for the end user.,"The WIN911 server is very slow (the software loads very slowly and very cumbersome to use), difficult to modify call lists, and needs occasional reboots.  Secondly, Automation receives nuisance alarms daily (10 to 80 alarms per day) for core system issues.",stephen.morgan@takeda.com,The Critical Monitoring System (CMS) and alarm annunciation software (WIN911) will be fully upgraded to current operating system and application versions.  These upgrades will allow us to remove nuiscance alarms and create a reliable alarm annunciation system to make true alarms more visible to the end user.,Pending,The issues are frequent and are experienced whenever Automation is working on projects to modify the system.,"The nuisance alarms are for core system components, and so actual issues in need of attention are masked in a flood of nuisance alarms.  The WIN911 issues cause two problems: the server occasionally does not call users when there is an alarm, and, Automation needs to spend extra time waiting for the system to load and often needs to be reboot the server when adding someone to a call list or configuring new monitoring points.",,300 Shire Way; Belmont Warehouse; 205 Alewife Brook Parkway; North Reading Warehouse,FY25 - MBO - AUTO - CMS system improvements,Automation,Standard Project,,,FY25 - MBO - AUTO - CMS system improvements,Lloyd Vallance,,1,0,4,,,,2026-07-02 13:02:02.0000000,,2026-03-18 19:52:00.0000000,,25229123,2026-09-14 04:00:00.0000000,"Needs implementation due to operating system is at End of Life 31Dec26.  This creates a cyber security vulnerability to our network.  This upgrade will remediate an issue with alarming functionality where we could not eliminate nuiscance alarms.  Additionally the alarm queing in WIN911 would fail causing the ""callout"" functionality to not work as expected causing some alarms to be missed by the operations team,.",7. Processed,04d25798-3a42-ee11-bdf5-000d3a8fd327,7351aecd-5444-47e4-b9f9-80b777b42129
67f1f35f-fb22-f111-8341-7c1e5247a2b3,,The current implementation of the required functionality does not fully leverage the capabilities of the PCS system which adds complexity and risk to making changes and improvements to the system.  Product loss events have occurred due to this complexity.  This project aims to resolve this in critical areas of the process.,stephen.morgan@takeda.com,"For critical process areas, fully leverage the capabilities of the PCS system to provide, simplified, intuitive code and graphics to not only prevent inadvertant issues reaching the production floor but also creating an easier system for operators to use thereby improving the right first time on the floor.",Pending,Investigations after product loss event.,"The system is complex, there is risk with future changes that implementation may create product loss situations in the future.",,400 Shire Way,[FY26] - 400SW - AUTO - DeltaV Foundational improvement project,Automation,Standard Project,,,[FY26] - 400SW - AUTO - DeltaV Foundational improvement project,Lloyd Vallance,,1,0,4,,,,2026-07-02 13:01:40.0000000,,2026-03-18 19:18:47.0000000,,25229117,2026-12-31 05:00:00.0000000,The current implementation of the required functionality does not fully leverage the capabilities of the PCS system which adds complexity and risk to making changes and improvements to the system.  Product loss events have occurred due to this complexity.  This project aims to resolve this in critical areas of the process.,7. Processed,04d25798-3a42-ee11-bdf5-000d3a8fd327,7351aecd-5444-47e4-b9f9-80b777b42129
98a4c549-9674-f111-ab0f-000d3a8cdfc7,"Scienitifically feasible, will need to assess site and regulatory impact.",Each batch requires a vial thru 2k for each drug substance batch.,kimberly.drew@takeda.com,Each vial pull would create 2 drug substance batches.,Cancelled,Thru previous experiences.,Reduction on time in inoculation thru seed.  Increase time in 500L seed.  Downstream impact to be evaluated.  Could result in downstream cycle time.,,400 Shire Way,Evaluate reseed on TAK-079 to reduce COGS.,,,,,Evaluate reseed on TAK-079 to reduce COGS.,Adam Kulczyk,,1,0,4,,,,,,,,25174267,2027-12-31 05:00:00.0000000,To support TAK-079 volumes,2. Prioritization,04d25798-3a42-ee11-bdf5-000d3a8fd327,2e206058-c2e1-46c0-b68c-28eeb02607e3
7b01f632-5660-f111-a826-7c1e5215f4b4,"23SEP26 - Canceled based on Minhaz's email dated 22SEP26 mentioning that the team needs to find a solution that can be implemented, so need more time. 

Proposed solution is to create a separate phase for draining overshooted AWFI, similar to AWFI fill with Preact values. This requires engineering testing (ETP) prior starting a change control.",WFI fill during Chemical makeup of Vessel & Piping CIP on UFS-3120 overshoots excess WFI causing vessel High/High High Level alarms after chemical makeup.,,UFS-3120 Vessel & Piping CIP,Cancelled,Automation calls.,Delay in operations draining excess WFI and automation intervention.,,400 Shire Way,UFS-3120 High Level Chemical Makeup,,,,,UFS-3120 High Level Chemical Makeup,Minhazuddin Mohammed,,1,0,0,,,,,,2026-06-04 20:47:17.0000000,,24950331,2026-12-31 05:00:00.0000000,Ongoing WFI overfilling issues during UFS-3120 Vessel & Piping CIP Chemical make-up which causes delays in operations with automation interventions made.,2. Prioritization,04d25798-3a42-ee11-bdf5-000d3a8fd327,4ae827d4-e8a4-4835-9246-e30fe73e82f6
5739cbc5-6a63-f111-a826-7c1e5215f4b4,test,test,,test,Pending,test,test,,300 Shire Way,test,,Functional Project,,,test,Ronn Gerra,999999,1,0,0,,,,2026-06-08 18:57:32.0000000,,2026-06-08 18:49:48.0000000,,24929990,2026-12-05 05:00:00.0000000,test,7. Processed,04d25798-3a42-ee11-bdf5-000d3a8fd327,0c73dd41-bda2-4f46-8ef8-37722b96f918
3608153b-525f-f111-a825-000d3a99ae1b,,"SUT assemblies for downstream unit operations are built at point of use from individually SAP-issued components — tubing, connectors, Y-pieces, filters, sample ports. There is no standardized design across operations or products, and the same functional purpose is served by multiple custom SKUs across the portfolio. 
VI and VF are operated as open steps. Under viral segregation requirements, mandating suite decontamination between each step. Multi-batch processing of the same product within a campaign is not permitted. 
Sampling requires multiple manual draws from the source bag, each sub-aliquoted by test type in the LFH.",,"SUT assemblies are built from a rationalized library of standardized, pre-qualified components that can be configured for any DS unit operation. Component selection follows a standardized design framework — operator-dependent assembly judgment is eliminated and total SKU count across the portfolio is reduced. 
VI and VF assemblies are qualified to closed-system standard, enabling multi-batch processing of the same product within a campaign without suite decontamination between batches. 
Sampling is performed through a single inline collection — LFH sub-aliquoting is eliminated.",Pending,transformation,cost reduction,,300 Shire Way,MBO TxN - MFG - SUT Optimization (Downstream),,Standard Project,,,MBO TxN - MFG - SUT Optimization (Downstream),Adam Kulczyk,1062891,1,0,0,,,,2026-06-03 14:29:56.0000000,,2026-06-03 13:44:00.0000000,,24861322,2027-04-01 04:00:00.0000000,"Downstream recovery and purification operations are executed across a mixed equipment landscape of fixed stainless-steel systems and single-use assemblies. Single-use set-ups are overly variable and unnecessarily complex, driven by unharmonized component designs, operator-dependent assembly practices, custom SKUs proliferation across functionally similar steps. This variability affects right-first-time execution, overall operational efficiency, drives deviation events and the associated investigation burden, and in some cases has contributed to irreversible batch loss. It also increases procurement complexity and material cost. 
In the 400SW purification 1 and 2 suites, viral segregation requirements limit viral inactivation and viral filtration operations to sequential, single-batch execution with required room cleaning between steps. This creates built-in idle time, reduces suite utilization, and constrains campaign throughput. Today, this loss is largely absorbed as part of routine operating cost rather than addressed as a design and operating opportunity. 
Sampling requires multiple manual sample collections from source bag, followed by aliquoting into smaller volumes by test type in LFHs. This adds operator time and introduces avoidable high-risk touchpoints.",7. Processed,04d25798-3a42-ee11-bdf5-000d3a8fd327,2e206058-c2e1-46c0-b68c-28eeb02607e3
30822579-535f-f111-a826-7c1e5215f4b4,,"Each tote requires individual setup, gravity drain under pressure, sealing, and disconnection before the next tote can be connected. For media, when more than one tote is required, product is first gravity-drained to an intermediate bag then pump-transferred individually to each destination tote. Welds are used between transfers. 41 buffer types follow the same serial pattern — filled into a single large prep bag then sub-aliquoted sequentially into multiple smaller destination bags. 
Media top-off for perfusion products is performed by replacing the 3K bag entirely. Each changeout requires full setup and breakdown of the bag station and a fresh media prep transfer.",,"Buffer and media are pressure-transferred simultaneously to all destination totes via a multi-port aliquot manifold connected at the start of the run. The intermediate bag step for media is eliminated. For buffers, a single-use fill manifold at the source vessel enables simultaneous filling of multiple destination bags off a single prep. Tote switching time and serial bag-to-bag transfer are eliminated.
Media top-off for perfusion products is performed within the existing 3K bag without requiring full bag replacement. Bag changeout frequency is eliminated or significantly reduced for VPRIV and RepAF perfusion operations by establishing real-time media prep and usage visibility and cadence.",Pending,transformation,"media:
1400 h/y operator time 
M/N 6381256 bag cost (0.09 O¥) 
buffer:
2000 h/y operator time
M/N 6381261 bag cost (0.80 O¥)",,300 Shire Way,MBO TxN - MFG - SUT Optimization (Central Operations),,Standard Project,,,MBO TxN - MFG - SUT Optimization (Central Operations),Adam Kulczyk,1062890,1,0,0,,,,2026-06-03 14:24:46.0000000,,2026-06-03 13:52:44.0000000,,24861292,2027-04-01 04:00:00.0000000,"Buffer and media aliquoting in Central Operations is performed in series — each destination tote is set up, filled, sealed, and disconnected individually, with significant time lost between totes. 
Media aliquoting introduces additional complexity when more than one tote is required, routing product through an intermediate bag before pump transfer to each destination. 
A parallel inefficiency exists on the buffer side, where 41 buffer types are filled into a single large prep bag and subsequently sub-aliquoted into multiple smaller bags through a serial transfer.
For perfusion products, media top-off operations require full replacement of 3K bags at every changeout — a practice driven by the 48-hour ambient hold limit on freshly prepped media combined with limited schedule visibility between prep and consumption. This adds setup, breakdown, and material cost with each changeout across VPRIV and RepAF campaigns.",7. Processed,04d25798-3a42-ee11-bdf5-000d3a8fd327,2e206058-c2e1-46c0-b68c-28eeb02607e3
27d378c7-06a6-f011-bbd3-7c1e527cd923,,Instruments are at end of life and will not be serviced by the vendor,,HAve 2 G installed at Raw Materials lab,Pending,AIMP program,QC Raw Materials willnnot have the ability to release materials that need gas chromatography,,300 Shire Way,[FY26] - 300SW - QC-AIMP - Gas Chromatography Instruments,,Standard Project,,,[FY26] - 300SW - QC-AIMP - Gas Chromatography Instruments,Filipe Thomas Steger,1059754,1,0,0,,,2025-10-15 04:00:00.0000000,2026-05-20 19:25:52.0000000,,2025-10-10 18:55:39.0000000,,24506920,2027-06-30 04:00:00.0000000,End of life instruments,7. Processed,04d25798-3a42-ee11-bdf5-000d3a8fd327,23ebfc42-b5d1-47ab-a9d4-116e84f2222d
b907945d-01a6-f011-bbd2-7c1e527d2157,,"The Raw Materials and Particle Lab have an FTIR that will not be serviced by the vendor, including the software",,Installed FTIR with new software,Pending,Vendor communication,Inability to identify particles and identify raw materials,,300 Shire Way,[FY26] - 300SW - QC-AIMP - New FTIR instrument + S/W Upgrade (Particle ID Lab and RM Lab),,Standard Project,,,[FY26] - 300SW - QC-AIMP - New FTIR instrument + S/W Upgrade (Particle ID Lab and RM Lab),Filipe Thomas Steger,1059755,1,0,0,,,2025-10-12 04:00:00.0000000,2026-05-20 19:22:47.0000000,,2025-10-10 17:49:50.0000000,,24506897,2027-02-26 05:00:00.0000000,The current FTIR instruments will not be serviced anymore and the software is outdated,7. Processed,04d25798-3a42-ee11-bdf5-000d3a8fd327,23ebfc42-b5d1-47ab-a9d4-116e84f2222d
f60914fb-e84e-f111-bec6-70a8a53eb3d2,Further refinement and incorporation of sponsor feedback ongoing,"Site improvement ideas become projects without consistent prioritization or governance
Prioritization decisions are often implicit or revisited, leading to re‑discussion and churn
Limited visibility into total demand vs. available capacity across functions due to incomplete data and unmanaged projects occurring outside of the system.
The site routinely takes on more initiatives than available capacity allows, resulting in slow delivery, diluted ownership, and limited realized value, even for high-priority work
High‑value initiatives can be delayed while lower‑impact work continues in parallel",,"All work consuming meaningful site or cross‑functional capacity, whether labeled as a project, improvement, or base business, is visible through a common intake and prioritization mechanism.
The existing prioritization framework is applied consistently and used as a true decision tool, with scoring outcomes driving explicit tradeoffs, including what work proceeds, what is deferred, and what does not start.
Leadership actively enforces prioritization outcomes, limiting the number of concurrently active initiatives and sequencing work based on value and available capacity rather than intent alone.
Active work occurring outside the defined prioritization mechanism is periodically and routinely surfaced and reconciled through governance, with decisions made to stop, defer, or formally prioritize the work.
As a result, the site shifts from optimizing intake to focusing on the right projects at the right time, thereby reducing context switching, eliminating unmanaged project work, and accelerating delivery of the highest‑value work.",Pending,MBO Transformation,"This reset represents a shift from optimizing intake to focus on the right projects at the right time, requiring leaders to prioritize value creation and completion over starting new work.",,185 Alewife Brook Parkway; Belmont Warehouse; Lexington Campus; North Reading Warehouse,MBO TxN - OSP - Site Project Prioritization Reset,,Standard Project,,,MBO TxN - OSP - Site Project Prioritization Reset,Natalie Friel,1062518,1,0,0,,,,2026-05-14 18:57:01.0000000,,2026-05-13 16:30:11.0000000,,24488791,2026-11-09 05:00:00.0000000,"This initiative strengthens prioritization to protect execution capacity by ensuring that all work consuming shared site capacity is visible, intentionally sequenced, and actively enforced through governance. 
By enforcing decision ownership, minimum thresholds, and explicit tradeoffs, the site reduces unmanaged work and limits the number of initiatives in flight at any given time, thereby enabling faster delivery of the highest‑value work and clearer accountability for what does, and does not, proceed.",7. Processed,04d25798-3a42-ee11-bdf5-000d3a8fd327,b5b1654c-02fc-4a2f-85d0-0f912c9ad724
b9b308a3-e34f-f111-bec7-7c1e527cdbd8,"Successful sourcing of alternative suppliers
Consider Tak filing and what materials may be limited
LRF volumes will pose risk to benefit realization
External economic pricing pressures","Inbound freight is managed in a decentralized, supplier-led model, limiting visibility, consolidation, and rate leverage.
Majority of high-spend materials are single-sourced, limiting competitive pricing. 	
Single-use bag MN#60000587 is used for media/harvest hold vessels and supplied by Thermofisher.",,"Inbound freight is centrally coordinated through a 3PL where applicable and costs are budgeted and allocated appropriately. [0.18 OY]
High-spend materials have qualified alternative sources at competitive costs, while reducing supply risks. [1.02 OY]
Single-use bag used for media/harvest hold vessels will use more cost-effective bag supplied by Sartorius with recirculation loop MN#6381526. [1.0 OY]",Pending,MBO Transformation Diagnostic,2.2 OY spend reduction for direct materials and associated inbound freight costs,,300 Shire Way; Belmont Warehouse; 400 Shire Way; North Reading Warehouse,MBO TxN - Spend - Material Pricing Optimization,,Standard Project,,,MBO TxN - Spend - Material Pricing Optimization,Terence Jackson,1062588,1,0,0,,,,2026-05-15 17:46:49.0000000,,2026-05-14 22:25:07.0000000,,24410855,2028-03-31 04:00:00.0000000,Part of MBO Transformation to meet MRP through FY27,7. Processed,04d25798-3a42-ee11-bdf5-000d3a8fd327,47dfdf99-13e2-441c-8c63-abbc31aa7da0
9de5a849-e54f-f111-bec7-7c1e527cdbd8,Contingent upon successful enrollment of suppliers into MSP Program,"Approximately 80% of contingent labor resources are currently enrolled under MSP; ~20% remains outside the framework, limiting full policy adherence, visibility, and standardized oversight.
External support for our Northstar Quality Systems is engaged through multiple contracting paths with limited centralized oversight, leading to inconsistent role definitions, rates, tenure, and utilization.",,"100% of contingent labor resources are enrolled in MSP and fully traceable, enabling complete adherence to corporate policy and standardized governance across all external labor engagements. [0.43 OY]
External support for our Northstar Quality Systems is managed within MSP framework, providing stronger, centralized control over rates and outcomes. [1.1 OY]",Pending,MBO Transformatio Diagnostic,Optimized spending on contingent labor in compliance with corporate MSP policy,,300 Shire Way; Belmont Warehouse; 400 Shire Way; Lexington Campus; North Reading Warehouse,MBO TxN - Spend - Managed Service Provider (MSP) Model,,Standard Project,,,MBO TxN - Spend - Managed Service Provider (MSP) Model,Natalie Friel,1062587,1,0,0,,,,2026-05-15 17:44:38.0000000,,2026-05-14 22:36:38.0000000,,24410829,2027-03-31 04:00:00.0000000,MBO Transformation initiative to meet MRP,7. Processed,04d25798-3a42-ee11-bdf5-000d3a8fd327,b5b1654c-02fc-4a2f-85d0-0f912c9ad724
3e786944-f54e-f111-bec7-7c1e527cdbd8,N/A,"Disposition readiness depends on multiple cross‑functional deliverables (EM, deviations, LIs, ESPs), but accountability is not explicitly tied to disposition outcomes.
Environmental Monitoring (EM) data in MODA/UVO is reviewed redundantly during disposition by QA 
QA Disposition team is responsible for raw material release, requiring confirmation of QC testing, updates in SAP. Raw Mat release requires several documentation and review steps.",,"Cross-functional KPIs are implemented in Fabriq. Red KPIs directly indicate batch release risk and assign accountability to the responsible function.
Redundant EM review in MODA/UVO is eliminated from disposition activities, with oversight ensured through TrackWise review.
Redundant RM specification review is eliminated through transfer of raw material release ownership to QC and simplification of Raw Material release documentation.",Pending,SME feedback and document review,"Reduction of time for review, communications, and documentation. Risk Adjusted impact is 1313 hours savings. Value measurement begins once Disposition Readiness KPIs are live and adopted in Fabriq (June 2026). TIP 1: 308 hrs; TIP 2: 1005 hrs",,200 Shire Way; 300 Shire Way; 400 Shire Way; 205 Alewife Brook Parkway; North Reading Warehouse,MBO TxN - QUAL - IND Batch Disposition Improvements,,Standard Project,,,MBO TxN - QUAL - IND Batch Disposition Improvements,Maggie Seibel,1062514,1,0,0,,,,2026-05-15 17:20:26.0000000,,2026-05-15 13:53:49.0000000,,24410761,2027-03-31 04:00:00.0000000,Miss opportunity,7. Processed,04d25798-3a42-ee11-bdf5-000d3a8fd327,daf1bf4e-9ac8-4e93-b50e-54b0dc21e997
9c4f7b31-6650-f111-bec7-000d3a8cdfc7,"Key deliverables/milestones:

Data validation & refinement: Validate data to refine right‑sizing
assumptions and value realization – May2026​

CAPA, CC Framework – Jul2026​

Global dependency items (policy/tooling)*** – target Sep 2026+
(pending global roadmap/approvals)​

CRB Governance Redesign* – July2026​

Standard Investigation, Decision & RCA Framework – June2026​

eQMS & Digital Workflow higher utilization and adoption –​

CC agent in copilot – May2026​

Global AIDA/ tools** improvements – Dec2026​

​","Processes are governed with inconsistent criteria and variable expectations,
leading to extended cycle times and re‑review:​

41 Level 2 CCs opened per year, of which 31 carry no regulatory
impact (clinical) suggesting a higher risk threshold is needed in early leveling​

1,225 hours spent annually on CRB meeting prep; 1,555 hours consumed by
the CRB meetings themselves with all CCs going to CRB​

Criteria for CAPA initiation, investigation depth, and escalation are not
consistently applied with Non‑CAPA issues raised in CAPAs​

Investigations data & RCA approaches vary, resulting in rework & extensions
and existing digital and eQMS capabilities are not used consistently, driving
manual drafting and review inefficiencies.​",evan.szymczak@takeda.com,"Quality systems operate with clear, standardized, and decision‑focused
governance:​

Deployed tools and Guidelines aimed at cutting new CCs by
15% and reclassifying 50% of L2 issues down to L1s.​

CRB: Only L2 CCS going to CRB; CRB attendees reduced to true decision makers,
with accountability for pre-read expectations so the meeting is decision making
not discovery, standardize prep/output format for all forums (CRB, PCP, etc)​

Decision trees define when CAPA is required, investigation depth, and
escalation thresholds with non-CAPA issues managed outside the system​

Investigations follow standardized data and RCA expectations, improving
consistency and right‑first‑time review. eQMS workflows and digital tools
are used consistently to improve record quality and reduce manual effort.​",Pending,"Transformation approach was used to estimate FTE hours spent, process wastes","Baseline: FY26 Risk adjusted impact is 7904FTE hrs, while also enabling 1000
of hours of existing MRP initiatives. ​

Impact: - Value measurement begins once revised intake and governance rules
are live and stabilized (post‑July 2026), hours will be separated through TIP 1
and TIP 2 with TIP 1 having 5377 hrs, and TIP 2 having 2527 hrs of savings. ​

Impact rationale: The freed-up hours results from reducing the intake of
Deviations, CCs and CAPAs and rework spanning multiple site functions.​

Investment: Currently none; however, potential AIDA improvements may come
out of the TIPs.

Scale of opportunity: Freed capacity reflects reduced intake, rework, and
review effort across Deviations, CCs, and CAPAs. Translation to FTE or
redeployment requires process‑level validation and leadership prioritization
outside of the scope of this charter.",,400 Shire Way,MBO TxN - QUAL - IND Quality System Improvements,,Standard Project,,,MBO TxN - QUAL - IND Quality System Improvements,Maggie Seibel,1062515,1,0,0,,,,2026-05-15 17:19:08.0000000,,2026-05-15 13:59:09.0000000,,24410752,2026-11-11 05:00:00.0000000,"This Transformation initiative simplifies and standardizes CAPA, deviation, & change control processes to reduce rework, improve right‑first‑time execution, and shorten cycle times across Quality systems. Key elements include
eliminating redundant reporting and reviews, applying clear decision trees to right‑size CAPA initiation and escalation, removing non‑CAPA activities from formal workflows, and streamlining Change Review Board (CRB)
governance. Investigation quality and timeliness will be improved through standardized governance expectations, centralized root cause tools, and greater use of existing digital capabilities.​",7. Processed,04d25798-3a42-ee11-bdf5-000d3a8fd327,daf1bf4e-9ac8-4e93-b50e-54b0dc21e997
6abf2f65-6850-f111-bec7-7c1e5215f4b4,"Key deliverables/milestones: 
Governance forum inventory and meeting rationalization
completed – June2026​

New meeting model and reduced attendance deployed –
July2026​

Quality capacity & OPE baseline established across all Quality
functions – Aug2026​

QA cross‑training priorities defined – Aug2026​

Standardized QA governance model deployed – Aug2026​

QA cross-training completed – Oct2026​

Post‑implementation measurement of capacity unlocked and
redeployed – Dec2026​","Limited visibility into how Quality hours are spent across
Compliance, QA Ops, Quality Systems, and Validation.​

Effort is distributed across governance, execution, review, and
remediation activities, but time is not consistently measured.​

QA governance relies on numerous, overlapping meetings with high
frequency and broad attendance, driving non‑value‑added time.​

QA skillsets are not consistently cross trained, constraining flexibility
and making it difficult to rebalance capacity during demand
changes.​",heather.larivee@takeda.com,"Clear, fact‑based visibility into where Quality capacity is spent,
enabling targeted reduction of non‑value‑added work across
Compliance, QA Ops, Quality Systems, and Validation.​

Standardized and simplified QA governance with fewer forums,
clear decision rights, reduced meeting frequency, and focused
attendance, including cross functional accountability for when
Quality is engaged. ​

QA resources are cross‑trained and flexibly deployed, allowing
workload balancing across teams while maintaining compliance
and inspection readiness.​",Pending,"Transformation approach was used to assess and quantify estimated FTE hours, process wastes","Reduction of non‑value‑added time across Quality driven by:​

Fewer, more effective governance meetings ​

Improved decision speed and clarity ​

Better utilization of existing QA capacity through cross‑training​

​

Timing: TIP 1 will free up 3610 risk-adjusted hours, TIP2 will free up 2605
risk-adjusted hours. ​

​

Capacity model enables sustained productivity gains create optionality
for leadership to manage capacity and costs in line with external
benchmarks, without compromising compliance or operational resilience​",,400 Shire Way,MBO TxN - QUAL - IND Quality Process Optimization,,Standard Project,,,MBO TxN - QUAL - IND Quality Process Optimization,Maggie Seibel,1062513,1,0,0,,,,2026-05-15 17:18:24.0000000,,2026-05-15 14:14:49.0000000,,24410742,2026-11-11 05:00:00.0000000,"This Transformation initiative establishes a Quality Capacity Model as an enabler to simplify governance, reduce non‑value‑added meeting time, and drive flexible, cross‑trained QA workforce. By combining a
Quality‑wide capacity and OPE analysis with standardized governance and targeted cross‑training, the initiative enables data‑driven decisions on resourcing, meeting structures, and workload
balancing. This initiative enables structural productivity improvements by creating fact-based visibility into how Quality capacity is consumed, allowing leadership to make informed decisions that
improve cost competitiveness, agility, and long-term sustainability—while maintaining compliance and inspection readiness.​",7. Processed,04d25798-3a42-ee11-bdf5-000d3a8fd327,daf1bf4e-9ac8-4e93-b50e-54b0dc21e997
9d86190b-75f1-f011-8406-00224832861e,"14May26 - SPOT ID created as part of Transformation Charter 

09Mar26 - Will be reviewed during MYC timeframe

Discoverant may not have the capability to cover all the data needs and other systems may need to be implemented to cover the data needs beyond CPV that statistica provided.  There are ~36 current CPV workspaces that would need to recreated as well as any new products that come along such as TAK079.  Outside of CPV, there is also QC Assay Control, Shelf-life automated reporting, Invalid Assay Trending (QC), Unexpected events tracking, Generic GLIMS queries, SNC Runout calculation and Hazmat report out for supply chain.  The Raw Material and Single Use group also use statistica for their own data processing/calculations.",Statistica is the validated GXP data analytics platform at MBO.,,Site data needs are covered by discoverant or other systems,Pending,"Licensing cycle highlight increased costs. An estimate of 155 named users be issued. The budgetary proposal (not a formal quote) was total for 3yrs approx. 1.3m (383k in 2026, 421k in 2027, 463k in 2028).","Discoverant will need to be deployed to site, data needs to be migrated/archived, and statistica will need to be decommissioned.",,200 Shire Way; 300 Shire Way; 185 Alewife Brook Parkway; 400 Shire Way; 205 Alewife Brook Parkway; Lexington Campus; 500 Shire Way; North Reading Warehouse,MBO TxN - MSci - Northstar Implementation - Statistica to Discoverant Migration,,Standard Project,,,MBO TxN - MSci - Northstar Implementation - Statistica to Discoverant Migration,Mahesh Kulkarni,1062568,1,0,0,,,2026-01-14 05:00:00.0000000,2026-05-14 18:43:47.0000000,,2026-01-14 18:16:02.0000000,,24406221,2028-10-01 04:00:00.0000000,Statistica licensing fees recently increased and is not a north star system whereas discoverant is a north star system.  This would help align MBO to GMSGQ network.,7. Processed,04d25798-3a42-ee11-bdf5-000d3a8fd327,1ae4535a-c129-4f33-9f76-1ba698be262a
c497dc08-df4e-f111-bec7-7c1e527cdbd8,N/A,"Over 70K Hours annually of unaccounted time (Rigidity) across MFG operations.
Limited level loading across depts, shifts, and across days of the week leading to under-utilization and peaks.
Unclear where process downtime occurs during a day to enable capacity increase.
Shift Exchange is inconsistent (attendance, content, and duration) and occurs in office space leading to unclear understanding of current state of processes.",,"Industry Leading 15% (~25K Hours) of Process Rigidity across MFG operations.
Resource and Work Level Loading across depts, shifts, and days of week.
Hour by Hour Schedule and associated metrics to enable capacity increase.
Consistent Shift Exchange in 15 min on the shop floor to enable start of operations within 30min of shift with a clear understanding of ongoing processes.",Pending,transformation,Create White Space and cross train,,400 Shire Way,MBO TxN - MFG - Level Loading & Shift Exchange,,Standard Project,,,MBO TxN - MFG - Level Loading & Shift Exchange,Adam Kulczyk,1062573,1,0,0,,,,2026-05-14 18:43:19.0000000,,2026-05-13 15:21:15.0000000,,24406211,2026-11-09 05:00:00.0000000,"Categorize and reduce 70K hours of rigidity across MFG annually
Implement hour by hour resource scheduling across DS MFG to understand resource needs across process
Cross Train across shifts and departments to level load peaks 
Optimize Shift Exchange to enable start of operations within 30 minutes of shift and a clear understanding of ongoing processes.",7. Processed,04d25798-3a42-ee11-bdf5-000d3a8fd327,2e206058-c2e1-46c0-b68c-28eeb02607e3
b0e692f3-e04e-f111-bec7-7c1e5215f4b4,"A risk/gap assessment needs to be performed because it's not clear if all Spotfire dashboards are able to be recreated in PowerBI without losing critical functionality.  With all the gaps assessed, a decision will need to be made on whether the cost savings are worth the benefit of losing functionality or if the cost of modules needed for PowerBI to match functionality is too much to justify the switch off of Spotfire to PowerBI.","Spotfire is used for various dashboards at MBO such as the Batch on Time Dispotion dashboard, the UPB Pooling Dashboard, etc.",,PowerBI is the North Star tool identified for dashboards and all Spotfire dashboards are recreated in PowerBI and Spotfire is decommissioned.,Pending,This was identified as part of the transformation initiative.,"All Spotfire dashboards will need to be evaulated for migration to PowerBI and confirm that the dashboard has all the functionality needed to function.  If no functionality is lost, all Spotfire dashboards need to be recreated in PowerBI and Spotfire needs to be decommissioned.",,200 Shire Way; 300 Shire Way; 400 Shire Way; Lexington Campus; 500 Shire Way; North Reading Warehouse,MBO TxN - MSci - Northstar Implementation - Spotfire to PowerBI Migration,,Standard Project,,,MBO TxN - MSci - Northstar Implementation - Spotfire to PowerBI Migration,Yong Wang,1062566,1,0,0,,,,2026-05-14 18:42:56.0000000,,2026-05-13 19:05:50.0000000,,24406201,2028-11-01 04:00:00.0000000,Spotfire is not a North Star tool and has a high license cost.  PowerBI might be a suitable replacement for Spotfire.,7. Processed,04d25798-3a42-ee11-bdf5-000d3a8fd327,1ae4535a-c129-4f33-9f76-1ba698be262a
6ea2cd11-e14e-f111-bec7-000d3a8cdfc7,,"Decision ownership and escalation criteria are unclear, leading to re‑discussion and unnecessary escalation
Governance forums have overlapping or inconsistent purpose (inform vs. decide), diluting decision effectiveness
Decisions that could be resolved at operational or tactical levels frequently escalate to senior forums",,"Each governance forum has a single accountable decision owner (“D”) with defined decision rights
Decision forums deliberately limit participation to the Decide + critical Advise roles, with asynchronous input replacing broad ‘inform’ attendance.
Most decisions are resolved at the lowest appropriate level, with escalation reserved for material risk or impact
Governance standards are applied proportionately, based on decision risk and impact
Governance forums are fewer, purpose‑driven, and decision‑focused, with intentional participant lists and no default “inform” invites
Governance adherence is periodically reviewed, with non‑compliant forums corrected through site leadership escalation.",Pending,MBO Transformation,Optimized governance and decision making will free capacity for redeployment to higher-value work,,Belmont Warehouse; 205 Alewife Brook Parkway; Lexington Campus; North Reading Warehouse,MBO TxN - OSP - Site Governance & Decision-Making Framework,,Standard Project,,,MBO TxN - OSP - Site Governance & Decision-Making Framework,Natalie Friel,1062517,1,0,0,,,,2026-05-14 18:42:07.0000000,,2026-05-13 15:33:49.0000000,,24406192,2026-08-14 04:00:00.0000000,"This initiative operationalizes Takeda’s single decision‑maker (“D”) model at MBO by clarifying decision ownership, decision forums, and escalation paths. This initiative is designed to align with Takeda’s emerging enterprise decision‑making framework and will be refined as global guidance is finalized.
The focus is on improving decision speed and clarity by separating information flow from decision flow, reinforcing established decision forums, and intentionally reducing low‑value governance through fewer, better‑run meetings with clear purpose and participation enabling faster, more consistent decisions at the lowest appropriate level. Initial adoption is led by SLT and forum chairs, who are expected to model decision ownership, escalation discipline, and meeting behaviors before cascading to functions; Sustained adoption is reinforced through SLT sponsorship and explicit accountability via site governance forums.",7. Processed,04d25798-3a42-ee11-bdf5-000d3a8fd327,b5b1654c-02fc-4a2f-85d0-0f912c9ad724
54b391c4-e34e-f111-bec6-000d3a1ce8d4,,"Engineering support model for CAPEX projects utilizes numerous fee for service suppliers and contractor staff-augmentation vendors for engineering, project management, CQV, and construction management services.
Projects are executed one project at a time, independently.
Several contractors have been permanent fixtures on site working from SOW to SOW.
Front-end Engineering & Procurement activities are slow to complete due to resource constraints and procurement req’s.",,"Strategic agreements with A/E, GC, Project Management, CQV suppliers to execute identified portfolios versus one project at a time. 
Portfolio visibility utilized to negotiate rates, fees, and highly competent resources.
Contracts with suppliers are outcome based and incentivized
Internal FTEs to provide SME oversight to mange outcomes.
Front-end Engineering & Procurement activities are streamlined",Pending,Review of CAPEX Suppliers and Budget,". The current model executes individual projects mobilizing and demobilizing resources per project which drives inefficiency and missed opportunities to negotiate competitive rates and fees with portfolio visibility. The Strategic Supplier model drives resource efficiency, increases speed to execute, and reduces costs compared to the typical combined fee for service supplier and contractor staff-augmentation model.",,Lexington Campus,MBO TxN - ENG - Strategic Supplier Program for CAPEX,,Standard Project,,,MBO TxN - ENG - Strategic Supplier Program for CAPEX,John Honey,1062567,1,0,0,,,,2026-05-14 18:41:40.0000000,,2026-05-13 15:54:21.0000000,,24406183,2027-04-01 04:00:00.0000000,"Throughout the project life cycle Site Engineering utilizes a combination of fee for service suppliers and contractor staff-augmentation vendors for Engineering, Project Management, CQV, and Construction Management services. The current model executes individual projects mobilizing and demobilizing resources per project which drives inefficiency and missed opportunities to negotiate competitive rates and fees with portfolio visibility. The Strategic Supplier model drives resource efficiency, increases speed to execute, and reduces costs compared to the typical combined fee for service supplier and contractor staff-augmentation model.",7. Processed,04d25798-3a42-ee11-bdf5-000d3a8fd327,b2a3c072-6583-48c5-870d-4ad99ddae01f
528b466e-e54e-f111-bec7-7c1e527cdbd8,,"The MBO preventive-to-corrective maintenance (PM:CM) ratio is 85:15. PMs prioritized for optimization are primarily selected based on SME input and PM frequency, and a standard 6-month PM interval is often applied to new assets in the absence of vendor recommendations. The PMO program currently targets a 5% year-over-year reduction in PM labor hours",,"Optimize the maintenance strategy by shifting to a risk and  cost-based PM optimization approach that eliminates non–value-added work, enables autonomous equipment ownership, and reduces unnecessary inspections and calibrations. Reclassify equipment as non-critical when justified to better focus resources on higher-risk assets in alignment with SMRP standards",Pending,Transformation Planning,"Reduced material and vendor spend, Increased asset availability, Increased manufacturing accountability on system performance",,400 Shire Way; North Reading Warehouse,MBO TxN - ENG - Accelerate PM Optimization,,Standard Project,,,MBO TxN - ENG - Accelerate PM Optimization,John Honey,1062570,1,0,0,,,,2026-05-14 18:41:17.0000000,,2026-05-13 16:04:48.0000000,,24406174,2026-11-09 05:00:00.0000000,TIP 1 Kick off date,7. Processed,04d25798-3a42-ee11-bdf5-000d3a8fd327,b2a3c072-6583-48c5-870d-4ad99ddae01f
61964b4f-e74e-f111-bec6-000d3a1ce8d4,"Key Risks:
- Low adoption if training and support are not clearly defined
- Review workflows and guiding document revisions delaying timeline 

Success Metrics:
- Volume of form usage and user adoption rate","Many high-volume operational forms are managed through manual, paper-based workflows, resulting in slow decision-making cycles, increased compliance risk, and inconsistent data capture. Teams across Manufacturing, Engineering, Supply Chain, and Quality spend significant time on repetitive documentation and review activities, often leading to transcription errors and inefficiencies. Additionally, several high-impact forms have not yet been digitized, limiting organization's ability to standardize processes and scale improvements.",,"Targeted high-volume OpsTrakker forms are fully digitized, validated, and actively used across Manufacturing, Engineering, Supply Chain, and Quality. Paper-based workflows are retired for prioritized use cases, resulting in streamlined processes, faster turnaround times, and reduced manual transcription errors. Initiative achieves significant efficiency gains, improves data integrity and compliance readiness, and drives strong user adoption through structured training and support. The fast-track deployment establishes a scalable foundation aligned with the site's broader digital transformation roadmap.",Pending,"The opportunity was identified through a combination of paperless transformation assessments, cross-functional discussions, and operational observations during ongoing OpsTrakker deployment efforts. Inputs from Manufacturing, Engineering, Supply Chain, and Quality teams, along with form volume analysis, highlighted high-touch processes with significant manual burden.","Current reliance on manual documentation creates measurable operational inefficiencies, including extended turnaround times, increased review effort, and higher risk of errors and rework. The inefficiencies translate to significant capacity loss, delayed decision-making, and potential compliance risks due to inconsistent documentation practices. Teams experience frequent bottlenecks in review cycles, and lack of standardized digital workflows limits visibility, traceability, and scalability across functions.",,200 Shire Way; 300 Shire Way; 400 Shire Way; 205 Alewife Brook Parkway; Lexington Campus,MBO TxN - OSP - Fast-Track OpsTrakker Deployment,,Standard Project,,,MBO TxN - OSP - Fast-Track OpsTrakker Deployment,Mahesh Kulkarni,1062516,1,0,0,,,,2026-05-14 18:40:51.0000000,,2026-05-13 16:18:58.0000000,,24406165,2026-05-20 04:00:00.0000000,"The OpsTrakker initiative must be executed on an accelerated timeline to deliver immediate operational relief from manual, paper-based processes that are currently driving delays, inefficiencies, and compliance risk. High-volume forms across different functional areas (e.g. Manufacturing, Engineering, Supply Chain, and Quality) are critical to day-to-day operations, and delaying digitization would prolong slow review cycles, transcription errors, and resource constraints. Fast-tracking deployment enables earlier realization of capacity gains, reduces rework, and prevents missed opportunities to align with the site's broader digital maturity roadmap.",7. Processed,04d25798-3a42-ee11-bdf5-000d3a8fd327,c5b43226-8023-4165-8b39-e0a9dc464fec
63dbcd72-fa4e-f111-bec7-7c1e527cdbd8,Transformation Charter,"The 400SW cooling towers evaporate city water to provide cooling to the 400SW HVAC chillers. There are two separate rates charged to MBO by the town of Lexington: water and sewer.  There is a meter on the make-up water but nothing on the sewer.  As a result, whatever is taken in as make-up is assumed to be discharged (and charged) as sewer.  The city water is $10.35 per 100 cubic feet (HCF).  The sewer rate is $27.60 per HCF.",,"The Town of Lexington will own a separate water meter that will be installed with a direct water line plumbed to the cooling towers.
MBO will not be charged sewer rates for water that is evaporated in the cooling towers.  This would result in an operating cost savings of approximately $300,000 annually.",Pending,Plant Engineering assessing opportunities to reach CAPS goals.,$300k in sewer charges.,,300 Shire Way; 400 Shire Way,MBO TxN - ENG - Utilities Chiller - Sewer Cost Avoidance,,Standard Project,,,MBO TxN - ENG - Utilities Chiller - Sewer Cost Avoidance,JD Fier,1062569,1,0,0,,,,2026-05-14 18:39:14.0000000,,2026-05-13 18:36:10.0000000,,24406148,2026-11-09 05:00:00.0000000,Direct metering of 400SW Cooling Tower water make-up to avoid sewer discharge costs.  On average 400SW uses 8.5 millions gallons a year for the cooling towers which results in over $300k in sewer charges.  This water sent to the cooling towers is evaporated and not sent the sewer.,7. Processed,04d25798-3a42-ee11-bdf5-000d3a8fd327,c85382f3-fe11-4a71-b61d-acfa29d8f3fb
3e3e0392-fb4e-f111-bec7-000d3a8cdfc7,"Baseline: 4 FTE MSci Floor Support Specialists​

Impact: 0.09 FTE ​

Impact rationale: 30% reduction of time in on-call
support, approximately ~ 150 hours created per year
for other high priority work​

Required investment: OPEX, opportunity to use in
house resources to implement plan","In FY25, the Upstream Floor Support team responded to 148 floor calls and supported 102 deviations related to OOR events, representing 479 hours of support demand.​",,"Upstream team demonstrates improved bioreactor OOR triage and response capability, supported by standardized troubleshooting tools and training.​",Pending,"Pareto analyses identified primary drivers across upstream and downstream operations. Upstream requests are predominantly tied to out-of-range events requiring assessment, troubleshooting, and disposition support. Downstream requests largely result from step execution errors that cause slowdowns and require immediate troubleshooting. To address these recurring issues, the proposed strategy is to strengthen Manufacturing’s ability to resolve common events independently through targeted training, practical troubleshooting guidance/tools, and structured hands-on experience. Manufacturing would serve as the first line of defense, escalating to MSci only when needed.","Msci Floor Support receives a high volume of manufacturing-floor requests, consuming MSci capacity and reducing availability for critical lifecycle projects.",,185 Alewife Brook Parkway; 400 Shire Way,MBO TxN - MSci - Upstream MSci Capability Enablement,,Standard Project,,,MBO TxN - MSci - Upstream MSci Capability Enablement,Yong Wang,1062564,1,0,0,,,,2026-05-14 18:38:42.0000000,,2026-05-13 18:43:58.0000000,,24406140,2026-08-31 04:00:00.0000000,Based on Transformation TIP1 timelines.,7. Processed,04d25798-3a42-ee11-bdf5-000d3a8fd327,1ae4535a-c129-4f33-9f76-1ba698be262a
6b5cb284-fc4e-f111-bec7-7c1e527cdbd8,"Risks include: Change Resistance and Accountability & Ownership, and Sustainability. ​Not upskilling will leave employees untrained for Future MBO
needs.​","Employee capabilities primarily built around today’s roles and legacy processes, with limited visibility into future skill needs to execute our daily work​.",,"A future ready workforce who clearly understand the skills needed for the future, take ownership of their upskilling and reskilling, and actively build new capabilities and Continuous Improvement as part of everyday work​.",Pending,"This opportunity was discovered through GEMBA observations, interviews and round table discussions.","Strengthen our workforce by accelerating future critical skills development, strengthening digital and data fluency, and fostering an agile, innovative and learning culture that enables our long-term strategy​.",,Lexington Campus,MBO TxN - PCC - Continuous Improvement​ of skills and mindset,,Standard Project,,,MBO TxN - PCC - Continuous Improvement​ of skills and mindset,Jill Johnson,1062560,1,0,0,,,,2026-05-14 18:38:09.0000000,,2026-05-13 19:56:33.0000000,,24406130,2026-08-17 04:00:00.0000000,To align with the Transformation TIP1 deadline,7. Processed,04d25798-3a42-ee11-bdf5-000d3a8fd327,997237b5-7a2f-4491-8074-b7800e6a39cc
0e95bc66-ff4e-f111-bec6-000d3a1ce8d4,,"Psychological safety decreases when senior leaders (SLT-2+) are present, including decision making authority and follow up.​​ Gaps in listening, learning, and communication.​​ High respect and collaboration within teams, which deteriorates cross functionally and deeper into the organization.​​
​Decision making is slow with unclear ownership.​​",,Listen to learn: Use formal and informal channels to consistently gather feedback across altitudes in a streamlined way. Adoption of cultural pillar framework.​,Pending,"These opportunites were identified through observations, interviews and GEMBA walkthroughs.","Our culture is grounded in an enduring commitment to who we are — putting patients at the center, collaborating respectfully and leading with our
values. Move from a complex, risk‑averse environment to one where employees understand the “why.”​",,Lexington Campus,MBO TxN - PCC - Fabriq Maturity & Cultural Pillar Adoption,,Standard Project,,,MBO TxN - PCC - Fabriq Maturity & Cultural Pillar Adoption,Jill Johnson,1062559,1,0,0,,,,2026-05-14 18:37:44.0000000,,2026-05-13 19:56:25.0000000,,24406120,2026-08-17 04:00:00.0000000,"Strengthen engagement and retention that keeps critical talent connected, committed, and performing through change to ensure coordinated communications, adoption tracking, and reinforcement through leaders and key forums/channels.​ 

​",7. Processed,04d25798-3a42-ee11-bdf5-000d3a8fd327,997237b5-7a2f-4491-8074-b7800e6a39cc
746a1f08-004f-f111-bec7-7c1e527cdbd8,See charter,"Preventive maintenance support is currently constrained by the existing coverage model and team segmentation. As production volumes increase at 400SW, available maintenance windows continue to shrink, and the team is not yet trained to execute preventive maintenance during weekends and other off-hours.
When operational challenges arise, there are times when the appropriate level of resources and/or skill are not on-site—or available remotely—to support the manufacturing team in timely issue resolution.",bobby.taylor1@takeda.com,"Teams have the skills, coverage, and tools needed to enable 24/7 production and increased capacity, with resources flexed to the areas of highest risk and demand.
Future state: 24/7 support where cross-trained technicians capable of handling a wide range of PM & CM events. 
A cross-trained, multi-skill maintenance model—built around tiered technician capability rather than specialized functions—most preventive maintenance and defined off-hours maintenance tasks will be executed when process/asset windows are available (not just when specific SMEs are on shift). There will be reduced triage, improved response time, and strengthened equipment reliability and PM compliance.",Pending,MBO FY26 GSQ Transformation Diagnostic,Will better serve site operations. No shutdown required.,,200 Shire Way; 300 Shire Way; 400 Shire Way; Lexington Campus; North Reading Warehouse,MBO TxN - ENG - Site Engineering Upskilling,,Standard Project,,,MBO TxN - ENG - Site Engineering Upskilling,John Honey,1062571,1,0,0,,,,2026-05-14 18:37:21.0000000,,2026-05-13 19:23:04.0000000,,24406111,2027-04-01 04:00:00.0000000,Upskilling is required to meet MRP commitments,7. Processed,04d25798-3a42-ee11-bdf5-000d3a8fd327,b2a3c072-6583-48c5-870d-4ad99ddae01f
589dc644-004f-f111-bec7-7c1e5215f4b4,na,"Localize material management to reduce MFG Downstream time and waste tied to buffer/media search, staging, cleaning, scheduling, and overproduction, while improving FEFO compliance, visibility, and scrap accounting  
Difficulty finding the right intermediates for the process step factoring in volumes and FEFO.
Overproduction and limited review of intermediates size leading to wasted intermediates/overproduction. 
Highly complex single use assemblies, lack of closed processes, and one sized sampling assemblies leading to long set ups and sample aliquots.",,"Known locations for intermediates enabling FEFO via visual management and digitization – 2k hours
Right Sized intermediates aligned to production schedule – 1 OY material
Optimized SUTs across BRX, DS, and CO reducing material waste, sample aliquot time, and setup time.",Pending,transformation,"Known locations for intermediates enabling FEFO via visual management and digitization – 2k hours
Right Sized intermediates aligned to production schedule – 1 OY material
Optimized SUTs across BRX, DS, and CO reducing material waste, sample aliquot time, and setup time.",,400 Shire Way,MBO TxN - MFG - Process Intermediates Optimization,,Standard Project,,,MBO TxN - MFG - Process Intermediates Optimization,Adam Kulczyk,1062572,1,0,0,,,,2026-05-14 18:37:02.0000000,,2026-05-13 19:16:56.0000000,,24406101,2026-11-09 05:00:00.0000000,"Localize material management to reduce MFG Downstream time and waste tied to buffer/media search, staging, cleaning, scheduling, and overproduction, while improving FEFO compliance, visibility, and scrap accounting  
 Single-use set-ups are overly variable and unnecessarily complex, driven by unharmonized component designs, operator-dependent assembly practices, custom SKUs proliferation across functionally similar steps. This variability affects right-first-time execution, overall operational efficiency, drives deviation events and the associated investigation burden, and in some cases has contributed to irreversible batch loss. It also increases procurement complexity and material cost.",7. Processed,04d25798-3a42-ee11-bdf5-000d3a8fd327,2e206058-c2e1-46c0-b68c-28eeb02607e3
b20f529c-2b4f-f111-bec7-7c1e527cdbd8,The data that supports membrane lifecycle extensions are contained in applicable small scale study reports.  Supporting study for UFDF1 is DMD-206271. Supporting study for UFDF2 is DMD-212570.  No additional small-scale studies anticipated.,"UFDF1 process runs two cycles per DS lot
UFDF1 membranes are validated for 6 cycles (3 DS lots)
UFDF2 process runs one cycle per DS lot
UFDF2 membranes are validated for 2 cycles (2 DS lots)",,"Increase the UFDF1 membranes validated limit to 8 cycles (4 DS lots)
Increase the UFDF2 membranes validated limit to 4 cycles (4 DS lots)",Pending,This opportunity was discovered through the site's Transformation initiative for FY26.,The current state of the Takhzyro process UFDF membrane lifetime requires more frequent change outs of membranes per year.  This results in additional FTE hour waste to perform the change outs as well as additional cost of the materials (membranes).,,400 Shire Way,MBO TxN - MSci - Takhzyro UFDF Membrane Lifetime Extension,,Standard Project,,,MBO TxN - MSci - Takhzyro UFDF Membrane Lifetime Extension,Yong Wang,1062562,1,0,0,,,,2026-05-14 18:36:39.0000000,,2026-05-14 00:27:44.0000000,,24406092,2026-05-31 04:00:00.0000000,"Part of the FY26 MO Transformation initiative.  This initiative aims to extend UFDF membrane lifecycles to reduce replacement frequency and improve process efficiency. Currently, UFDF1 membranes are replaced after every 6 cycles and UFDF2 membranes after every 2 cycles. The future state is to extend UFDF1 from 6 to 8 cycles and UFDF2 from 2 to 4 cycles.",7. Processed,04d25798-3a42-ee11-bdf5-000d3a8fd327,1ae4535a-c129-4f33-9f76-1ba698be262a
e95a352c-a44f-f111-bec7-7c1e5215f4b4,"Core team: Msci DS, Msci Upstream, DD&T, QA Operations, MFG","Reporting and protocol drafting are frequently rebuilt from prior documents, leading to inconsistent templates, duplicated effort, and avoidable time spent on formatting and repetitive writing. Review cycles are often extended due to variability in structure, missing required sections, and inconsistent use of approved language. This inefficiency is estimated to cost the site approximately 156 hours per year",,"Standard templates become the default for recurring reports, and an AI-assisted protocol tool generates first drafts aligned to required structure and approved language. Teams focus on scientific/technical tailoring rather than document mechanics, improving completeness and consistency and reducing review iteration and turnaround time.",Pending,Through Transformation diagnostics,"A non-routine protocol that is not templated can result in errors made by operator for the following : sampling point, sample amount, sample handoff, sample container and the flow of materials. The protocol can also be delayed in the review and approval timeline.",,400 Shire Way; 205 Alewife Brook Parkway,MBO TxN - MSci - Template/AI Supported Protocol Generation,,Standard Project,,,MBO TxN - MSci - Template/AI Supported Protocol Generation,Yong Wang,1062565,1,0,0,,,,2026-05-14 18:36:05.0000000,,2026-05-14 14:55:39.0000000,,24406083,2026-09-30 04:00:00.0000000,"Protocol generation is one of more frequent activities that is authored by MS team for a particular upstream / downstream unit operation, and reviewed/approved by QA, MFG support, QC personnel. A need for a pre-filled template that is already endorsed by reviewers can accelerate the process in approval in the future, and also simplify the workflow of drafting this document. This is especially important to not miss important details on the sample point, sample amount, sample handoff, sample container and the flow of materials.",7. Processed,04d25798-3a42-ee11-bdf5-000d3a8fd327,1ae4535a-c129-4f33-9f76-1ba698be262a
b4447bc1-fd4e-f111-bec7-7c1e5215f4b4,13May25 - Josh reached out to cancel this project idea in ClearPath,"Psychological safety decreases when senior leaders (SLT-2+) are present, including decision making authority and follow up.​​ Gaps in listening, learning, and communication.​​ ​High respect and collaboration within teams, which deteriorates cross functionally and deeper into the organization.​​",,"Listen to learn: Use formal and informal channels to consistently gather feedback across altitudes in a streamlined way. Adoption of cultural pillar framework.​ Communicate clearly: Share changes transparently and promptly and equip leaders to explain decisions to their teams effectively.​ Define and embed target leader/employee behaviors (e.g., speed of decision‑making, escalation discipline, accountability, and ownership).​

​",Cancelled,"This was identified through GEMBA walkthroughs, observations, and interviews.","Strengthen engagement and retention that keeps critical talent connected, committed, and performing through change to ensure coordinated communications, adoption tracking, and reinforcement through leaders and key forums/channels.​

​",,Lexington Campus,Cultural Pillars - Embed through People Leaders and integrate in ways of working,,,,,Cultural Pillars - Embed through People Leaders and integrate in ways of working,Jill Johnson,,1,0,0,,,,,,2026-05-13 19:34:35.0000000,,24402024,2026-08-17 04:00:00.0000000,"Our culture is grounded in an enduring commitment to who we are — putting patients at the center, collaborating respectfully and leading with our values. Move from a complex, risk‑averse environment to one where employees understand the “why.”",2. Prioritization,04d25798-3a42-ee11-bdf5-000d3a8fd327,997237b5-7a2f-4491-8074-b7800e6a39cc
ac8eeccc-f001-f111-8406-0022481cae89,,Takeda’s Small Molecule and Oncology Operating Unit (SM&O OpU) currently does not have internal manufacturing capabilities for Oral Solid Dosage (OSD) forms and their associated final packaging within the United States (US) for either commercial or clinical use.,john.honey@takeda.com; Maria.Concha-Hein@takeda.com,"Repurposing the idle Cell Therapy expansion building at the Massachusetts Biologics Operations (MBO) Lexington, MA Campus, originally intended for TAK-007 Cell Therapy Biologic manufacturing, offers a strategic opportunity to quickly fulfill this need by using an existing facility and maximize the utility of this existing asset.",Pending,The US market generates significant revenue and is expected to contribute significantly through the rich late stage pipeline of SM&O products in the future.,"This situation is having the following business impacts: 
•	Reliance on overseas supply chains and contract manufacturing organizations (CMOs) within the US exposes the company to geopolitical, regulatory, and supply chain risks, including trade restrictions, tariffs, export bans, and shifting domestic policy favoring US production.
•	The absence of internal US manufacturing limits Takeda’s ability to capitalize on federal and state incentives, such as subsidies and tax breaks, while also weakening its competitive position against rivals with domestic facilities aligned with “Buy American” preferences.
•	Lack of US based clinical production capabilities hinder Takeda’s ability to support domestic trials and rapid patient access.",,400 Shire Way,LOTUS Project - Lexington OSD Takeda US,New Product Introduction,Standard Project,,,LOTUS Project - Lexington OSD Takeda US,Natalie Friel,,1,0,0,,,,2026-02-09 15:43:40.0000000,,2026-02-04 17:42:08.0000000,,24400451,2027-01-31 05:00:00.0000000,The initial US approval is expected in Q4 FY 2026 for first product,7. Processed,04d25798-3a42-ee11-bdf5-000d3a8fd327,b5b1654c-02fc-4a2f-85d0-0f912c9ad724
07291f66-9224-f111-8341-6045bdd8cc50,"Estimated price for the upgrades is $1,850 each, based on a quote provided on 05Mar26. Service scheduling for the upgrades begins in June 2026 and will take approximately 3 hours per unit, with Sartorius field engineers coming on site to perform. A phased or “bucket” approach will likely be needed to ensure unit availability across the facility for standard production as upgrades take place and applicable Validation work is performed. 

The upgrade will support performance improvements, bug fixes, and other enhancements. Examples include a more responsive screen, improved readability (e.g., no labels cut off in Bubble Point graphs), and logins not being blocked during scheduled audit trail exports. The vendor change notice suggests performing an internal risk assessment prior to the upgrade; however, the vendor does not recommend re-performance of the operational qualification (OQ).

MM 28-Apr-26
Reliability Engineering Assessment (2025) 

Risk Priority Number = 60 which falls in recommended range (RPN 45 - 125) investment year within 1-2 years from assessment date. These FITs have averaged 6 vendor repairs a year, with a peak number of repairs in 2022 at 12. Calendar 2025 had already experienced 5 vendor repairs through 09MAY2025. Across all sites, Takeda owns 23 non-Master FIT units. A total of 15 units would need to be out of service at one time in order to impact production. To date, the peak number of repairs needed in a year is 12, and of these repairs, the most Takeda has offsite at any given time was 6. In addition, turnaround time from vendors are ~9 months which may exacerbate the impact to operations in the event of successive failures.",Sartorius Sartocheck 5 Plus units (filter integrity testers) located at both Lexington and Alewife sites are running on software version 2.1.1.,,Perform major software upgrade to all Sartorius Sartocheck 5 units to version 3.1.1 to ensure they are still supported by the vendor after 31DEC26.,Pending,"End of service notification from the vendor Sartorius, provided on 16JAN26 and SNC Trackwise PR 5772143. Units are model number 26787---FT---P and are in scope of the notification.","High impact to operations. Systems generally cannot be serviced in house and require offsite maintenance by the vendor. If systems are not upgraded, they will unable to be serviced by the vendor and can lead to lack of redundancy of units to support operations.",,400 Shire Way; 205 Alewife Brook Parkway,MBO - AIMP - Sartorius Sartocheck Software Upgrade,,Standard Project,,,MBO - AIMP - Sartorius Sartocheck Software Upgrade,Minhazuddin Mohammed,1062449,1,0,0,,,,2026-05-07 18:26:13.0000000,,2026-03-20 19:24:45.0000000,,24336543,2026-12-31 05:00:00.0000000,31Dec26 is the date that Sartorius will discontinue support of Sartocheck 5 Plus units running on versions equal to or below version 2.3.1.,7. Processed,04d25798-3a42-ee11-bdf5-000d3a8fd327,4ae827d4-e8a4-4835-9246-e30fe73e82f6
03224b6e-833d-f111-88b4-000d3a8b46c5,Project will be a small change order to existing projct - Susan Gilmore will route change management scope for existing scope vs decommissioning the asset.,"The lab has purchased and qualified a new Antaris II FT-NIR instrument with Windows 11 for GMP use, replacing the existing Antaris II FT-NIR instrument which is on Windows 7. The new GMP instrument has stricter security settings, making it slower and less efficient for tasks such as developing/creating NIR libraries. Library creation and development typically takes months of collecting spectra and processing data. Relying on one instrument for developing and GMP testing presents a bottleneck in testing efficiency.",,"The existing instrument will undergo a hardware upgrade by the vendor and its associated computer will be replaced with a Windows 11 computer from Takeda IT. The vendor will then perform a vendor qualification (IOQ) on the instrument and it will be tagged in the Raw Materials Lab to be used only for development work. The new Antaris II FT-NIR system will be used only for GMP testing.
This will:
•	Improve speed and efficiency of development activities
•	Keep the GMP system fully available for testing
•	Reduce overall time and cost
This is a low-cost, simple project (less than $14,000) with a short schedule:
•	Vendor performs upgrade and IOQ 
•	QC IT confirms configuration and network setup
•	QC Raw Materials updates SOP to a TOOL document",Cancelled,"This opportunity was identified during implementation of the new GMP instrument. It was observed that the new system’s security settings slow down development activities and that using one system for both GMP and development would reduce efficiency. 
The team also identified that upgrading the existing instrument would allow it to be repurposed for development work.","•	Development activities will take longer due to system limitations
•	The GMP instrument will have reduced availability
•	GMP testing may be delayed due to shared use
•	Overall lab efficiency will decrease",,300 Shire Way,300SW - QUAL - Repurpose Antaris II (AZR-132017) for development use,,,,,300SW - QUAL - Repurpose Antaris II (AZR-132017) for development use,Kurt Workman,,1,0,4,,,,,,2026-04-22 16:32:50.0000000,,24335517,2027-03-31 04:00:00.0000000,"This project must be completed by the provided date to allow the vendor to perform the window’s upgrade and IOQ so the existing instrument can be maintained for development use. Keeping this instrument will support development activities without impacting the new GMP system. Without this upgrade, development work would need to move to the GMP instrument, which would delay development activities due to stricter security settings and reduce efficiency by requiring method development and normal operations activities to share the same instrument.",2. Prioritization,04d25798-3a42-ee11-bdf5-000d3a8fd327,88096d3e-5281-4f84-b466-b146dba50a5f
a4e66bb7-0e02-f111-8407-6045bda6c590,,DO probes M800,gemma.mccarthy@takeda.com,Optical DO probes,Pending,Design Sprint FoF,TBD - ideally a swap out,,400 Shire Way,1053549 - FY26 - 400SW - FOF - Takhzyro: Optical DO Probe,Factory of the Future,Standard Project,,,1053549 - FY26 - 400SW - FOF - Takhzyro: Optical DO Probe,Nathan Spillane,,1,0,0,,,,2026-02-09 16:19:39.0000000,,,,24153167,2027-03-31 04:00:00.0000000,Supports capacity improvements at the bottleneck step of the 2k 9 hour cycle time reduction,7. Processed,04d25798-3a42-ee11-bdf5-000d3a8fd327,95f71023-bb3c-4d7b-bc0d-b9871c3cd68b
76412135-1dfd-f011-8406-7c1e5247a2b3,This project is required in order for us to meet the Global Sustainability goal of Net Zero carbon emissions by 2035.,"MABioOPs still have approximately 1,350 mT CO2 of Scope 1 emissions to remove after the completion of the projects currently in plan.  The majority of these Scope 1 emissions are from the Natural Gas fired steam boilers in 400SW.",,Electric generated plant steam capacity which will remove the remainder of the Scope 1 emissions at MBO.,Pending,This project is required to hit our Net Zero goals by 2035,The plant steam boilers in 400SW will need to be replaced with electric boilers (either electric resistance boilers or heat pump steam generators).  This will be done in a phased approach so as to minimize impact to operations.,,400 Shire Way; North Reading Warehouse,SPOT ID: 1061579 - MBO - EHS - Net Zero Program-Project 4,,Standard Project,,,SPOT ID: 1061579 - MBO - EHS - Net Zero Program-Project 4,Chad Gerald,,1,0,0,2026-02-03 05:00:00.0000000,2026-02-13 05:00:00.0000000,2026-01-31 05:00:00.0000000,2026-02-23 18:50:57.0000000,2026-02-20 05:00:00.0000000,2026-01-29 14:20:24.0000000,,23958587,2035-03-31 04:00:00.0000000,"This project will replace the existing 400SW steam boilers with an electric or heat pump version to remove the remainder of the Scope 1 emissions in support of the Net Zero goal for Takeda.  Additionally, we will review options to consider removal of the approximately 150 mT CO2 annual emissions of 200RPD.",7. Processed,04d25798-3a42-ee11-bdf5-000d3a8fd327,c85382f3-fe11-4a71-b61d-acfa29d8f3fb
0769b519-0a02-f111-8406-6045bdd8cc50,"Risk: bag update timelines and if its tied to other changes, bag inventory supply management",2 samples per day using offline instrument. 1-2 deviations per run for VCD outside of NOR or PAR. Variable yield across harvest pools and batches.,gemma.mccarthy@takeda.com,Validated at-scale model used to reduce offline sampling to once daily and improve cell bleed control to maintain viable cell density closer to setpoint,Pending,FoF July2024 Design Sprint,"Improve process variability, bag update required, no shutdown needed",,400 Shire Way,(1052612) 400SW - FOF - Increase Target cell density through capacitance probes for Replagal,Factory of the Future,Standard Project,,,(1052612) 400SW - FOF - Increase Target cell density through capacitance probes for Replagal,Gisela Chiang,,1,0,0,2026-02-09 05:00:00.0000000,2026-02-09 05:00:00.0000000,2026-02-09 05:00:00.0000000,2026-02-09 16:30:47.0000000,2026-02-09 05:00:00.0000000,2026-02-09 16:29:05.0000000,,23958579,2028-12-01 05:00:00.0000000,"Biocapacitance technology enables real-time monitoring of viable cell density (VCD) in bioreactors, reduces sampling needs, and enables stable control of VCD, enhancing the overall process consistency. 10% titer increase, Sample reduction: 50% sample reduction (after at scale model is built (50% reduction is from 2/day samples to 1/day sample). Earlier contamination detection (1-2 days prior to current state). Deviation reduction: Saving in time/resources",7. Processed,04d25798-3a42-ee11-bdf5-000d3a8fd327,5f70a104-c533-48ff-bb01-3069023e18c9
653011a3-a998-f011-b4cb-7c1e527d2157,"This change will provide the HVAC system, serving the Cell Bank areas, to have the ability to maintain the required DP between ISO classified spaces with minimal HVAC and Facilities intervention.  This change will also help reduce any delay time (I.E for cleanings) to the Cell Bank operations.

The change to the HVAC operations does not alter or add a quality requirement to the spaces and does not alter how the design for the system satisfies the system requirements. All associated ISO classification and DP shall remain the same.",The existing Cell Bank HVAC system requires manual return air volume adjustments to maintain desired room DP. This approach has proven inefficient and prone to drift from target pressures.,stephen.morgan@takeda.com,"Change the existing Cell Bank Dp control system to from a static CFM system to a dynamic static pressure control.  A Dynamic DP Control System, which is already in use at Takeda’s Cell Therapy site, is proposed to be implemented at the Cell Bank area to enhance automation, stability, and overall performance.",Pending,A consistent need for manual HVAC / facility and engineering intervention support has been required to maintain ISO classified Cell Bank operations.,"The inability to maintain the required DP between ISO classified rooms has caused an excessive amount of HVAC and Facility personnel time as well as delaying Cell Bank operations.
Trending alarm data for these rooms during Q2 alone was more than 5000 Minor equipment alarms and approximately 600 Major Equipment alarms.",,200 Shire Way,[FY25] - 200SW - AUTO - Cell Bank Environmental Pressure Cascade Dynamic Control,Automation,Simple Project,,,[FY25] - 200SW - AUTO - Cell Bank Environmental Pressure Cascade Dynamic Control,JD Fier,,1,0,0,2025-10-20 04:00:00.0000000,2025-11-20 05:00:00.0000000,2025-10-10 04:00:00.0000000,2026-02-24 16:59:31.0000000,2026-01-20 05:00:00.0000000,2025-10-03 04:00:00.0000000,,23958572,2025-09-30 04:00:00.0000000,An unoccupied space is required to perform a preliminary engineering feasibility study. The current availability of the 200SW Cell Bank space is November possibly early December (During a campaign Break).,7. Processed,04d25798-3a42-ee11-bdf5-000d3a8fd327,c85382f3-fe11-4a71-b61d-acfa29d8f3fb
e1e7a199-c518-f111-8341-7c1e52146c0e,"Goals & Objectives 
•	Standardize execution: Implement a single, risk-based leak response pathway for sterile core and adjacent areas with clear decision points for escalation and NCMR initiation.
•	Improve documentation quality: Achieve complete, consistent capture of critical event data needed for “where/why” understanding and investigation readiness.
•	Enable learning and prevention: Establish reliable trending and closed-loop learning so that prioritized leak drivers translate into effective CAPAs.
•	Speed + quality of handoff: Reduce delays and rework in transferring leak events into investigations and CAPA workflows (deviation/contamination investigations as applicable).","Leak response, particularly for higher-risk leaks on or near the sterile core, is not consistently executed using a risk-based, learning-driven approach. Escalation and NCMR triggering vary, event documentation is often incomplete/inconsistent, and critical “where/why” data are not reliably captured.",,"Establish a consistent, risk-based leak response that reliably captures the right data, drives appropriate escalation/NCMR use, enables meaningful trending, and converts leak events into timely, effective RCA/ CAPAs—reducing recurrence risk and strengthening sterile assurance decision-making.",Pending,There have been numerous instances of leak response forms not being fully completed or completed accurately.,"As a result, leak trending and investigations are weakened, and the organization stabilizes operations but does not consistently convert leak events into timely insights and effective CAPAs that prevent recurrence.",,400 Shire Way; 205 Alewife Brook Parkway,[OPEX] - 400SW - AGILE - Leak Response Workstream,AGILE-Operational Excellence,Simple Project,,,[OPEX] - 400SW - AGILE - Leak Response Workstream,Adam Kulczyk,,1,0,0,2026-03-05 05:00:00.0000000,2026-03-05 05:00:00.0000000,2026-03-05 05:00:00.0000000,2026-03-05 20:58:30.0000000,2026-03-05 05:00:00.0000000,2026-03-05 19:01:15.0000000,,23958566,2026-04-30 04:00:00.0000000,"The Leak Repsonse Workstream is a part of the Contamination-Free Sprint #2, which has a Febraury-April 2026 timeline.",7. Processed,04d25798-3a42-ee11-bdf5-000d3a8fd327,2e206058-c2e1-46c0-b68c-28eeb02607e3
98c49b2e-bc3d-f111-88b4-7c1e5215f4b4,N/A,Opportunity to implement new CAR 3.0 small investment change,,"SPOT: project entry of 0.5OY covering all small CAPEX investments (0.05 OY/~35kUSD) of the Fiscal Year for MRP / MYC planning * large (= tier 1) sites can plan multiple projects based on departments / functions (e.g. Quality, Production, Warehouse, etc.)
Manage small CAPEX funding for FY26

CAR: one lump-sum project approved through workflow by Site Head (no individual project CARs needed)
IO: one IO created by TBS for all small CAPEX orders of the Fiscal Year (PO > 0.05 should be not placed on this IO number!)
Reporting and Governance in responsibility of the Site. ARIBA can help to track orders and approvals of small CAPEX items",Pending,Opportunity to implement new CAR 3.0 small investment change,Without this funding Small CAPEX workflow would not be supported.,,200 Shire Way; 300 Shire Way; Belmont Warehouse; 400 Shire Way; 500 Shire Way; North Reading Warehouse,MBO - AIMP - FY26 - MA BioOps Facility Small Capex Investments,,Simple Project,,,MBO - AIMP - FY26 - MA BioOps Facility Small Capex Investments,Michael Gray,1062264,1,0,0,,,2026-04-22 15:08:31.0000000,2026-04-22 15:09:54.0000000,,,,23958148,2026-04-30 04:00:00.0000000,"Part of CAR 3.0 Process Improvement Release.  New Pre-Fund Type CAR to support Pre-Fund CARs in MA BioOps Site. 

SPOT: one project entry up to 1 OY covering all small CAPEX investments (0.05 OY/~35k EUR) of the Fiscal Year for MRP / MYC planning large (= tier 1) sites can plan multiple projects based on departments / functions (e.g. Quality, Production, Warehouse, etc.)",7. Processed,04d25798-3a42-ee11-bdf5-000d3a8fd327,6d1dd0f3-baad-4e85-ad77-4338a4bf75a1
f67bf6f6-45a5-f011-bbd3-7c1e527cd923,,The lease of validated box truck 292848 expires on 31JUL26 and will need to be decommissioned before turning truck into Penske,,validated leased truck fleet will be reduced from 4 to 3 as a value savings.,Pending,Lease agreement expires 31JUL26,No impact to operations,,North Reading Warehouse,[OPEX] [FY26] - 200RPD - AIMP - Decommissioning of Validated Truck,,Standard Project,,,[OPEX] [FY26] - 200RPD - AIMP - Decommissioning of Validated Truck,Terence Jackson,1059735,1,0,0,,,2025-10-05 04:00:00.0000000,2026-04-22 13:51:23.0000000,,2025-10-09 19:27:32.0000000,,23957770,2026-07-31 04:00:00.0000000,The lease of validated box truck 292848 expires on 31JUL26 and will need to be decommissioned before turning truck into Penske,7. Processed,04d25798-3a42-ee11-bdf5-000d3a8fd327,47dfdf99-13e2-441c-8c63-abbc31aa7da0
94978808-e43c-f111-88b4-000d3a8b49d9,None,The TAK-921 Program was recently approved requiring equipment investment,,Ready for engineering run in April 2027,Pending,Reviewed by process engineering facility fit analysis,None,,400 Shire Way,400SW - NPI - TAK-921 CAPEX Equipment,,Standard Project,,,400SW - NPI - TAK-921 CAPEX Equipment,Natalie Friel,1062258,1,0,0,,,,2026-04-22 12:54:00.0000000,,,,23957633,2027-04-30 04:00:00.0000000,Approved TAK-921 Program,7. Processed,04d25798-3a42-ee11-bdf5-000d3a8fd327,b5b1654c-02fc-4a2f-85d0-0f912c9ad724
3649dae7-5abb-f011-bbd3-7c1e527cd923,"19Mar26 - Submitted for SG1 based on coversation and email from Rana Awwad
09Feb26 - Will be reviewed during MRP/MYC cycle","QC Cell Bank uses a Chemometec NucleoCounter NC-200 to support testing of cell banks manufactured at 200SW for CHO platform clinical programs. This instrument is operationally similar to the instrument used in the cell bank manufacturing process, the Chemometec NC-202.",thomas.ferris@takeda.com,Nova Flex 2 Commissioned and Qualified for QC Cell Bank. Instrumentation will be aligned between cell bank manufacturing and cell bank QC testing.,Pending,"Cell Bank Manufacturing has made the business decision to acquire and qualify a Nova Flex 2 Cell Counter to support future manufacturing operations following two events linked to the NC-202:

PR 4981405
PR 5003827","Aligning with cell bank manufacturing instrumentation will negate additional studies and cost required to bridge the current state instrument in QC to the future state instrument in cell bank manufacturing. Additionally, future deviation events related to the NC-200 may be avoided.",,200 Shire Way; 300 Shire Way,200SW - QUAL - Nova Flex 2 Cell Counter,,Standard Project,,,200SW - QUAL - Nova Flex 2 Cell Counter,Thomas Ferris,1062257,1,0,0,,,2025-12-10 05:00:00.0000000,2026-04-21 18:39:59.0000000,,2025-12-02 23:42:18.0000000,,23949681,2027-03-31 04:00:00.0000000,"QC timeline based on CB MFG need by date to support future operations. See ""[FY26] - 200SW - INNOV - Nova Flex 2 Cell Counter""",7. Processed,04d25798-3a42-ee11-bdf5-000d3a8fd327,8277f615-6266-4dd3-aa98-c56f16a0d93f
122027a3-0839-f111-88b4-70a8a53eb3d2,"This Line-Item Capital Purchase will involve the procurement of 3 units of Ionpure LXHI-30 Modules ($19,642.00 EA) as well as 1 unit of Ionpure LXHI-18 Module ($14,772 EA). The total cost will be $73,698.00. These new CDIs will allow for 400SW RO Train #1 (A/N 125544) and 300SW RO Train #2 (A/N 104252) to remain (reliabily) operational, and the new CDI assets are expected to last at least 8 years (dependent on proper maintenance and refurbishment).","As of 15APR26, 400-CDI-7100-71, 400-CDI-7100-72, and 400-CDI-7100-72 (400-X-7100, Purified Water Pre-Treatment Generation Train 1), as well as 400-CDI-01 (400-RO-01, Reverse Osmosis Skid #2, 300-X-7160), are all displaying high intake and low output pressure. This is indicative of a restricted flow condition that is negatively impacting CDI and therfore RO train performance.",,"The desired new state is the replacement of 400-CDI-7100-71, 400-CDI-7100-72, and 400-CDI-7100-72 (400-X-7100, Purified Water Pre-Treatment Generation Train 1), as well as 400-CDI-01 (400-RO-01, Reverse Osmosis Skid #2, 300-X-7160) with new CDI units. This will allow for reliable RO operation and therefore PW production.",Pending,The problem was discovered by Facilities/Maintenance via intermittent system alarms for CDI high pressure.,"This high intake pressure, low output pressure condition set is indicative of retrsicted flow through the CDIs. This restricted flow is currently impacting purified water stream throughput. This flow restriction is expected to worsen with time, and will eventually prevent the resptive RO trains from operating. If 400SW RO Train #1 or 300SW RO Train #2 are shutdown, 400SW and 300SW will be fully reliant on each of their 1 remaining RO trains to produce purified water. Further CDI failures without available replacements could jeopordize PW production and manufacturing operations.",,300 Shire Way; 400 Shire Way,400SW - AIMP - RO Train CDIs Replacement,,Simple Project,,,400SW - AIMP - RO Train CDIs Replacement,Timothy Allen,1062215,1,0,0,,,,2026-04-17 14:23:19.0000000,,2026-04-15 20:21:38.0000000,,23895458,2026-05-01 04:00:00.0000000,"These CDIs are needed for the replacement of the CDIs in service on 400SW RO Train #1 and 300SW RO Train#2 as soon as possible. These inline CDIs are showing high intake/upstream pressure indicative of restricted flow, which is negatively impacting throughput from the purified water stream. The continued effective operation of these RO trains is at risk if their CDIs are not soon replaced by the requested new units.",7. Processed,04d25798-3a42-ee11-bdf5-000d3a8fd327,ebe611a5-22b6-4c91-a9a7-14127ae93f13
5ea428df-a439-f111-88b4-0022481fc755,,"The site maintains a fleet of chambers. In order to minimize risk of aging equipment, routine replacement is recommended.",dominique.ohalloran1@takeda.com,Replace equipment to support the overall health of the chamber fleet and introduce predictive monitoring capabilities through the APMS system,Pending,Routine investment,"Chambers are use across the site for manufacturing, supply chain and QC operations.",,300 Shire Way,[FY26] 300SW - AIMP - Environmental Chamber Replacement,,Standard Project,,,[FY26] 300SW - AIMP - Environmental Chamber Replacement,Michael Allen,1061498,1,0,0,,,,2026-04-16 15:55:50.0000000,,2026-04-16 14:59:58.0000000,,23884072,2027-03-31 04:00:00.0000000,Continuous improvement,7. Processed,04d25798-3a42-ee11-bdf5-000d3a8fd327,df5ec455-709c-4745-9a0e-83ee131763b6
564de39d-db9e-f011-b41b-7c1e527d2157,,"The site maintains a fleet of chambers. In order to minimize risk of aging equipment, routine replacement is recommended.",,Replace equipment to support the overall health of the chamber fleet and introduce predictive monitoring capabilities through the APMS system,Pending,Routine investment,"Chambers are use across the site for manufacturing, supply chain and QC operations.",,North Reading Warehouse,[FY26] 200RPD - AIMP - Environmental Chamber Replacement,,Standard Project,,,[FY26] 200RPD - AIMP - Environmental Chamber Replacement,Michael Allen,1059646,1,0,0,,,2025-10-10 04:00:00.0000000,2026-04-06 14:56:36.0000000,,2025-10-02 04:00:00.0000000,,23884056,2027-03-31 04:00:00.0000000,Continuous improvement,7. Processed,04d25798-3a42-ee11-bdf5-000d3a8fd327,df5ec455-709c-4745-9a0e-83ee131763b6
84bc98c6-9f39-f111-88b4-7c1e5215f4b4,,Seeing increased failures and performance issues on the 31 Tube Sealers located on site. Routine Replacement is recommended.,edward.castronova@takeda.com,Replace equipment to eliminate failures caused by old equipment.,Pending,Escalated by Manufacturing and supported by Facilities.,"Tube Sealers are used in the Manufacturing process. While some redundancy exists, this equipment is required for forward processing.",,400 Shire Way,[FY26] - 400SW - AIMP - Tube Sealers Replacement Downstream,,Standard Project,,,[FY26] - 400SW - AIMP - Tube Sealers Replacement Downstream,Michael Allen,1062096,1,0,0,,,,2026-04-16 14:54:48.0000000,,2026-04-16 14:25:58.0000000,,23883516,2027-03-31 04:00:00.0000000,Continuous Improvement,7. Processed,04d25798-3a42-ee11-bdf5-000d3a8fd327,2e206058-c2e1-46c0-b68c-28eeb02607e3
762c2bc4-db9e-f011-b41b-7c1e52598de0,,Seeing increased failures and performance issues on the 31 Tube Sealers located on site. Routine Replacement is recommended.,,Replace equipment to eliminate failures caused by old equipment.,Pending,Escalated by Manufacturing and supported by Facilities.,"Tube Sealers are used in the Manufacturing process. While some redundancy exists, this equipment is required for forward processing.",,400 Shire Way,[FY26] - 400SW - AIMP - Tube Sealers Replacement Upstream,,Standard Project,,,[FY26] - 400SW - AIMP - Tube Sealers Replacement Upstream,Adam Kulczyk,1059732,1,0,0,,,2025-10-06 04:00:00.0000000,2026-03-10 15:26:45.0000000,,2025-10-02 04:00:00.0000000,,23883481,2027-03-31 04:00:00.0000000,Continuous Improvement,7. Processed,04d25798-3a42-ee11-bdf5-000d3a8fd327,2e206058-c2e1-46c0-b68c-28eeb02607e3
f57acc37-4801-f111-8406-7c1e52146c0e,"The project is not endorsed yet. It is expected to go to MSC, after which the project can be officially kicked off.",TAK-921 is currently not manufactured at MBO.,,TAK-921 is manufactured at MBO.,Pending,New business development deal for Takeda introduced this product to the company portfolio. There is a request to evaluate the potential for this product to be tech transferred to MBO.,Increased manufacturing demand and supply.,,400 Shire Way,400SW - NPI - TAK-921 Tech Transfer (Project Iron),New Product Introduction,Standard Project,,,400SW - NPI - TAK-921 Tech Transfer (Project Iron),Yong Wang,,1,0,0,,,,2026-02-04 14:48:14.0000000,,2026-02-03 21:41:54.0000000,,23878787,2027-11-30 05:00:00.0000000,"TAK-921 is a new product in the pipeline that is being evaluated for potential tech transfer to 400 Shire Way. If selected, we would need to tech transfer the product for potential manufacturing in FY27.",7. Processed,04d25798-3a42-ee11-bdf5-000d3a8fd327,1ae4535a-c129-4f33-9f76-1ba698be262a
0ac05512-3108-f111-8406-7c1e5247a2b3,"14APR26 - Reached out to Linda Donnelly, she mentioned we can cancel this project idea as there is no significant savings to be calculated at this point. 

I had this idea a few months ago and today 12FEB was the first team meeting to formally work to bring in the new EZ Dover bags so today I spoke with Thomas Johnson of my idea, which he liked and asked him to reach out to the vendor for viability of a cost reduction recycling program. More to come.",Current WD bags do not have plastic clips or handles so no recycling plan required.,,"A simple functioning clip and handle recycling process to reduce production of more clips and handles at the vendor and reduce unneccesary landfill waste and receive a cost reduction of the price of the bags we will be purchasing. Possibly reduction by recyled bag weight returned to vendor could be a  way to cost out reductions of WD WO bag purchasing. To reduced Takeda bag purchased cost, reduce Takeda waste to landfill and reduct more production at vendor of more clips and handles. Thomas Johnson is contacting the vendor on my behalf.",Cancelled,I thought of this recycle option of the clip and handles after seeing the WD new weigh out bag option and was I concerned at the amount of waste after each weigh bag was used and placed in the waste container. My goals was to reduce waste with a recycling cost-savings method thus help reduce landfill waste and decrease overall cost of bags.,The media and buffer team members would simply place clips and handles (with one snip using scissors) in recycle bin next to regular waste bin. The FAC cleaners would remove once full and bring to warehouse to ship out. Details would need to be worked out.,,400 Shire Way,Purchasing of new EZ Dover WD bags - possibly recycle clips and bag handles - waste and cost reduction effort,,,,,Purchasing of new EZ Dover WD bags - possibly recycle clips and bag handles - waste and cost reduction effort,Jason Picard,,1,0,0,,,,,,2026-03-03 17:16:46.0000000,,23874138,2026-08-11 04:00:00.0000000,New weigh and dispense EZ Dover bags are being considered . These new bags had a approximately 1 foot heavy thick plastic bag clip (1) and similar plastic bag handles (2). I contacted Thomas Johnson our buyer to ask the vendor is we could have a cost reduction initiative to recycle and return the clips and the handles and to possibly negotiate the vendor to reduce the overall bag cost because of this recycling program (possible by weight returned). This iniative would also reduce Takeda trash waste and trash weight. With the increase of BRX there will be a tremendous amount of WD bags going to landfills.,2. Prioritization,04d25798-3a42-ee11-bdf5-000d3a8fd327,0059634d-dfb9-42fb-bf35-d94a1ff6afa3
915dfad9-e5ca-f011-bbd3-002248271486,"Expected multple waves of implementation: ~$211,000 in CTL reduced spend and ~6800FTE hours in capacity gained","Some of the key contributors are:
Extended assay preparation times with embedded waste.
Multiple raw materials eligible for the reduced testing program.
Multiple activity assays completed that are not required for lot release.",,"Transformational improvement to capacity with identified and captured value creation through standardization of work, best practices, reduced waste, a utilized reduced testing program, and elmination of information-only assays.",Pending,"OPE analysis, process monitoring, capacity modeling, hypothesis tree development, leadership feedback, declared process times, system measurements (LIMS, SuccessFactors, etc), structured observations","Impact to QC performance including overall schedule adherence, productivity, contractor spend, and quality performance attributes",,200 Shire Way; 300 Shire Way; 185 Alewife Brook Parkway; 400 Shire Way; 205 Alewife Brook Parkway; North Reading Warehouse,"[OPEX] 300SW - AGILE - QC Booster - Workstream 4 (Testing Optimization, Reduced RM Testing, Reduced Activity Testing)",,Simple Project,,,"[OPEX] 300SW - AGILE - QC Booster - Workstream 4 (Testing Optimization, Reduced RM Testing, Reduced Activity Testing)",Maggie Seibel,1057917,1,0,0,,,,2026-04-07 13:39:49.0000000,,2025-12-03 18:46:36.0000000,,23831210,2027-03-31 04:00:00.0000000,"Current QC Lab Capacity is unable to support current & future demands. 
MBO QC need to be prepared to be the launch center of excellence, based on LoF and the Global QC Network Strategy",7. Processed,04d25798-3a42-ee11-bdf5-000d3a8fd327,daf1bf4e-9ac8-4e93-b50e-54b0dc21e997
75974fe6-8432-f111-88b4-7c1e52146908,,"QC Benchtop Equipment:
Maintenance is not optimized based on equipment performance, vendor service levels, or fleet size.

Material:
QC Spend on material is high. We have not engaged procurement for best prpicing on frequently used materials.",,Optimized equipment maintenance and material spend.,Pending,QC Boost Diagnostic,Optimized equipment maintenance and material spend.,,300 Shire Way,[OPEX] 300SW - AGILE - QC Booster - Workstream 5 (QC Equipment and Material),,Simple Project,,,[OPEX] 300SW - AGILE - QC Booster - Workstream 5 (QC Equipment and Material),Maggie Seibel,1057917,1,0,0,,,,2026-04-07 13:39:40.0000000,,2026-04-07 13:24:07.0000000,,23831204,2026-12-31 05:00:00.0000000,To support resource allocation for QC Boost Transformation Project.,7. Processed,04d25798-3a42-ee11-bdf5-000d3a8fd327,daf1bf4e-9ac8-4e93-b50e-54b0dc21e997
08fbfb71-a62e-f111-88b4-7c1e52146908,,Quality Control personnel spend 33% of their time performing a number of lab support processes and activities.,,The outcome of this TIP is to identify the waste within the top 3 lab support processes and create an implementation plan to eliminate that waste.,Pending,The QC Boost process evaluated opportunities and prioritized this based on the total time savings.,The time spent on lab support operations could be spent on other activities that are more critical to QC operations.,,300 Shire Way; North Reading Warehouse,[OPEX] 300SW - AGILE - QC Booster - Workstream 3 (Lab Support Process Efficiency),,Simple Project,,,[OPEX] 300SW - AGILE - QC Booster - Workstream 3 (Lab Support Process Efficiency),Maggie Seibel,1057917,1,0,0,,,,2026-04-03 15:30:59.0000000,,2026-04-02 15:13:35.0000000,,23786535,2026-09-29 04:00:00.0000000,This is the first TIP for the lab support process efficiency workstream of the QC Boost.,7. Processed,04d25798-3a42-ee11-bdf5-000d3a8fd327,daf1bf4e-9ac8-4e93-b50e-54b0dc21e997
628acecc-a02e-f111-88b4-7c1e52146c0e,N/A,Currently scheduling has no optimal batch sizing and is entirely manual.,,Tip 1 will result in identifification of data corrections required for a future digital solution and improvement from 64% batch optimization to 75% batch optimization.,Pending,The QC Boost process evaluated opportunities and prioritized this based on the total time savings.,"Batch optimziation will result in a savings of 4,950 hours of savings.",,300 Shire Way; North Reading Warehouse,[OPEX] 300SW - AGILE - QC Booster - Workstream 2 (Optimize Batching & Schedule Efficiency),,Simple Project,,,[OPEX] 300SW - AGILE - QC Booster - Workstream 2 (Optimize Batching & Schedule Efficiency),Maggie Seibel,1057917,1,0,0,,,,2026-04-03 15:30:53.0000000,,2026-04-02 14:33:08.0000000,,23786530,2026-09-29 04:00:00.0000000,This is the first tip for the scheduling related activities and is a pre-requisite to later ditial opportunities.  Additionally this tip puts in place optimal batch sizing which will result in immediate benefit ahead of any digital solution.,7. Processed,04d25798-3a42-ee11-bdf5-000d3a8fd327,daf1bf4e-9ac8-4e93-b50e-54b0dc21e997
2625111f-fb2d-f111-88b4-7c1e52146695,,QC spends Around 20 hrs/yr going to meetings. Lack of QC focussed tier governance and lack of leading KPIs to dirve performance. Lack of LSW and process confirmation.,,"Optimized meetings with governance and plans to sustain in place. Reducing NVA meetings 
Fabriq system uitilized with improved KPIs
LSW in place to support sustainment of improvements",Pending,Via AOS Booster approach.,"Opportunities to reduce/eliminate/combine meetings will create capacity value to QC teams.
Improved tiered governance will put additional focus on QC and better allignment of decisions and information flow.",,300 Shire Way,"[OPEX] 300SW - AGILE - QC Booster - Lever 1 (Meeting Optimization, LSW, Fabriq/Tiers)",AGILE-Operational Excellence,Simple Project,,,"[OPEX] 300SW - AGILE - QC Booster - Lever 1 (Meeting Optimization, LSW, Fabriq/Tiers)",Maggie Seibel,1057917,1,0,0,,,,2026-04-02 16:55:13.0000000,,2026-04-01 18:47:19.0000000,,23773488,2026-07-27 04:00:00.0000000,QC Booster identified opportunities for meeting optimzation and improved tiered goervance to enable value creation in QC.,7. Processed,04d25798-3a42-ee11-bdf5-000d3a8fd327,daf1bf4e-9ac8-4e93-b50e-54b0dc21e997
aad5052a-bd26-f111-8341-6045bdd8cc50,The proposed solution stayed in future state section above has been agreed with the sponsor and EHS rep Eric Borecky.,Fall hazard risk when maintenance personnel or service contractor needs to access the HEPA filter.,,"Provide removable railing extension kits to be used on existing platforms in Room 1246 to elevate the railing height for fall protection when accessing HEPA filter at 8181-08, 8181-12, 8181-014. 
Install a new safety anchor next to HEPA unit 8131-016 in Room 1511 for fall protection. Additionally, this work will also remediate a section of railing height on 3 existing bioreactor platforms in Room 1246 to meet OSHA railing 39"" minimum height requirement.",Pending,EHS observation Beacon#143197,HVAC maintenance personnel and HEPA certification contractors,,400 Shire Way,400SW - EHS - HEPA Filters Work At Height Improvement (LICP),,Simple Project,,,400SW - EHS - HEPA Filters Work At Height Improvement (LICP),Corey Barr,1061896,1,0,0,,,,2026-03-23 16:27:16.0000000,,2026-03-23 13:35:50.0000000,,23659877,2026-04-30 04:00:00.0000000,To meet the due date on EHS CAPA#664147,7. Processed,04d25798-3a42-ee11-bdf5-000d3a8fd327,4389255c-3a89-441a-b80a-2b349ba7fd37
09e022e4-9aa3-f011-bbd3-7c1e527cd923,This project will require racking with cage doors to secure UPB during transport.  It will also require the remapping/validation of the trucks.,"UPB is currently required to be transported in bins that take 5 hours and 29 minutes to condition and can only be utilized for 2 hours and 49 minutes.  Shippers can only transport a maximum of 5 UPB bags per shipper and only 7 shippers can fit in a truck, which limits transport to a maximum of 35 bags at one time.  There are no temperature loggers within the shippers so temperature during transport cannot be verified.",ryan.davis@takeda.com,UPB racks containing upwards of 20 bags are able to be rolled straight from the freezers into the truck once the truck has reached the validated -20C state.  The trucks are validated and monitor/record temperature from ballasted probes during transport.,Pending,"User Feedback: There is concern if there is a catastrophic event that required all UPB to moved quickly from one warehouse/JIT to the other, all of the bags would need to be moved via truck under a deviation to prevent loss of product.  In addition, the shippers are aging and will require replacement parts that may be difficult to procure.",Risk to product.  Overtime for warehouse group.  Limited capacity for UPB movement.,,Belmont Warehouse; 400 Shire Way; 205 Alewife Brook Parkway; North Reading Warehouse,[FY26] - WOF - UPB transport directly in trucks,,Standard Project,,,[FY26] - WOF - UPB transport directly in trucks,Terence Jackson,1059761,1,0,0,,,2025-10-08 04:00:00.0000000,2026-03-20 19:58:03.0000000,,2025-10-08 04:00:00.0000000,,23623087,2027-03-31 04:00:00.0000000,FY26 project,7. Processed,04d25798-3a42-ee11-bdf5-000d3a8fd327,47dfdf99-13e2-441c-8c63-abbc31aa7da0
b9aab387-7fab-f011-bbd3-7c1e527cd923,,There are Seven SX controllers that are showing at capacity limiting future change to the manufacturing equipment controlled in these processessors.  The Network Attached Storage (NAS) device is limited in its capacity.  This device holds the data for audit trail and alarm and event data of the Delta V system.,,The at capacity controllers will be upgraded to PK model controllers.  Increased storage capacity will be added to our NAS to allow for at least 13 years of alarm and event and audit trail data.,Pending,Review of the system functionality and controller loading,The current state limits future improvements to certain equipment and limits the amount of data we can store.,,400 Shire Way,[FY26] - 400SW - AUTO - Upgrade of Delta V controllers for the Network Attached Storage system for backup and Recovery,,Standard Project,,,[FY26] - 400SW - AUTO - Upgrade of Delta V controllers for the Network Attached Storage system for backup and Recovery,Lloyd Vallance,1059736,1,0,0,,,2025-10-20 04:00:00.0000000,2026-03-18 19:00:24.0000000,,2025-10-17 17:34:49.0000000,,23614202,2026-12-18 05:00:00.0000000,Seven SX controllers in our Delta V system are at capacity and need to be upgraded to larger capacity controllers to allow for continuous improvement changes to process controls as well as to future proof for upcoming projects,7. Processed,04d25798-3a42-ee11-bdf5-000d3a8fd327,7351aecd-5444-47e4-b9f9-80b777b42129
cbeac53a-85ab-f011-bbd3-002248276c98,,The current Thin Manager Infrastructure is at end of life and requires upgrade,,"Upgrade the infrastructure to the latest version of Thin Manager, refresh all hardware and add additional server to expand capacity.",Pending,Review of infrastructure,There is no current impact however as this equipment is old failure of devices is possible and cyber security vulnerabilities become more of a risk.,,400 Shire Way,[FY26] - 400SW - AUTO - Upgrade of the OT Thin Manager infrastructure,,Standard Project,,,[FY26] - 400SW - AUTO - Upgrade of the OT Thin Manager infrastructure,Lloyd Vallance,1059737,1,0,0,,,2025-10-20 04:00:00.0000000,2026-03-18 18:58:31.0000000,,2025-10-17 18:15:28.0000000,,23614196,2027-03-25 04:00:00.0000000,"The Thin manager is end of life and is in need of an upgrade.  This infrastructure is our window into the process control system Delta V, PI and our BMS systems",7. Processed,04d25798-3a42-ee11-bdf5-000d3a8fd327,7351aecd-5444-47e4-b9f9-80b777b42129
e41d4bfa-3aa5-f011-bbd2-7c1e527d2157,,IDF/MDF rooms HVAC units may not have adequate cooling capacity to maintain the temperature of the room.,,HVAC units in the IDF/MDF rooms will have the capacity to provide adequate cooling for current and future needs.,Pending,Gemba walk of IDF/MDF rooms,Facility robustness,,300 Shire Way; 400 Shire Way,[FY26] LEX - AUTO - IDF/MDF HVAC Capacity Refresh,,Standard Project,,,[FY26] LEX - AUTO - IDF/MDF HVAC Capacity Refresh,Mahesh Kulkarni,1059656,1,0,0,,,2025-10-10 04:00:00.0000000,2026-03-18 18:52:47.0000000,,2025-10-09 18:08:55.0000000,,23614174,2026-04-07 04:00:00.0000000,HVAC units for IDF/MDF rooms require upgrades to maintain adequate cooling balance,7. Processed,04d25798-3a42-ee11-bdf5-000d3a8fd327,c5b43226-8023-4165-8b39-e0a9dc464fec
87add845-3ba5-f011-bbd3-002248271486,N/A,Additional system information is gated behind the local controller and cannot be used for predictive capabilities.,,All information recorded by Walk-in cold storage units will be available to APMS by pushing the data to SAIL.,Pending,Observations from the first MBO APMS project referenced pulling additional information from cold storage controllers as an additional possibility for predictive capabilities.,There will be minimal equipment downtime to integrate PLCs required for the project. Temperatures can still be monitored locally.,,400 Shire Way,[FY26] - 400SW - AUTO - Walk-in Cold Storage Data Integration with SAIL,,Standard Project,,,[FY26] - 400SW - AUTO - Walk-in Cold Storage Data Integration with SAIL,Michael Allen,1059738,1,0,0,,,2025-10-10 04:00:00.0000000,2026-03-18 18:32:02.0000000,,2025-10-09 18:11:14.0000000,,23614097,2026-08-12 04:00:00.0000000,Data integration of all Walk-in Cold Storage units in building 400 enables predictive maintenance capabilities for the APMS program.,7. Processed,04d25798-3a42-ee11-bdf5-000d3a8fd327,df5ec455-709c-4745-9a0e-83ee131763b6
79707dff-7da3-f011-bbd3-002248271486,,"Currently the System has older components, software and is designed as one campus wide solution.",,"Create two systems, one supported by MABioOps team and one supported by GREF team.  Upgrade components and software where appropriate to ensure robust, reliable equipment that requires minimal support and is future ready.",Pending,Routine maintenance and changes on the campus with respect to facility maintenance and operation brought to light the design and age of some system components are not fit for the future purpose.,"Scheduling of upgrades and cutovers should have minimal impact to support operations.  This system controls Building systems not associated with GXP operations, these are supported by a different system.",,200 Shire Way; 300 Shire Way; 400 Shire Way; 125 Spring Street; 500 Shire Way,[FY26] - MBO - AUTO - Metasys capital improvements and architecture changes to allow divesting of Buildings to GREF,,Standard Project,,,[FY26] - MBO - AUTO - Metasys capital improvements and architecture changes to allow divesting of Buildings to GREF,Lloyd Vallance,1059740,1,0,0,,,2025-10-13 04:00:00.0000000,2026-03-10 15:31:34.0000000,,2025-10-08 04:00:00.0000000,,23338316,2026-04-05 04:00:00.0000000,"Capital improvements to upgrade the technology for robustness, long term support, and improve operability.  Create an architecture that allows for Building 300 SW to run independently under MABioOps leadership and Buidlings 125 Spring Street. 200 and 500 SW under GRREF leadership",7. Processed,04d25798-3a42-ee11-bdf5-000d3a8fd327,7351aecd-5444-47e4-b9f9-80b777b42129
2aea4248-6e03-f111-8406-000d3a538d48,"In this future, MBO expects to address the majority of execution related issues that arise from late risk visibility, reactive coordination, and inconsistent application of learning. While not all production variability can be eliminated, this initiative is expected to significantly reduce preventable disruptions by making risks, dependencies, and progress visible earlier and by enabling timely, data driven decisions.","At MassBioOps, post‑technology transfer (post‑TT) production run execution is not consistently delivered Right‑First‑Time (RFT). Since the major MadCAM technology transfer in 2018, the site has not completed a post‑TT production campaign without significant execution challenges, including rework, deviations, and schedule recovery activities, resulting in delayed Batch‑On‑Time Disposition (BOTD) and increased operational burden. This performance does not meet Takeda’s expectation to execute technology transfers within three months and achieve RFT post‑TT production execution.",,"The desired future state is a Scrum enabled execution model for Post TT production campaigns that improves transparency, risk management, and collaboration of cross-functional teams. This is expected to address a significant portion of execution related production issues by enabling earlier detection of known root causes, improving process efficiency, and consistently applying learning across production runs.",Pending,"Identified through gemba walks, participation in Post TT production execution forums, and cross functional lessons learned discussions. Observations showed recurring reactive issue management and lack of structured execution cadence during Post TT production, highlighting the opportunity for a Scrum based control framework.","Operationally, this results in reactive management of Post TT production campaigns, delayed risk visibility, inefficient coordination, and repeated issues across runs, increasing execution variability and operational burden.",,400 Shire Way,SPOT ID: 1061657 - 400SW - eAGILE - Production Control Model for Post-Tech Transfer Campaigns,,Functional Project,,,SPOT ID: 1061657 - 400SW - eAGILE - Production Control Model for Post-Tech Transfer Campaigns,Judd Taylor,1061657,1,0,0,,,,2026-02-27 15:46:11.0000000,,2026-02-06 15:15:26.0000000,,23129416,2026-08-05 04:00:00.0000000,"Post TT production is complex, high risk work that requires structured execution beyond ad hoc coordination. This project enables a Scrum based execution framework to improve transparency, risk management, and decision making during production campaigns. Delaying implementation increases the risk of production loss, deviations, and missed learning opportunities",7. Processed,04d25798-3a42-ee11-bdf5-000d3a8fd327,dbfcff44-3d3f-4a60-8d84-0d43d7364466
3f038e7c-21a5-f011-bbd3-7c1e527cd923,Technical SME - Corey Barr,G-423 CRM 6920-03 has pitting on the walls.,,Repair wallls,Pending,Facilities Supervisor Corey Barr,None although pitting would be an easy audit finding,,400 Shire Way,[FY26] - 400SW - AIMP - Cold Room Renewal,Asset Investment Management Program,Standard Project,,,[FY26] - 400SW - AIMP - Cold Room Renewal,Michael Allen,,1,0,0,,,2025-10-15 04:00:00.0000000,2026-02-24 17:00:15.0000000,,2025-10-09 15:09:52.0000000,,23115631,2027-03-31 04:00:00.0000000,Align with end of Fiscal Year,7. Processed,04d25798-3a42-ee11-bdf5-000d3a8fd327,df5ec455-709c-4745-9a0e-83ee131763b6
1fbff28e-609d-f011-b41b-00224827aa4c,"Quotation from vendor: Total: $31,673.30","Rooms in 205ABP and 400SW lack benches for gowning/degowning purposes
The current state is that some buffer rooms in 205ABP and 400SW lack benches or any sort of seating area on the demarcation lines which creates difficulty in placing and removing shoe covers for personnel inside the cleanrooms.",samantha.lao@takeda.com; sean.metras@takeda.com,Benches installed in all rooms in scope to support personnel when gowning/de-gowning,Pending,Beacon observation #149436 reported lack of benches in 400 SW clean rooms. The beacon was also applied to 205 ABP,There is a lack of benches to support personnel that have difficultly gowning/degowning,,400 Shire Way; 205 Alewife Brook Parkway,[FY26] - MBO - EHS - New Benches in Clean Rooms,,Standard Project,,,[FY26] - MBO - EHS - New Benches in Clean Rooms,Scott Nelson,,1,0,0,,,2025-10-05 04:00:00.0000000,2026-02-24 16:56:18.0000000,,2025-09-30 04:00:00.0000000,,23115606,2025-11-12 05:00:00.0000000,CAPA 670552 is driving this date.,7. Processed,04d25798-3a42-ee11-bdf5-000d3a8fd327,dd14179b-85c6-4fa9-b53f-ef21ca85f09a
9f3d3db7-d1ef-f011-8407-000d3a12f42f,"•  T2 request for change submission to ClearPath for endorsement as first stage-gate.

Key Considerations: 
•  To be presented a 2nd time at Change Review Board. CRB team initially expressed concerns with ROI vs. lift to implement. Updated $92k cost savings opp. to be shared.
•  Regulatory preliminary input - change will require Elaprase change addition for submission. 
•  With 31Mar26 change implementation target, will require endorsement by the 3 stage-gates (ClearPath, CRB, global PCP). If all endorsements achieved, CC planning & execution must be conducted ~  ≤ 2 month window - will require T2 project prioritization support to achieve proper resource allocation.","UPB Filter Train at 205ABP currently consists of:
•	3x pre-filters
•	1 CUNO filter
•	2x Five-Round Sterilizing Filters (Sartopore 2 0.45/0.2µm)

Opportunity: Remove one five-round sterilizing filter from this set-up - 
•  No more than two 0.2µm Sartopore sterilizing filters are required to filter the CUNO filtrate while maintaining sufficient throughput in comparison to the ten filters currently used. Therefore, the second five-round filter assembly has been deemed redundant and non-value added (per DMD-221893 – MS study report).

•  Current process shows that the five-round filter assembly experiences nominal pressure (<5 psi) and that doubling the flux/pressure by removing half of the filters will not impact the pressure specifications (72.5 psi/5 bar).",,"Future state UPB Filter Train at 205ABP to consist of:
•	3x pre-filters
•	1 CUNO filter
•	1 Five-Round Sterilizing Filters (Sartopore 2 0.45/0.2µm)",Pending,This cost savings / process efficiency opportunity was identified by Manufacturing Sciences during execution of a study documented per DMD-221893 (Veeva document).,"•  Removal of the second five-round filter assembly will reduce the amount of product held up from the depth filtration, which can potentially result in yield increase. (MS input: cost estimate / potential yield increase values cannot be definitively calculated due to variables per batch).

•  Change implementation by 31Mar26 results in raw material savings of $91,428.88",,205 Alewife Brook Parkway,[OPEX]-205ABP - Five-Round Filter Removal from UPB Filter Train for I2S at 205ABP,,Standard Project,,,[OPEX]-205ABP - Five-Round Filter Removal from UPB Filter Train for I2S at 205ABP,Piyush Jain,,1,0,0,,,,2026-02-23 19:31:08.0000000,,2026-01-12 16:15:01.0000000,,23109864,2026-03-31 04:00:00.0000000,"As of 31Mar26, 29 remaining drug substance runs are currently scheduled at 205ABP. Change implementation by this date would result in a raw material savings of $91,428.88. For every DS batch completed (on a weekly cadence), the value of raw material savings reduces by $ 3,152.72.",7. Processed,04d25798-3a42-ee11-bdf5-000d3a8fd327,370cdb98-a1a4-4f89-ba74-34937d0c9be4
c966717f-7a0e-f111-8406-7c1e5247a2b3,There will be global team member support for this work,"The Biologics OpU is positioned for significant growth, but its current operating model and the operating model of the sites within the Bio OpU needs to evolve—simplifying and standardizing work to lift operational performance, strengthening and scaling quality systems, accelerating digital and data integration, building a future-ready workforce with greater capacity and AI/digital readiness, improving network agility and readiness to absorb ramp-ups and new products, and reinforcing a culture of urgency, ownership, and transparent change leadership to execute reliably at pace.",eduart.golloshi@takeda.com; antoine.hu@takeda.com,"By the end of this effort, the site will operate more productively and efficiently than today—reducing effort, lowering costs, freeing capacity, and improving site engagement scores.",Pending,"This effort is being executed per a biologics OpU initiative to transform the way the Bio OpU performs, each site within the OpU is executing a site specific Transformation initiative","This project will transform how we work across four dimensions—expanding production capacity, reducing operating costs, unlocking hours of employee capacity, and improving engagement so Takeda is a place where people love to work.",,200 Shire Way; 300 Shire Way; Belmont Warehouse; 400 Shire Way; 205 Alewife Brook Parkway; North Reading Warehouse,SPOT ID: 1060851 [OPEX} - MBO - AGILE - Transformation,AGILE-Operational Excellence,Standard Project,,,SPOT ID: 1060851 [OPEX} - MBO - AGILE - Transformation,Natalie Friel,,1,0,0,,,,2026-02-20 18:27:27.0000000,,2026-02-20 17:22:45.0000000,,23078913,2026-08-19 04:00:00.0000000,"Biologics OpU and all fo the site that make up the site assocaited to the Bio OpU must transform now to sustain rapid pipeline-driven growth while protecting quality and compliance, becoming more cost-competitive through a self-funded, digitally enabled shift that increases productivity, frees capacity for redeployment, and strengthens network and workforce readiness amid rising external pricing, competitive, and technology pressures.",7. Processed,04d25798-3a42-ee11-bdf5-000d3a8fd327,b5b1654c-02fc-4a2f-85d0-0f912c9ad724
18fc5a13-5f07-f111-8406-7c1e5247a2b3,Method high invalid was cited in recent site FDA inspection,"MTHD-231048 has trended 10 out of 26 quaters from 2019 to QC-2025 with high invalid rates that exceeds 10%. High faiure obeserved in system suitability due to Assay control out of range, Assay control CV% out of range among other system suit criteria failures.",,A robust method with Invalid rate or failare rate under 10%,Pending,Identified through quaterly invalid trending,"Rework, lost of product, delayed diposition, and requlatory impact",,300 Shire Way,SPOT ID: 1061490 - 300SW - QUAL - VPRIV Activity Method - MTHD-231048,Quality,Simple Project,,,SPOT ID: 1061490 - 300SW - QUAL - VPRIV Activity Method - MTHD-231048,Maggie Seibel,,1,0,0,,,,2026-02-12 14:38:43.0000000,,2026-02-11 16:59:45.0000000,,22956803,2026-08-11 04:00:00.0000000,MTHD-231048 has trended 10 out of 26 quaters from 2019 to QC-2025 with high invalid rates that exceeds 10%,7. Processed,04d25798-3a42-ee11-bdf5-000d3a8fd327,daf1bf4e-9ac8-4e93-b50e-54b0dc21e997
95908f0e-6107-f111-8406-6045bdd8cc50,This method was flagged in a recent FDA inspection and highlighted in QPL-222450,Non-Robust method with mutiple challenges leading to high Invalid rate greater than 10% due to various sytem suitability failures,,Robust method with less than 10% failure or invalid rate.,Pending,Discovered during quartely invalid trending,"Impacts the ability to dispositoion lots on time, potential product loss.",,300 Shire Way,SPOT ID: 1061489 - 300SW - QUAL - VPRIV Glycan  Mapping - MTHD 231058,Quality,Simple Project,,,SPOT ID: 1061489 - 300SW - QUAL - VPRIV Glycan  Mapping - MTHD 231058,Maggie Seibel,,1,0,0,,,,2026-02-12 14:34:38.0000000,,2026-02-11 16:59:36.0000000,,22956786,2026-08-10 04:00:00.0000000,Non-Robust method with mutiple challengesleading to high Invalid rate greater than 10%,7. Processed,04d25798-3a42-ee11-bdf5-000d3a8fd327,daf1bf4e-9ac8-4e93-b50e-54b0dc21e997
a5fc8fc4-6207-f111-8406-7c1e5247a2b3,This method is highlighted in QPL-222450,Non-Robust method with multiple failures in system suitability leading to higher than 10% invalid rate,,Robust method with less than 10% invalid rate,Pending,Discovered in a quaterly invalid trending,"Impacts disposition timeline, and potential loss of product",,300 Shire Way,SPOT ID: 1061488 - 300SW - QUAL - VPRIV Peptide Mapping - MTHD 230951,Quality,Simple Project,,,SPOT ID: 1061488 - 300SW - QUAL - VPRIV Peptide Mapping - MTHD 230951,Maggie Seibel,,1,0,0,,,,2026-02-12 14:26:12.0000000,,2026-02-11 16:59:29.0000000,,22956769,2026-08-11 04:00:00.0000000,Non-Robust method with multiple failures in system suitability leading to higher than 10% invalid rate,7. Processed,04d25798-3a42-ee11-bdf5-000d3a8fd327,daf1bf4e-9ac8-4e93-b50e-54b0dc21e997
bf266a61-6707-f111-8406-7c1e52146908,This method challenges has been escalated to leadership,"Method has trended higher than 10% invalid rate over the past two quarters, due to mutiple system suitablity failures, resulting in multiple missed stability timepoints and BPDRs with requlaatory impacts",,A robust method with less than 10% invalid rate,Pending,Discovered during routine method operation and quaterly invalid trending.,"impacts product disposition, and potential product loss, and requlatory imapcts",,300 Shire Way,300SW - QUAL - Cellular Uptake  (Bioassay) - MTHD 30934,Quality,Simple Project,,,300SW - QUAL - Cellular Uptake  (Bioassay) - MTHD 30934,Maggie Seibel,,1,0,0,,,,2026-02-11 18:16:46.0000000,,2026-02-11 16:58:59.0000000,,22939104,2026-08-10 04:00:00.0000000,Method has trended higher than 10% invalid rate over the past two quarters,7. Processed,04d25798-3a42-ee11-bdf5-000d3a8fd327,daf1bf4e-9ac8-4e93-b50e-54b0dc21e997
31a81317-95c0-f011-bbd3-7c1e527cd923,SPOT ID - 1060404,"The project replaces TrackWise (TW) – currently used QMS platform in GQ/GMS. TW will be out of support / at the end-of-life cycle by end FY2026 and needs to be replaced by a modern, fully digital QMS application which covers the future needs and automation / AI capability of a digital Life Cycle Management System.",haley.ornstein@takeda.com,"The main objective is the achievement of a more robust and digital e2e lifecycle management, to increase value added activities and improve the connectivity of core business systems. 
- The result will be real time data availability to continuously improve business processes and enable One DAY Batch Release and e2e product life cycle management. 
- The project results in value creation across Research & Development – Clinical – Tech. Transfer – Manufacturing – Regulatory - Safety – Quality – Commercial and Supply chain. 
- The project replaces TrackWise (TW) – currently used QMS platform in GQ/GMS. TW will be out of support / at the end-of-life cycle by end FY2026 and needs to be replaced by a modern, fully digital QMS application which covers the future needs and automation / AI capability of a digital Life Cycle Management System.",Endorsed,This is a Global Quality and DD&T Tier 5 Initiative,The implementaiton of this system will not no impact on plant operations and does not required any production down time to implement.,,200 Shire Way; 300 Shire Way; 185 Alewife Brook Parkway; Belmont Warehouse; 400 Shire Way; 205 Alewife Brook Parkway; 500 Shire Way,MBO - QUAL - Veeva QMS Integrations (Global Initiative),,Standard Project,,,MBO - QUAL - Veeva QMS Integrations (Global Initiative),Maggie Seibel,1060404,1,0,0,,,2025-11-16 05:00:00.0000000,2026-02-09 17:01:26.0000000,,2025-11-14 16:11:40.0000000,,22924456,2026-05-12 04:00:00.0000000,This timeline is required to support global Veeva QMS integration and to achieve Site COP Optimization goals,7. Processed,04d25798-3a42-ee11-bdf5-000d3a8fd327,daf1bf4e-9ac8-4e93-b50e-54b0dc21e997
985d5f2f-05fb-f011-8406-6045bdd8cc50,"The proposed future state is to have raw material weigh/dispensemixing, mixing, filtration and FIT capabilities that can be mobile due to limited space within the CB manufacturing suite. There are no WFI drops in the CB MFG suite, so we need to rely on 400SW or external vendor for WFI.

Other opportuunies that might be realized, if WFI can be sourced from 3rd party vendor, is to support 400SW coming out of shutdown for clinical programs.","Currently, media prepared for CB manufacturing and QC testing are made either at 400SW or 185 ABP in vessels that have minimum volumes that exceed the actual CB and QC testing needs, which results in the discard of large volumes of media. In addition, cell banks storage stability testing for commercial DS that are not produced at MBO, require CB CQ team to precure media from the DS manufacturing sites, which depending on their manufacturing schedule, might not be able to support the storage stability need-by date, resulting in missed storage stability data points.",,"Enable media prep in the CB suite, independent of 400SW or other DS manufacturing sites, to prepare the media at the volume and time needed. This eliminates waste, delays and schedule dependencies. This will also allow flexibility in types of media that can be made to support CB MFG and QC activities without introducing new material in 400SW, thus mitigating risk to DS manufacturing areas.",Pending,"Waste:
-During the execution of cell bank manufacturing and QC release testing a few liters of media (no more than 20L for manufacturing) but due to the large size of vessels in 400SW and 300SW this contributed to large media discard ~$90,000+/year (or 1350L/year) wasted in Elaprase media. 
-In addition, during the manufacturing of ADT5 clinical cell bank (April 2024) 300L minimum media lot size had to be made even though process only needed 10L (a wasted cost of ~ $27,000).

Compliance:
-Method validation activities for storage stability for Adzynma MCB and WCBs was delayed sevaral months because of inability to procure media from DS site, resulting in a missed data point for storage stability, and being out of compliance for an extended period of time. 

-That delay also impacted the Rixubis WCB and PR 5206045 was initiated for that - the investigation summary points to the lack of media availability.

Opportunity: 
-We were not able to accept request by CLD to make a WCB for Keros (TAK-266) and another clinical program WCB, due to inability to prepare media and/or implement making media at 400SW to support the request in less than 4-6 months.
-More recently, we learned that one of the factors that impacted MBO selection as a CB manufacturing site for the Vaccine Business Unit was lack of media prep capability, which creates logistical issues especially when having to transport serum-containg media across international borders.","This creates material, financial and environmental waste and a compliance risk and extra work to manage the associated QMS. In addition, it contributes to missed opportunities to increase capacity utilization of the CB MFG suite.",,200 Shire Way,SPOT ID: 1051141 - MBO - MSCI - Reduce media prep volume that supports CB MFG and QC,Manufacturing Sciences,Standard Project,,,SPOT ID: 1051141 - MBO - MSCI - Reduce media prep volume that supports CB MFG and QC,Adam Kulczyk,,1,0,0,,,,2026-02-09 16:58:06.0000000,,2026-01-26 22:22:17.0000000,,22924436,2026-12-31 05:00:00.0000000,"This project was endorsed in FY2024 and assigned a SPOT ID 1051141.

Storage Stability of commercial cell banks for Biologics is owned and managed by CB QC. For Elaprase WCB, next timepoint testing window is 22Aug26-22 Feb27. Due to the need for serum-containng media (5% expansion media) to complete the test, and the planned exit from ABP (last upstream/media prep operations are planned in JuL 2026, media expiry is 30 days, prior to the storage stability testing window).. Media prep capability within CB MFG is needed",7. Processed,04d25798-3a42-ee11-bdf5-000d3a8fd327,2e206058-c2e1-46c0-b68c-28eeb02607e3
ff6dc0e5-2801-f111-8406-7c1e52146c0e,N/A,MBO does not have ATF for the N-1 bioreactor step,nathan.spillane@takeda.com,set up MBO to be ready fot the mAb 2.0 platform in advance of the next program that will require it,Pending,2nd generation Takhzyro facility fit,New technology,,400 Shire Way,SPOT ID:1058299 - 400SW - INNOV - N-1  500L BRX with ATF Perfusion,Continuous Improvement & Innovation,Standard Project,,,SPOT ID:1058299 - 400SW - INNOV - N-1  500L BRX with ATF Perfusion,Ken Woodard,,1,0,0,,,,2026-02-09 16:56:10.0000000,,,,22924407,2026-09-01 04:00:00.0000000,Critical component for mAb platform process 2.0,7. Processed,04d25798-3a42-ee11-bdf5-000d3a8fd327,c8bda9db-b169-4f6f-824e-b5ecc24efd9b
096bef22-c1da-f011-8544-7c1e527cd923,,"Process: Lanadelumab uses 7 filters per run (MN6001808, Sartorius Virosart).
Cost per filter: $14,131
Annual spend (2024): $1.19M (Actual: $1.29M)
Projected spend (2026): $1.58M for 16 runs",,"Reduce filters per run from 7 to 3–4, cutting costs by $678K–$904K annually",Pending,Change in ICH Q5A(R2) guidelines for viral clearance prompted evaluation of reduced filter area feasibility.,"Significant cost savings potential without altering core process performance
Requires validation and regulatory alignment",,400 Shire Way; Lexington Campus,400SW - OPEX - Lanadelumab Virus Filter sizing Optimization Opportunity,,Standard Project,,,400SW - OPEX - Lanadelumab Virus Filter sizing Optimization Opportunity,Yong Wang,,1,0,0,,,2025-12-20 05:00:00.0000000,2026-02-06 16:50:40.0000000,,2025-12-17 15:06:24.0000000,,22917335,2026-06-30 04:00:00.0000000,To achieve maximum savings as projected,7. Processed,04d25798-3a42-ee11-bdf5-000d3a8fd327,1ae4535a-c129-4f33-9f76-1ba698be262a
8b91df39-75ba-f011-bbd3-6045bddb6d09,,"400SW Recovery 1 Ultrafiltration/Diafiltration (UF/DF) Skid UF-2601 has triggered five deviation investigations over the last three years due to elevated bioburden on the skid. The investigations have identified multiple improvements which would increase the skid’s ability to control bioburden. The skid also has a high WFI usage rate. This project will address existing CAPA tasks, improve cleanability of the skid and reduce WFI consumption.",,"In the future state, the UF-2601 retentate vessel and piping CIP is fully updated, with developed and validated cycles and clear operator guidance, including optimized dip-tube cleaning/rinse routing, safer valve sequencing to prevent line pressurization, and an added pressurization step to improve chemical and WFI exposure through XV-021.
Mechanical and configuration upgrades support more robust cleanability and maintainability, including a spray deflector and vent filter/piping reconfiguration to allow filter cartridge installation during CIP, plus a platform hoist, stocked internal elastomers, and a standardized job plan and PM for periodic membrane holder elastomer replacement. System safety and operability are improved by revising valve fail positions (isolation fail-closed; bypass fail-open) with new actuators, updated automation, and aligned LOTO procedures, while utilities and controls are optimized through improved WFI sample line steam flush drain/clear behavior, reduced AWFI1 usage via a new flow orifice and updated WFI fill automation, tuned TMP control and flush timers, increased process air capacity and revised air-blow timers, corrected Delta V graphics for instrument locations, and removal of the PH_RECUF_BUFFCND hold-state error.",Endorsed,"Contamination investigations 
UF/DF skid UF-2601 has a history of bioburden control problems with 5 deviations due to elevated bioburden in the last 3 years.

•	PR 3655297 July 2023, Bioburden Rinsate Sample Failure during execution of Validation Maintenance.

•	PR 3450602 April 2023, Rapid Investigation due to failed bioburden rinsate samples collected during airblow update effectiveness check protocol.  

•	PR 2858703 July 2022, Bioburden Rinsate Sample Failure during the execution of ENG-003748.

•	PR 2112935 June 2021, Bioburden above alert and action limit detected in UPB samples for rhASA batch 500572H000-H07/08.

•	PR 1753952 December 2020, Bioburden above alert limit detected in UPB samples for RepAF batches 500538H000-H15/16 and 500538H000-H19/20.",Reducing contamination risk at UF-2601,,400 Shire Way,400SW - INNOV - UF-2601 Modifications for Contamination Reduction (Project 3),,Standard Project,,,400SW - INNOV - UF-2601 Modifications for Contamination Reduction (Project 3),Nathan Spillane,,1,0,0,,,2026-01-01 05:00:00.0000000,2026-02-05 20:21:41.0000000,,2025-12-03 18:11:14.0000000,,22914024,2027-03-31 04:00:00.0000000,Aligns with CAPA due date,7. Processed,04d25798-3a42-ee11-bdf5-000d3a8fd327,95f71023-bb3c-4d7b-bc0d-b9871c3cd68b
45304434-f8f6-f011-8406-7c1e52146c0e,"Resurfacing was quoted at $14,000 by preferred vendor Stonhard.
Mike G confirmed this will be under small capex purchase",Cell Bank area floor has had numerous spot repairs done since suite was comissioned. The spot repairs do not have the same texture or appearance as the original floor surface. This creates the potential for slip hazards and a compliance question based on the appearance.,,Grind and recoat epoxy floor surface to area to original as built condition.,Pending,Slip and fall was experienced in room 2507 Beacon #163927. As an immediate action the walking paths were resurfaced in 2507 in October of 2025. Futher Gemba walks of the suite identified similar areas of concern within the personnel flow path to and from room 2507 as documented in Beacon #167978.,Increased risk of repeat slip and fall due to inconsistent floor texture.,,200 Shire Way,200SW Cell Bank Floor Resurfacing,Asset Investment Management Program,Just Do It,,,200SW Cell Bank Floor Resurfacing,JD Fier,,1,0,0,,,,2026-02-05 19:54:41.0000000,,2026-01-21 18:38:59.0000000,,22913693,2026-06-10 04:00:00.0000000,Cell Banking operation Idle from 25Mar26 to 10Jun26 per MPS schedule as of 21Jan26,7. Processed,04d25798-3a42-ee11-bdf5-000d3a8fd327,c85382f3-fe11-4a71-b61d-acfa29d8f3fb
28b8409a-2001-f111-8406-7ced8d1a487c,,"Colleagues throughout MABioOps are impacted by the stopping of 205 operations  
Employees will need to transition into other roles within Takeda where possible or transition outside the company
Equipment will be decommissioned post completion of manufacturing operations
Facility decommissioning will happen after equipment and will ensure no impact to QC operations",bryan.puchlopek@takeda.com,Successfully close the Alewife manufacturing site,Pending,"2025 Network Assessment determined that Elaprase production will end by end of FY26
205 Elaprase manufacturing operations were impacted by this decision 
Decision was communicated to the site by SLT 25Feb25.  Messaging was created to expand on the strategy and how this decision will impact the Cambridge Elaprase Team.","Plan is to have the rollerbottle, upstream and downstream operations successfully transferred to Thousand Oaks (TO) facility before closure of the Alewife facility.",,185 Alewife Brook Parkway; Belmont Warehouse; 205 Alewife Brook Parkway,MBO - Alewife Transition,,Simple Project,,,MBO - Alewife Transition,Natalie Friel,NA,1,0,0,,,,2026-02-03 19:53:31.0000000,,2026-02-03 16:51:51.0000000,,22903043,2026-08-02 04:00:00.0000000,"Responsibly and successfully close the Alewife manufacturing site by upholding our commitment to patients through an uninterrupted, high-quality medicine supply; supporting employees with clear communication, career transition assistance, and meaningful engagement; and executing a smooth and efficient decommissioning process.",7. Processed,04d25798-3a42-ee11-bdf5-000d3a8fd327,b5b1654c-02fc-4a2f-85d0-0f912c9ad724
3d930d4d-22a9-f011-bbd3-7c1e527cd923,,"One batch in previral purification 2 at one time. 

Open processing for viral inactivation and viral filtration limits the production of multiple batches within the suite due to viral segratation requirements.",,Completed closing all operations and sampling for the Viral inactivation and viral filtration steps.,Pending,Optimized scheduling scenario planning to maximize capacity at MBO and validated at the Design Sprint Lite in October 2025,Some revalidation required - MFG training will be required.,,400 Shire Way,[OPEX] - 400SW - FOF- Closing viral operations (VI & VF) for Takhzyro and TAK-079 in previral purification 2 suite,,Standard Project,,,[OPEX] - 400SW - FOF- Closing viral operations (VI & VF) for Takhzyro and TAK-079 in previral purification 2 suite,Nathan Spillane,,1,0,4,2025-11-15 05:00:00.0000000,2025-12-10 05:00:00.0000000,2025-10-25 04:00:00.0000000,2025-12-17 14:17:33.0000000,2025-12-16 05:00:00.0000000,2025-10-20 04:00:00.0000000,,22902930,2026-09-01 04:00:00.0000000,To meet TAK-079 demand when the 4th BRX starts getting used for clinical production.,7. Processed,04d25798-3a42-ee11-bdf5-000d3a8fd327,95f71023-bb3c-4d7b-bc0d-b9871c3cd68b
c312baf3-2a01-f111-8406-7c1e5247a2b3,"PAS-X is the North Star for MES. This project is pre-requisite for One Day Batch Release (ODBR) and ODBR is one of the big rocks.​
PAS-X will digitize, control and track manufacturing operations by replacing paper Batch Records and some paper Logbooks with electronic Master Batch Records (MBRs) and Logbooks. It will also integrate MES to ERP, EDB (Data Lake) and Level 2 Systems via standard interfaces.​
This project initiative will align MBO site to the Global MES Program and will be the third MES implementation at MBO.","Current state: manufacturing operations at Lexington for downstream use paper batch records. The use of paper in the clean rooms present several general challenges in manufacturing, including Documentation Errors, Data loss: Sequencing errors, Slower batch review process, Disparate data, Inconsistent documentation methods, Duplicated work, Data integrity and more. ​",,"Future state: To implement a Manufacturing Execution System (MES) for 400SW Downstream Operations.  MES scope will include the following functional modules that will address the above problem statement: Material Management, Equipment Management, Batch Execution, and Batch Record Review and Reporting. Additionally, MES will expedite batch disposition to facilitate one day batch release initiative.",Pending,Takeda Global inititaive to alligning all sites on MES (PAS-X),"Key Benefits (referred in the PAR Model):
Effort reduction in manual data entry and calculations.​
Time reduction on review/release of batch records.​
Preventable batch and material losses.
Improved Digital Maturity.


Future Intangible Benefits:
Enables non-linearly scaling of HC during Lexington production ramp-up
Data-driven insights enabling continuous improvement
Enable key big rocks – One Day Batch Release (ODBR) and Digital Twins​",,400 Shire Way,MES - MBO - 400SW Downstream Ops (Site Budget),Site Digital Maturity,Standard Project,,,MES - MBO - 400SW Downstream Ops (Site Budget),Adam Kulczyk,,1,0,0,,,,2026-02-03 18:16:56.0000000,,2026-02-03 18:07:01.0000000,,22902846,2027-10-20 04:00:00.0000000,"Demonstrate digital commitment to MFG paperless vision. Investing now will streamline operations, reduce manual tasks, and enhance efficiency.",7. Processed,04d25798-3a42-ee11-bdf5-000d3a8fd327,2e206058-c2e1-46c0-b68c-28eeb02607e3
aee763a0-eca5-f011-bbd3-7c1e527cd923,Options analysis will need to be performed to identify a strategy for installing ATF controllers so as to not impact existing ERT processes.,Currently no ATF perfusion system is in the 400SW manufacturing suite at the 200L and 2000L Bioreactor scales.,nathan.spillane@takeda.com; gisela.chiang@takeda.com,Install ATF controller at 200L and 2000L BRXs,Pending,No current capabilities. Needed for FoF and for intake of new next gen clinical or commercial programs.   Current centrifuges are end of life and are not robust in design to prevent contaminations.  ATF is the leading technolgy for replacement of these centrifugal perfusion devices.,400SW site cannot recieve new programs from Pharm Sci,,400 Shire Way,[FY29] - 400SW - INNOV- ATF for ERT Next Generation Perfusion Control,Continuous Improvement & Innovation,Standard Project,,,[FY29] - 400SW - INNOV- ATF for ERT Next Generation Perfusion Control,Nathan Spillane,,1,0,4,,,2025-10-17 12:29:09.0000000,2026-02-03 16:26:45.0000000,,2025-10-15 04:00:00.0000000,,22902302,2026-08-01 04:00:00.0000000,Needed to be done to accomodate next gen fed-batch platform (next gen takzhyro) and potentially for next gen perfusion for commercial ERT programs (due to robustness and end of life of current centrifuges. ),7. Processed,04d25798-3a42-ee11-bdf5-000d3a8fd327,95f71023-bb3c-4d7b-bc0d-b9871c3cd68b
3baa1b36-3cb3-f011-bbd3-002248271486,"The core SAP migration from ECC to S/4HANA will follow a big-bang approach.  
The prepare phase is in flight and expected to conclude at the end of FY25.
The explore, realize, and validate phases will occur all of FY26 and FY27.
With an anticipated go-live in April 2028.
The migration of Plasma Opu sites will follow the following year.","SAP is ending support for ECC in 2027 and extended maintenance is available only until the end of 2030.  Our current technology hinders AI adoption and digitalization.  We expect rising risks in business operations and regulations with ECC being end of life by 2030.  We lack a single source of truth for our data.  Project Takami is an enterprise initiative that will move Takeda off of SAP ECC and onto SAP's S4/Hana platform.  The project has executive sponsorship, a steering committee, and a core team already established.  However, planning and resources for the site's participation in the project are yet to be determined.",,Migration of all business processes and data from SAP ECC to SAP S4/Hana.  Simplify Takeda's technology landscape by reducing the number of applications from 15 to 4.  Use this technology transformation as a catalyst to reach business process excellence with at scale automation.  Leverage advanced analytics and GenAI through out-of-the box capabilities and one single source of truth.  Enhance user experience and accelerate innovation by boosting the use of SAP standard features from 50% to 75%.  Unlock efficiencies and agility through process improvements.,Endorsed,"Project Takami is an enterprise initiative with executive sponsorship, steering committee, and core team already established.  Initial project communications were made to SAP Key Users earlier this year.","The project will upgrade some parts of the system ('technical migration') while re-implementing others to maximize the benefits for the business.  This approach represents a fundamental upgrade to our core technology, enhancing primary processes and offering a unique opportunity to simplify operations, clean up data sources, and reduce complexity. While the core ERP system will be modernized, already modernized adjacent technologies will remain seamlessly integrated.  The impact of the transformation will be profound, affecting virtually every aspect of our operations—from finance and procurement to supply chain and tax/treasury. Key benefits include:
Improved data quality enabling enhanced analytics & AI capabilities
Simplification of our technology landscape
Process standardization enabling digitization
Reverting customized processes to SAP standard
Process improvements creating benefits of 70-100 OY p.a. across the enterprise.
This program will also allow to transform Plasma OpU & Biolife supply chain, onboarding the additional scope on the SAP platform",,300 Shire Way; 185 Alewife Brook Parkway; Belmont Warehouse; 400 Shire Way; 125 Spring Street; 205 Alewife Brook Parkway; Lexington Campus; 500 Shire Way; North Reading Warehouse,MBO - DD&T - Project Takami,,Standard Project,,,MBO - DD&T - Project Takami,Terence Jackson,,1,0,0,,,2025-11-10 05:00:00.0000000,2026-02-03 14:53:24.0000000,,2025-10-30 15:54:21.0000000,,22901787,2027-04-01 04:00:00.0000000,"The transformation of our enterprise resource planning (ERP) system from SAP ECC to S/4HANA is a strategic imperative for Takeda.  As our organization continues to grow, the limitations of our current platform become more evident. It no longer provides the flexibility, scalability, or integration needed to support our ambitions.  Takami is the next chapter. It represents a fully integrated, future-ready platform designed to support the next phase of our journey. We are not simply renovating, we are future-proofing our digital foundation.",7. Processed,04d25798-3a42-ee11-bdf5-000d3a8fd327,47dfdf99-13e2-441c-8c63-abbc31aa7da0
0e311323-58ab-f011-bbd3-002248271486,"Funding will be needed to engage professional engineering services to perform various studies/assessments to support buy/build/lease/do nothing decisions; will implement various automation solutions for materials handling. Estimate between $500,000 to $1M in funding initially required to support the Warehouse of the Future design.","Warehouse design sprint 27-31OCT25 will determine several options for increasing warehouse capabilities across MA Bio Ops, ie buy vs build vs lease vs do nothing. Outputs from the design sprint will be evaulated, prioritized and endorsed by SLT by end of November 2025; these outputs will become projects that enable the WoF program to achieve its expansion goals within the next 5 years.",heather.larivee@takeda.com,"MBO warehouse operations which effectively and efficiently support manufacturing production increases forecasted over the next 10 years, that support Cell Bank Center of Excellence and Clinical Launch Center of Excellence operations and Small Molecule production operations, as well as enabling GMS strategic growth objectives.",Endorsed,"Warehouse of the Future will hold a design sprint with support of Global SBE and Warehouse teams during week of 27OCT25. Design sprint approach will incorporate design thinking methodology, lean principles, gemba walks, data analysis, automation evaluation.","Warehouse of the Future will allow warehouse operations to effectively and efficiently support manufacturing production increases forecasted over the next 10 years, will support Cell Bank Center of Excellence and Clinical Launch Center of Excellence operations and Small Molecule production operations, as well as enabling GMS strategic growth objectives.",,Belmont Warehouse; 400 Shire Way; Lexington Campus; North Reading Warehouse,[OPEX] - WOF - Warehouse of the Future Program,Warehouse of the Future,Standard Project,,,[OPEX] - WOF - Warehouse of the Future Program,Terence Jackson,,1,0,0,2025-10-22 04:00:00.0000000,2025-10-25 04:00:00.0000000,2025-10-20 04:00:00.0000000,2025-10-31 19:52:28.0000000,2025-10-30 04:00:00.0000000,2025-10-17 12:58:21.0000000,,22901528,2026-04-15 04:00:00.0000000,Warehouse of the Future program is part of the Factory of the Future program. Goal is to expand warehouse capabilities to support increased manufacturing production and enable GMS/GQ 5-10 year strategy.,7. Processed,04d25798-3a42-ee11-bdf5-000d3a8fd327,47dfdf99-13e2-441c-8c63-abbc31aa7da0
57498159-fdd9-f011-8543-7c1e524a002a,New instrument within network endorsed by the global LoF team,Current method requires 5-7 days of incubation prior to obtaining a result which can impact capacity  in product dedicated areas that require bioburden results prior to moving into the next product.,,Area clearance and product change over in 1-12 hour shift.,Pending,Lab of the Future global team,Can reduce idle days in purification suites.  Could lead to early detection of a contamination event in production bioreactor saving time on decisions to move the back up lot.,,300 Shire Way,300SW - FOF - IAN Rapid Bioburden Instrument,,Standard Project,,,300SW - FOF - IAN Rapid Bioburden Instrument,Yong Wang,,1,0,0,,,2025-12-18 05:00:00.0000000,2026-02-02 16:43:23.0000000,,2025-12-15 21:31:24.0000000,,22896967,2026-06-13 04:00:00.0000000,This new instrument can product bioburden results within 2 hour vs. the current method which is 5-7 days. This can reduce area clearance product change overtime as well as lead to early dectection of contamination events.,7. Processed,04d25798-3a42-ee11-bdf5-000d3a8fd327,1ae4535a-c129-4f33-9f76-1ba698be262a
f58c9f0b-5400-f111-8406-7ced8d17503e,,"A Qualified Risk Assessment Facilitator (QRAF) is an individual trained and experienced in quality risk assessment who serves as an SME for their site/group, supporting QRM activities and helping to improve the quality and validity of risk assessments.",,The primary goal of the QRAF program is to improve the application of QRM across the organization.  A secondary benefit is to provide valuable development opportunities for Takeda colleagues,Pending,Global Project/Initiative,"Takeda sites/groups perform a large number quality risk assessments each year.  They also make increasingly frequent use of risk-based approaches.  The purpose of the QRAF program is to improve the efficiency of these activities and the quality of their outputs.  Over time, this is expected to deliver significant benefits byresulting in fewer quality incidents, reduced inspection risk, decreased regulatory observations, proactive risk idnetificaiton and mitigation resulting in less things like deviations & contaminations",,200 Shire Way; 300 Shire Way; 185 Alewife Brook Parkway; Belmont Warehouse; 400 Shire Way; 205 Alewife Brook Parkway; North Reading Warehouse,Standard Work - Qualified Risk Assessment Facilitators (QRAF),Quality,Base Business,,,Standard Work - Qualified Risk Assessment Facilitators (QRAF),Hanna McCarthy,,1,0,0,,,,2026-02-02 16:36:40.0000000,,2026-02-02 16:29:34.0000000,,22896947,2026-02-13 05:00:00.0000000,Base business/standard work,7. Processed,04d25798-3a42-ee11-bdf5-000d3a8fd327,b2e97992-f8a9-43d1-bfde-39e64e372d29
4f78c6d7-69fc-f011-8406-6045bdd8cc50,CAPA 5176011 has been recorded to fill this gap,Ma Bio Ops does not have a contamination control assessment established and documented.,,Established CCS assessment in place for MA Bio Ops.,Pending,Updates to global procedures in May of 2025 requires all sites to have CCS assessments,No impact to operation to execute this work,,400 Shire Way; 205 Alewife Brook Parkway; North Reading Warehouse,[OPEX] 400SW - AGILE - Contamination Control Assessement TIP (Contamination Free Program),AGILE-Operational Excellence,Standard Project,,,[OPEX] 400SW - AGILE - Contamination Control Assessement TIP (Contamination Free Program),Maggie Seibel,,1,0,0,,,,2026-01-29 14:42:31.0000000,,2026-01-28 17:23:20.0000000,,22870988,2026-07-27 04:00:00.0000000,Assessment required to support contamination free enviroment at sites,7. Processed,04d25798-3a42-ee11-bdf5-000d3a8fd327,daf1bf4e-9ac8-4e93-b50e-54b0dc21e997
83ec3d25-6cb6-f011-bbd2-000d3a546a9e,1 of 4 TIP workstreams connected to contamination free environment.,"Material defects, centrifuge insert and BRX SU bags have been a potential contributors to contamination events.",,Material and equipment reliability.,Pending,"The 5-Day Contamination Workshop held from September 22-26, 2025, identified material defects as a possible contributing factor to contamination events.",Reduce/eliminate contamination risk and achieve MPS objectives.,,400 Shire Way,[OPEX] - 400SW - AGILE - Material Defect TIP (Contamination Free Program),AGILE-Operational Excellence,Simple Project,,,[OPEX] - 400SW - AGILE - Material Defect TIP (Contamination Free Program),Adam Kulczyk,,1,0,0,2025-11-02 04:00:00.0000000,2025-11-03 05:00:00.0000000,2025-11-01 04:00:00.0000000,2025-11-06 15:15:14.0000000,2025-11-05 05:00:00.0000000,2025-10-31 15:13:40.0000000,,22865277,2026-04-20 04:00:00.0000000,"Contributing factor to 5 contaminations in 4 months. Due to negative impact to PTRB, the design needs to be completed by this time.",7. Processed,04d25798-3a42-ee11-bdf5-000d3a8fd327,2e206058-c2e1-46c0-b68c-28eeb02607e3
76d35f25-5dfc-f011-8406-7c1e5247a2b3,,"Currently have to ship -80 freezers offsite for repairs, -Slow return to service time
-ability to prioritize downed equipment
-Reduce potential impact to equipment during transportation",paul.koloseus@takeda.com,"Space would have lift for freezers, with work station for response to technicial support.  There would the required testing outlets with numerous voltages. Compressed air would be supplid as part of this project.  Freezers could be rolled in this space and rolled out quick turnaround",Pending,a,a,,North Reading Warehouse,200RPD - INNOV - HVAC MECH Shop Retrofit,Continuous Improvement & Innovation,Standard Project,,,200RPD - INNOV - HVAC MECH Shop Retrofit,JD Fier,,1,0,0,,,,2026-01-28 15:27:49.0000000,,2026-01-28 15:22:37.0000000,,22864880,2026-12-03 05:00:00.0000000,refrigeration,7. Processed,04d25798-3a42-ee11-bdf5-000d3a8fd327,c85382f3-fe11-4a71-b61d-acfa29d8f3fb
33fdf80e-0cf6-f011-8406-6045bdd8cc50,,"At MA Bio Ops, the volume of master data issues in GLIMS currently exceeds the site’s ability to efficiently troubleshoot and resolve them, resulting in frequent tickets, workarounds, and operational delays. The existing resolution model is not sustainable at current volumes.​ Additionally, V6 and V8 are currently operating in parallel, creating an added layer of misalignment and confusion around system usage and reliance.",,"Stabilization of GLIMS performance and prevention of recurring master data issues through sustainable resolution and proactive testing. Aligned GLIMS functionatlity with site business processes. Creation of user community and governance with OCM to ensure changes are implemented at/for the site with clarity, confidence and capability.",Pending,"Issues were identified during real-time operations, when teams would encounter loss of discrepancy of critical GLIMS functionality. Additional discovery methods include gemba, voice of customer interviews, and regular audits of quality systems.","Since rollout, there have been hundreds of tickets raised to address GLIMS functionality issues and frequent escalations resulting in teams requiring time-intensive workarounds to troubleshoot issues. This has signifcantly impacted employee morale in addition to impacting ability to release product,",,300 Shire Way; 185 Alewife Brook Parkway; Belmont Warehouse; 400 Shire Way; 205 Alewife Brook Parkway; Lexington Campus; North Reading Warehouse,GLIMS Booster at MA Bio Ops,,Standard Project,,,GLIMS Booster at MA Bio Ops,Mahesh Kulkarni,,1,0,0,,,,2026-01-22 20:53:41.0000000,,2026-01-22 16:52:20.0000000,,22800085,2026-05-20 04:00:00.0000000,"Operational delays, compliance risk, delays to product release, and overall employee morale.",7. Processed,04d25798-3a42-ee11-bdf5-000d3a8fd327,c5b43226-8023-4165-8b39-e0a9dc464fec
bf0e0144-609d-f011-b41c-002248271486,,"Currently when manufacturing installs the temperature instrument, it has on occasion fallen out and/or been inadvertantly pulled out. When this occurs there is no indication on the automation system(DeltaV) that Temperature has been lost.",michael.starr@takeda.com; kenneth.woodard@takeda.com; jennifer.hong1@takeda.com,there would be a control or procedure in place to remove the possibility to have the temperature probe fall out inadvertantly.,Cancelled,"CAPA 4932284 - CAPA to revise SOP-231590 and Evaluate Bag Stations’ instrument cables and potential automation fixes per PR4817467
Deviation 4817467 was opened to track the discovery.",There is a potention for recurrent deviations where the probe has fallen out.,,400 Shire Way,[OPEX] 400SW - OPEX - Engineering Conceptual Design for Bag Station Temperature Installation Improvements,,,,,[OPEX] 400SW - OPEX - Engineering Conceptual Design for Bag Station Temperature Installation Improvements,Adam Kulczyk,,1,0,0,,,,,,2025-09-30 04:00:00.0000000,,22800048,2026-05-31 04:00:00.0000000,Design team should propose a solution for all bag stations,2. Prioritization,04d25798-3a42-ee11-bdf5-000d3a8fd327,2e206058-c2e1-46c0-b68c-28eeb02607e3
dae91e41-40eb-f011-8406-000d3a99310f,This project will result in a reduction in steam generating capacity required from 400SW and will result in a carbon savings for MBO.,200SW consumes plant steam supplied from 400SW,,200SW will generate any steam required via electric steam generating equipment.  400SW will not need to supply plant steam to 200SW.,Pending,GREF has a Sustainability effort to eliminate the use of plant steam.,No Impact to operations.,,200 Shire Way; 400 Shire Way,200SW - Sustainability - Plant Steam Reduction from 200SW Electrification,Sustainability,Simple Project,,,200SW - Sustainability - Plant Steam Reduction from 200SW Electrification,Sean Hoban,,1,0,0,2026-01-22 05:00:00.0000000,2026-01-22 05:00:00.0000000,2026-01-22 05:00:00.0000000,2026-01-22 14:52:01.0000000,2026-01-22 05:00:00.0000000,2026-01-22 14:42:29.0000000,,22798930,2026-07-05 04:00:00.0000000,This project is being completed by GREF but will have an impact on the 400SW Plant Steam supply since 400SW supplies steam for 200SW.,7. Processed,04d25798-3a42-ee11-bdf5-000d3a8fd327,090e8115-6a28-4cb0-9368-67ca630128d6
7425d0e0-b9ae-f011-bbd3-7c1e527d2157,,Inconsistent aseptic culture has impacted operations ability to produce contamination free batches leading to contamination events and batch rejection.,,"The objective of the Aseptic Observation Program is to create a robust framework that promotes and sustains excellence in aseptic practices, ensuring consistent and repeatable manufacturing success. The following or the desired goals of the project:

1) Develop a comprehensive Aseptic Observation Program with clearly defined R&R
2) Establish KPIs, communication protocols, and incentive systems to foster engagement and ensure compliance, and continuous improvement.
3) Elevate aseptic knowledge and best practices throughout MABioOps.
4) Enhance operators’ understanding of microbiology and contamination risks control.
5) Strive to prevent contamination and environmental incidents, targeting zero occurrences.",Pending,"1) Valsource contamination control program review/feedback.
2) Feedback on Alewfie FDA inspection on aseptic behaviors
3) Contamination Workshop feedback from valsource",In the past 6 months we have had 5 contamination events that have led to batch rejection and/or production schedule delays. This project will aim to reduce contamination events that result in batch rejection and adherence to production schedules.,,200 Shire Way; 300 Shire Way; 400 Shire Way; 205 Alewife Brook Parkway,[OPES] - 400SW - AGILE - Aseptic Champion Program (Contamination Free Program),AGILE-Operational Excellence,Simple Project,,,[OPES] - 400SW - AGILE - Aseptic Champion Program (Contamination Free Program),Maggie Seibel,,1,0,0,2025-10-30 04:00:00.0000000,2025-11-02 04:00:00.0000000,2025-10-25 04:00:00.0000000,2025-11-05 21:21:52.0000000,2025-11-04 05:00:00.0000000,2025-10-23 16:08:41.0000000,,22734983,2026-04-27 04:00:00.0000000,To align with FDA observation Response 1 target completion date,7. Processed,04d25798-3a42-ee11-bdf5-000d3a8fd327,daf1bf4e-9ac8-4e93-b50e-54b0dc21e997
d15a94a6-e3a9-f011-bbd3-7c1e527d2157,,"With the introduction of scrubs, the current locker rooms are undersized. They do not allow for privacy when changing into scrubs. Increasing manufacturing demands will increase traffic in what is already an undersized locker room.",,Update the current locker rooms in Lex 400 to allow for adequate space to provide private changing spaces and increased locker capacity.,Pending,The need to improved locker rooms is directly related to the need to implement scrubs in compliance with the Global Standard.,Currently the locker rooms are working but they are not ideal. There is limited privacy for people changing into scrubs. The larger concern is that the forecasted increase in manufacturing operations over the next few year will result in the locker rooms being inadequate. There will not be enough room or locker space to meet ongoing demands.,,400 Shire Way,[FY26] 400SW - INNOV - Manufacturing lockroom updates,Continuous Improvement & Innovation,Standard Project,,,[FY26] 400SW - INNOV - Manufacturing lockroom updates,Jason Picard,,1,0,0,2025-10-20 04:00:00.0000000,2025-10-25 04:00:00.0000000,2025-10-17 04:00:00.0000000,2025-10-31 19:29:27.0000000,2025-10-30 04:00:00.0000000,2025-10-16 14:31:30.0000000,,22734979,2027-03-31 04:00:00.0000000,Current locker rooms (Male and Female) in 400 are not designed to support the use of scrubs. The current locker rooms are also not capable of supporting future gowning-flow associated with increasing manufacturing demands.,7. Processed,04d25798-3a42-ee11-bdf5-000d3a8fd327,0059634d-dfb9-42fb-bf35-d94a1ff6afa3
b9b5a337-e1a9-f011-bbd3-7c1e527d2157,Estimated cost for project is 300K. Project Plan in development.,Cell Bank does not have a changing room in place to allow for changing into scrubs. Cell Bank is out of compliance with Global Requirements.,,Cell Banking will have dedicated space to changing into scrubs.,Pending,Internal Audit,Cell Bank is operating outside the requirements established in Global Gowning for Cleanrooms SOP.,,200 Shire Way,[FY26] 200SW - INNOV -  Gowning Room for Cell Bank,Continuous Improvement & Innovation,Standard Project,,,[FY26] 200SW - INNOV -  Gowning Room for Cell Bank,Jason Picard,,1,0,0,2025-10-20 04:00:00.0000000,2025-10-25 04:00:00.0000000,2025-10-17 04:00:00.0000000,2025-10-31 19:30:29.0000000,2025-10-30 04:00:00.0000000,2025-10-16 14:35:39.0000000,,22734975,2026-04-13 04:00:00.0000000,The addition of a Gowning Room in Lexington Building 200 is required to support the use of scrubs in Cell Banking. The use of Scrubs is required per the Global Gowning Requirements for Cleanrooms -SOP-229527.,7. Processed,04d25798-3a42-ee11-bdf5-000d3a8fd327,0059634d-dfb9-42fb-bf35-d94a1ff6afa3
81560a68-0fa5-f011-bbd2-7c1e527d2157,Potential risk of finding a vendor to make and deliver at reasonable cost and quality.,Current spool process requiring multiple manipulations to connect from the BRX to the sampling ports  thus creating more opportunities for contamination.,,"Less manual process with user-friendly SUT.
Single Use Technology (SUT) refers to disposable-based systems and components used in our bioreactor process. SUT components are used once and then discarded, greatly simplifying operations. We are targeting tubing (including spool tubing); and connectors. Some of the advantages of SUT over spool tubing includes:

Reduced risk of cross-contamination: No cleaning required—everything is sterile and disposed after use.
Faster turnaround: No need to clean and validate fixed piping.
Operational simplicity: Less complex maintenance and validation for operators.",Pending,"5-Day Contamination workshop (Sept 22-26, 2025) identified the spool piece as a possible contamination point.",Potential reduction in contamination and decreased operator interventions to sterile boundary.,,400 Shire Way,[OPEX] - 400SW - AGILE - Create effective SUT Design (Contamination Free Program),,Simple Project,,,[OPEX] - 400SW - AGILE - Create effective SUT Design (Contamination Free Program),Adam Kulczyk,,1,0,0,2025-10-20 04:00:00.0000000,2025-10-30 04:00:00.0000000,2025-10-10 04:00:00.0000000,2025-11-06 15:45:39.0000000,2025-11-05 05:00:00.0000000,2025-10-09 12:57:57.0000000,,22734959,2026-01-30 05:00:00.0000000,"Contributing factor to 5 contaminations in 4 months. Due to negative impact to PTRB, the design needs to be completed by this time.",7. Processed,04d25798-3a42-ee11-bdf5-000d3a8fd327,2e206058-c2e1-46c0-b68c-28eeb02607e3
75c94dff-98a3-f011-bbd2-7c1e527d2157,Use of Spot would enable reduction in maintenance labor hours for plant rounds.,"Current MBO predictive maintenance routines fall short of Global One Takeda Engineering goals. There are limited number of PM routes for acoustical leak detection and thermal imaging. Additionally, there are numerous daily equipment rounds to monitor gauges that could be accomplished by a vision-enabled autonomous robot.",timothy.allen2@takeda.com,Autonomous robot performing designed routes of utility systems on a daily and shift basis to monitor equipment conditions.,Pending,"Engineering / Field Study: Subject Spot autonomous robot, manufactured by Boston Dynamics, was previewed at the International Maintenance Conference in 2023 and a site demonstration at 400 Shire Way was accomplished in 2024 to demonstrate feasibility.",Lack of predictive monitoring at MBO increases the probability and severity of equipment failures. The July 400SW water room steam leak is an example of a cascading failure that may have been detected before becoming catastrophic.,,400 Shire Way,[FY26] - MBO - INNOV - Autonomous Robot Industrial Inspection (S.P.O.T.),Continuous Improvement & Innovation,Standard Project,,,[FY26] - MBO - INNOV - Autonomous Robot Industrial Inspection (S.P.O.T.),Michael Allen,,1,0,0,2025-10-20 04:00:00.0000000,2025-10-25 04:00:00.0000000,2025-10-09 04:00:00.0000000,2025-10-31 19:45:57.0000000,2025-10-30 04:00:00.0000000,2025-10-08 04:00:00.0000000,,22734955,2026-07-31 04:00:00.0000000,Innovative solution and to support 50:50 PdM to PM ratio by 2030,7. Processed,04d25798-3a42-ee11-bdf5-000d3a8fd327,df5ec455-709c-4745-9a0e-83ee131763b6
b8889fd3-eaa2-f011-bbd2-7c1e527d2157,"1 training unit (SG603A) is in use at APB (205). For the sake of this assessment, and with consideration for the expected lifetime of the Alewife facilities, this unit has been excluded from the scope.","We currently operate 8 obsolete SterilGard 603/A biosafety cabinets across Lexington manufacturing and QC. These units have been obsolete since January 2024, and beginning to see an elevated rate of performances issues and issues with spare parts acquistion (again due to obsolescence).",,Units replaced with non-obsolete technology.,Pending,Brought to the attention of RE by maintenance (Jeff Navarrete - Senior HVAC Technician).,"Active units are all operated by QC (Biochem, Sample, Micro, Cellbio), and in the event of their failure and/or complications related to spare parts unavailability, these departments will be unable to perform their base business tasks at full effectiveness.",,300 Shire Way,[FY26] - LEX - AIMP - Baker Biosafety Cabinet Replacement,Asset Investment Management Program,Standard Project,,,[FY26] - LEX - AIMP - Baker Biosafety Cabinet Replacement,Michael Allen,,1,0,0,2025-10-20 04:00:00.0000000,2025-10-25 04:00:00.0000000,2025-10-08 04:00:00.0000000,2025-10-31 19:46:33.0000000,2025-10-30 04:00:00.0000000,2025-10-07 04:00:00.0000000,,22734951,2027-03-31 04:00:00.0000000,Active obsolence; Concern over spare parts availability; Alignment with end of fiscal year,7. Processed,04d25798-3a42-ee11-bdf5-000d3a8fd327,df5ec455-709c-4745-9a0e-83ee131763b6
b8f9b183-60ab-f011-bbd3-7c1e527e91a1,This project will require a facility shutdown to impletment the changes,"400SW has three production bioreactors and one under construction.  These will allow MBO to meet production demand through FY29, once the 4th bioreactor is completed.",,"Redesign the cell culture and adjecent rooms to allow for installation of two additional bioreactors, supporting seed bioreactors, and cell expansion equipment.  Remove interior walls and relocate exsiting equipment to fit the new layout, install new airlocks to meet the Takeda facility standard.  An additional 3000L buffer prep tank and supporting CIP skid will also be installed to meet the increased production demand.",Pending,Factory of the Future and Patient Supply Salt review,MBO will not be able to meet the projected production demands in FY30 and beyond with only 4 production bioreactors.,,400 Shire Way,[FY26-FY28] - 400SW - XOF  - BRX 5&6,Factory of the Future,Standard Project,,,[FY26-FY28] - 400SW - XOF  - BRX 5&6,Natalie Friel,,1,0,0,2025-11-10 05:00:00.0000000,2025-11-15 05:00:00.0000000,2025-11-05 05:00:00.0000000,2025-11-19 21:04:46.0000000,2025-11-18 05:00:00.0000000,2025-10-30 21:03:22.0000000,,22734947,2030-04-15 04:00:00.0000000,To support projected TAK-079 demand and future clinical pipeline,7. Processed,04d25798-3a42-ee11-bdf5-000d3a8fd327,b5b1654c-02fc-4a2f-85d0-0f912c9ad724
67d54381-dba2-f011-bbd2-7c1e527d2157,"This project idea was cancelled based on discussion with Mike G, Mahesh, Ronn and Misbah",Currently have deployed older generation bands,,Approx 50 bands required for Upstream and 50 bands required for Downstream operations,Pending,Project-based,Operational efficiency,,200 Shire Way; 400 Shire Way,[FY26/27] DDT - NYMI Gen4 License,Site Digital Maturity,Base Business,,,[FY26/27] DDT - NYMI Gen4 License,Mahesh Kulkarni,,1,0,0,2025-10-20 04:00:00.0000000,2025-11-05 05:00:00.0000000,2025-10-08 04:00:00.0000000,2025-11-19 20:28:12.0000000,2025-11-18 05:00:00.0000000,2025-10-07 04:00:00.0000000,,22734943,2026-04-04 04:00:00.0000000,NYMI Gen4 bands are required for contactless authentication on the manufacturing floor.,7. Processed,04d25798-3a42-ee11-bdf5-000d3a8fd327,c5b43226-8023-4165-8b39-e0a9dc464fec
e6d049e2-ae9f-f011-b41b-7c1e527d2157,Technical SME: Corey Barr,"The current RTUs at NR are aged, showing signs of wear, increasing failure, and contain obsolete refrigerant",,Replace units with new more sustainable and energy effecient models,Pending,Annual Equipment Lifecycle Management Assessment,Loss of refrigerant would be a costly repair and the current refrigerant is obsolete. RTUs support air needs in both GMP and non-GMP areas of the NR facility.,,North Reading Warehouse,[FY26] - 200RPD - AIMP - NR RTU Replacement - Phase 1 of 5,Asset Investment Management Program,Standard Project,,,[FY26] - 200RPD - AIMP - NR RTU Replacement - Phase 1 of 5,Michael Allen,,1,0,0,2025-10-15 04:00:00.0000000,2025-10-30 04:00:00.0000000,2025-10-10 04:00:00.0000000,2025-10-31 19:47:31.0000000,2025-10-30 04:00:00.0000000,2025-10-03 04:00:00.0000000,,22734935,2027-03-31 04:00:00.0000000,Align with end of the fiscal year,7. Processed,04d25798-3a42-ee11-bdf5-000d3a8fd327,df5ec455-709c-4745-9a0e-83ee131763b6
da9b7958-619d-f011-b41b-7c1e527d2157,This will require an update to the site's product cross contamination risk assessment (REC-393008).,Current operations allow two products in an inoculum room as long as they are in different stages (flasks vs. waves).  A product must complete all flask (incubator) steps before a second product can be introduced to the room.  This will cause delays in production starting in FY26,kenneth.woodard@takeda.com,Two products can be run concurrently in the flask or wave steps within an inoculum room.  Only one product at a time will be in any incubator or wave cabinet.,Pending,This was discovered while building the production plan for FY26 and beyond.,This will cause delays in Manufacturing (lost opportunity) of up to 25 days during FY26,,400 Shire Way,[OPEX] - [FY26] 400SW - INNOV - Updated Multi-Product Inoculum Rooms,Continuous Improvement & Innovation,Standard Project,,,[OPEX] - [FY26] 400SW - INNOV - Updated Multi-Product Inoculum Rooms,Nathan Spillane,,1,0,0,2025-10-15 04:00:00.0000000,2025-10-20 04:00:00.0000000,2025-10-10 04:00:00.0000000,2025-10-31 19:49:20.0000000,2025-10-30 04:00:00.0000000,2025-09-30 04:00:00.0000000,,22734927,2026-03-31 04:00:00.0000000,The inoc rooms will become a production bottleneck by the beginning of FY26,7. Processed,04d25798-3a42-ee11-bdf5-000d3a8fd327,95f71023-bb3c-4d7b-bc0d-b9871c3cd68b
3f2f4d57-08a6-f011-bbd3-7c1e527cd923,,THere is limited space for expansion of retain samples. There is a guide from Japan that we need to keep samples for 10 years.,,HAve adequate space to allocate samples according to the guides from regulatory agencies,Pending,New guides and current space available,Do not comply with regulatory agencies guidelines for samples retention,,North Reading Warehouse,[FY26] - 200RPD - QC - Raw Material Retain Storage,,Standard Project,,,[FY26] - 200RPD - QC - Raw Material Retain Storage,Filipe Thomas Steger,,1,0,0,2025-10-20 04:00:00.0000000,2025-10-25 04:00:00.0000000,2025-10-15 04:00:00.0000000,2025-10-31 19:32:55.0000000,2025-10-30 04:00:00.0000000,2025-10-10 18:56:10.0000000,,22734915,2027-12-21 05:00:00.0000000,QC at NR is lacking of space for raw materials/DS retain samples,7. Processed,04d25798-3a42-ee11-bdf5-000d3a8fd327,23ebfc42-b5d1-47ab-a9d4-116e84f2222d
17f0ea6b-06a6-f011-bbd3-7c1e527cd923,,Some HPLC instruments are at end of life and will not be serviced anymore by the vendor.,,Have 4 HPLC installed at HPLC lab,Pending,AIMP program,QC will not be able to continue testing in these instruments due lack of service,,300 Shire Way,[FY26] - 300SW - QC-AIMP - HPLC instruments replacement,,Standard Project,,,[FY26] - 300SW - QC-AIMP - HPLC instruments replacement,Filipe Thomas Steger,,1,0,0,2025-10-20 04:00:00.0000000,2025-10-25 04:00:00.0000000,2025-10-15 04:00:00.0000000,2025-10-31 19:36:54.0000000,2025-10-30 04:00:00.0000000,2025-10-10 18:55:29.0000000,,22734907,2027-05-28 04:00:00.0000000,The instrumens are at end of life,7. Processed,04d25798-3a42-ee11-bdf5-000d3a8fd327,23ebfc42-b5d1-47ab-a9d4-116e84f2222d
893307c7-78a5-f011-bbd3-7c1e527cd923,"•	Instrument Age & Risk: The legacy instrument coming online in January 2026 is over a decade old, and unsuited for modern, high-sensitivity or orthogonal assay development.
•	Not a Replacement: The new instrument is required in addition to current assets for true enablement of advanced analytical and PAT-driven initiatives.
•	Strategic and Compliance Need: The ability to develop an orthogonal residual HCP MS assay is aligned with regulatory guidance, and is a critical risk mitigation when ELISA reagents are limited.
•	Operational Impact: Direct support for process improvement, product quality, and robust analytical control in development and manufacturing.
•	Business Case: Reduced outsourcing, improved data quality, faster response times, and future readiness for regulatory and market needs.","The lab is setting up an older, used mass spectrometer retired from San Diego, anticipated to be operational in January 2026. This instrument, with its low sensitivity and dated technology, provides only partial support and does not address the need for high-resolution, high mass accuracy analyses. Presently, detection of low-level impurities and development of new high-sensitivity assays (like residual HCP) is not possible. When ELISA reagents are low, investigations and process development are delayed and lack of process quality support.",,"With the addition of a modern, high-sensitivity LC-MS system, our team will:
•	Develop and implement an in-house residual HCP mass spectrometry assay, providing an orthogonal, high-sensitivity alternative to ELISA, crucial in the face of reagent shortages.
•	Provide rapid, robust, near-real-time impurity and intact mass analysis to support PAT, process optimization, and troubleshooting.
•	Eliminate or drastically reduce costly, slow outsourcing for critical assays.
•	Accelerate method development, troubleshooting, and process improvement cycles, benefiting both commercial supply and investigational timelines.
•	Train and upskill staff on industry-standard and regulatory-forward technologies.",Pending,"This need was identified by:
•	Ongoing method development and investigations (e.g., VPRIV N-glycan method development and Elaprase BSA impurity characterization) where advanced MS capabilities are required.
•	Reviews revealing bottlenecks and testing delays when ELISA customized reagents for HCP are low in stock, the team has to seek commercial kits and reagents but the results are not correlated with customized reagents
•	Experience outsourcing peptide mapping mass spectrometric characterization at high cost and significant turnaround (>$37,000 for 4 samples and 3–4 weeks for a single investigation).
•	Regulatory and industry direction favoring advanced PAT, direct MS-based CQAs, and orthogonal method adoption for better risk mitigation.","•	High Outsourcing Costs: Recent outsourcing of four peptide mapping samples to support a single investigation cost over 37,000 dollars, with a 3–4 week turnaround time. 
•	Risk from Reagent Shortage: When ELISA reagents are low, lack of an orthogonal MS-based HCP assay limits our ability to support process and product investigations.
•	Limited Analytical Flexibility: Current legacy equipment cannot meet PAT requirements for rapid, sensitive intact mass and impurity monitoring, or support orthogonal assays.
•	Limited Capacity: Even with the additional legacy instrument, current and future workloads cannot be met efficiently.
•	Professional Growth: Modern technology is needed for team development and retention.",,200 Shire Way,[FY27] - 200SW - MSCI - Mass spectrometer for Manufacturing Sciences Analytical Team,,Simple Project,,,[FY27] - 200SW - MSCI - Mass spectrometer for Manufacturing Sciences Analytical Team,Qi Wang,,1,0,0,2025-10-25 04:00:00.0000000,2025-10-27 04:00:00.0000000,2025-10-20 04:00:00.0000000,2025-10-31 19:40:18.0000000,2025-10-30 04:00:00.0000000,2025-10-15 04:00:00.0000000,,22734893,2027-09-30 04:00:00.0000000,"The Manufacturing Sciences Analytical Team requires a state-of-the-art mass spectrometry system with high sensitivity and mass resolution to meet growing analytical and manufacturing demands. Although we are currently setting up a used mass spectrometer retired from the San Diego site (manufactured in 2012; setup target: January 2026), this instrument will not replace our need for advanced capabilities. A new, modern mass spectrometer is essential for critical investigation work, timely method development, and robust impurity characterization. For example, a high-sensitivity LC-MS-based residual host cell protein (HCP) method is needed to be developed as a powerful orthogonal method to ELISA, especially as availability of ELISA critical reagents is low.",7. Processed,04d25798-3a42-ee11-bdf5-000d3a8fd327,0f195c41-30db-4e67-a66e-432eebb93178
97a936b1-44a5-f011-bbd3-7c1e527cd923,,"After Drug Substance freeze down occurs in the CRF (Control Rate Freezers) the bottles are required to be packed and transferred to N. Reading Warehouse due to lack of -80C storage space.  Due to this requirement, bottles sometime need to be packed and transferred during off hours/days.",,"Once DS bottles complete the freeze down process in the CRF, bottles can be transferred into -80 storage freezers.  Transfers can then be scheduled to occur during regular business hours.  Multiple batches could be transferred at the same time, cutting down labor hours and trips with the validated trucks (carbon emission reduction)",Pending,Uptick in production at 400SW and more DS bottles being produced faster,Required overtime for warehouse operations to pack and transfer during off hours/days.  Multiple transfers per week,,400 Shire Way,[FY25] - 400SW - FOF/WOF - QTY (3) New -80 freezers,Warehouse of the Future,Standard Project,,,[FY25] - 400SW - FOF/WOF - QTY (3) New -80 freezers,Terence Jackson,,1,0,0,2025-11-10 05:00:00.0000000,2025-11-15 05:00:00.0000000,2025-10-30 04:00:00.0000000,2025-11-19 21:05:49.0000000,2025-11-18 05:00:00.0000000,2025-10-09 19:22:12.0000000,,22734489,2027-04-01 04:00:00.0000000,Additional storage capacity based on LRF at 400SW,7. Processed,04d25798-3a42-ee11-bdf5-000d3a8fd327,47dfdf99-13e2-441c-8c63-abbc31aa7da0
c553121b-dda2-f011-bbd3-7c1e527cd923,"This project idea was cancelled based on discussion with Mike G, Mahesh, Ronn and Misbah","There is not currently a PM assigned to the OpsTrakker paperless migration. Plan is in place to handle first sprint internally, but this support model is not sustainable with current resources.",,Targeted management for large site transformation,Pending,Project requirements,Targeted management for large site transformation,,200 Shire Way; 300 Shire Way; 185 Alewife Brook Parkway; 400 Shire Way; 205 Alewife Brook Parkway; Lexington Campus,[FY26] DDT - OpsTrakker PM,Site Digital Maturity,Just Do It,,,[FY26] DDT - OpsTrakker PM,Mahesh Kulkarni,,1,0,0,2025-10-20 04:00:00.0000000,2025-11-10 05:00:00.0000000,2025-10-08 04:00:00.0000000,2025-11-19 20:28:06.0000000,2025-11-18 05:00:00.0000000,2025-10-07 04:00:00.0000000,,22734477,2026-04-04 04:00:00.0000000,There is not currently a PM assigned to the OpsTrakker paperless migration. Plan is in place to handle first sprint internally.,7. Processed,04d25798-3a42-ee11-bdf5-000d3a8fd327,c5b43226-8023-4165-8b39-e0a9dc464fec
b0368723-8d99-f011-b4cc-7c1e527cd923,This will enable harmonization of materials across multiple areas,"Laboratory materials are sourced through two systems with no method to identify common sourced items, which results in inefficiencies and excess spend.
This impacts Quality/RD functions, Operations, and Procurement.  It is considered a ""Day 1"" problem.",,Optimized inventory management and procurement processes enabling clear flow of information between Procurement to use in both laboratory spaces and manufacturing with updated supplier negotiations based on true MBO volumes.,Pending,Evaluation and analysis of spend/P&L by department. It was discovered that there was information missing which prevents us to leverage/negotiate with suppliers.,"There is a baseline ~$10million in spend across Quality, Supply Chain, Manufacturing Sciences, and Production.  Estimated 2% cost reduction.",,300 Shire Way; Belmont Warehouse; 400 Shire Way; 205 Alewife Brook Parkway; North Reading Warehouse,MBO - PROC - Lab Supplies Harmonization,Procurement,Simple Project,,,MBO - PROC - Lab Supplies Harmonization,Ishua Oronoz,,1,0,0,2025-11-10 05:00:00.0000000,2025-12-01 05:00:00.0000000,2025-10-15 04:00:00.0000000,2025-12-04 00:53:33.0000000,2025-12-02 05:00:00.0000000,2025-09-25 04:00:00.0000000,,22734473,2026-03-31 04:00:00.0000000,Lack of harmonization of material descriptions prevents accurate inventory and prevents volume negotiation leverage with suppliers.,7. Processed,04d25798-3a42-ee11-bdf5-000d3a8fd327,c49a9d8d-25a3-494b-a0d1-5156d41a8a36
3ee81ccb-db9e-f011-b41b-7c1e5246e632,"Looking to eliminate business risk, by having Autoclove 15 and Washer 10 replaced","Washer 10 is obselete, difficult sourcing parts and maintaining.

Autoclave 15 focused sustainability",,Looking to replace equipment. Washer 10 looking to replace from obsolete.,Pending,"Washer 10 was identified by manufacturing. Autoclave 15 was discovered by Plant Engineering,",Both Washer 10 and Autoclave are used in 300SW QC,,300 Shire Way; 400 Shire Way; North Reading Warehouse,[FY26] - 300SW - AIMP QC Autoclave and Washer Replacement,Quality,Standard Project,,,[FY26] - 300SW - AIMP QC Autoclave and Washer Replacement,Michael Allen,,1,0,0,2025-10-15 04:00:00.0000000,2025-10-20 04:00:00.0000000,2025-10-06 04:00:00.0000000,2025-10-31 19:48:04.0000000,2025-10-30 04:00:00.0000000,2025-10-02 04:00:00.0000000,,22734465,2027-03-31 04:00:00.0000000,"Aligns with FY26 end date. Reduces business risk in replacing aged, underperforming and obsolete units.",7. Processed,04d25798-3a42-ee11-bdf5-000d3a8fd327,df5ec455-709c-4745-9a0e-83ee131763b6
cbb9b5da-79ab-f011-bbd3-6045bddb6d09,,"Takeda spends approximately 1.5M USD / year on Existing ILC Dover bags for 5L, 10L and 25L BRX operations.",thomas.johnson2@takeda.com; minhazuddin.mohammed@takeda.com; patricia.fennell@takeda.com,"Transition to 5, 10, and 25kgs EziDock bags which are cheaper and easier to handle.",Pending,Linda Donnelly has been working on continuous improvements in the central ops area,"Alternative vendor bags cost ~800k less per year based on existing BRX capabilities.  As BRX volumes increase, this savings will also be increased.",,400 Shire Way,[OPEX]  - 400SW - INNOV - Weigh & Dispense Bags Improvement (ILC Dover Alternative),Operational Improvements,Standard Project,,,[OPEX]  - 400SW - INNOV - Weigh & Dispense Bags Improvement (ILC Dover Alternative),Terence Jackson,,1,0,0,2025-11-10 05:00:00.0000000,2025-11-15 05:00:00.0000000,2025-10-25 04:00:00.0000000,2025-11-21 16:30:06.0000000,2025-11-20 05:00:00.0000000,2025-10-17 16:54:14.0000000,,22734461,2026-04-15 04:00:00.0000000,Estimated turnover time,7. Processed,04d25798-3a42-ee11-bdf5-000d3a8fd327,47dfdf99-13e2-441c-8c63-abbc31aa7da0
69d16c7d-98a3-f011-bbd3-6045bddb6d09,We will be able to integrate this project with MES,NC202 uses different methods for counting cells compared to other cell counters that are use in clinical as well as commercial cell banking.  This necessitates additional studies in order to transfer programs to cell bank MFG at 200SW.,edward.castronova@takeda.com,Nova Flex 2 Commissioned and Qualified for all CB MFG,Pending,"User Feedback (2) Deviations 
1 commercial PR 4981405
1 clinical PR 5003827",Creating deviations/ creating additional cost and wait time due to additional studies,,200 Shire Way,[FY26] - 200SW - INNOV - Nova Flex 2 Cell Counter,Continuous Improvement & Innovation,Standard Project,,,[FY26] - 200SW - INNOV - Nova Flex 2 Cell Counter,Rana Awwad,,1,0,0,2025-10-25 04:00:00.0000000,2025-11-05 05:00:00.0000000,2025-10-12 04:00:00.0000000,2025-11-19 21:05:19.0000000,2025-11-18 05:00:00.0000000,2025-10-08 04:00:00.0000000,,22734457,2026-03-30 04:00:00.0000000,Alotted timeline,7. Processed,04d25798-3a42-ee11-bdf5-000d3a8fd327,9eab8780-2663-4569-adea-8286ce82ae07
09410908-179b-f011-b4cc-6045bddb6d09,"•	Instrument reliability: The current two UPLC instruments are more than ten years old, raising the risk of instrument failure and extended downtime due to aging hardware.
•	Risk if not purchased: Ongoing analytical delays may affect critical project timelines and deliverables.
•	Unsustainable current state: As project volume grows and demand for specialized methods increases, continued reliance on shared, repurposed instruments will exacerbate delays.","At present, the lab has three UPLC instruments, two of them retired from PharmSci and more than 10 years old. Two are dedicated to organic mobile phase workflows (VPRIV N-glycan development and TAK-079/TAK-743 protein carryover methods), while the third is paired with the mass spectrometer. The advanced age of these instruments increases their likelihood of failure, adding further risk of downtime and unplanned maintenance. There is no instrument available for salt-based analytical methods required for new and ongoing projects. The team has been borrowing UPLC time from PharmSci, introducing scheduling conflicts and significant delays in project execution.",,"With the dedicated Acquity UPLC, the MS Analytical Team will:
Eliminate dependency on PharmSci UPLCs for salt-based methods.
Enable parallel analysis of critical assays (e.g., titer and SEC for TAK-079, second-gen titer for TAK-743).
Increase throughput and reduce delays for all supported projects.
Maintain high-quality, reproducible analytical results and meet program timelines for tech transfer and process development.",Pending,"The constraint was identified during project planning and resource mapping for TAK-079 tech transfer. Instrument utilization reviews showed that current UPLC resources are fully allocated. Feedback from both the MS Analytical Team and PharmSci highlighted frequent scheduling conflicts and delays caused by instrument sharing, confirming that capacity is severely constrained.","Borrowing UPLC instruments leads to scheduling issues, bottlenecks, and project lag. Without timely analytical data, process development and investigation support are risking delays. Frequent reconfiguration increased risk of mistakes or instrument-related issues. The age of existing instruments increases the probability of unexpected failures, jeopardizing project timelines.",,200 Shire Way,[FY26] - 200SW - MSCI - Acquity UPLC for MS Analytical Team,Manufacturing Sciences,Simple Project,,,[FY26] - 200SW - MSCI - Acquity UPLC for MS Analytical Team,Qi Wang,,1,0,0,2025-10-10 04:00:00.0000000,2025-10-20 04:00:00.0000000,2025-10-06 04:00:00.0000000,2025-10-31 19:50:42.0000000,2025-10-30 04:00:00.0000000,2025-09-27 04:00:00.0000000,,22734453,2026-03-31 04:00:00.0000000,"The acquisition of an Acquity UPLC is urgently required by the MS Analytical Team to support increased workload from new projects, specifically, the TAK-079 tech transfer and TAK-743 process development. Currently, existing UPLC instruments in the lab are allocated to organic mobile phase applications (VPRIV N-glycan method development, TAK-079 and TAK-743 protein carryover, and mass spectrometry workflows). Without a dedicated, salt-compatible UPLC, critical analytical activities, including titer and SEC methods for TAK-079 and the second-generation titer analysis for TAK-743, cannot be performed in a timely or consistent manner. Delays in acquiring this capability will directly impact process development and investigation support, potentially endangering key project timelines.",7. Processed,04d25798-3a42-ee11-bdf5-000d3a8fd327,0f195c41-30db-4e67-a66e-432eebb93178
c9bf4c0a-b59f-f011-b41c-002248276c98,Project is likely a single line item capex purchase where FAC would manage the vendor repair/replacement through the capex budget. Quote for repair is $30k. Equipment is almost 20 years old. Replacement may be more appropriate. Actively working on getting a quote.,Equipment has an outstanding quote for 30k of vendor repairs,,Repaired or replaced crane,Pending,Vendor PMs,Crane is needed to support various maintenance activities,,North Reading Warehouse,[FY26] - 200RPD - AIMP - Electrical Hoist Repair or Replacement,Asset Investment Management Program,Standard Project,,,[FY26] - 200RPD - AIMP - Electrical Hoist Repair or Replacement,Michael Allen,,1,0,0,2025-10-15 04:00:00.0000000,2025-10-20 04:00:00.0000000,2025-10-10 04:00:00.0000000,2025-10-31 19:47:16.0000000,2025-10-30 04:00:00.0000000,2025-10-03 04:00:00.0000000,,22734441,2027-03-31 04:00:00.0000000,Aligns with end of FY 26,7. Processed,04d25798-3a42-ee11-bdf5-000d3a8fd327,df5ec455-709c-4745-9a0e-83ee131763b6
f065cc64-5cab-f011-bbd3-002248271486,,"OpU Discard Reduction SPOT Project - 1057629

From Fiscal Years 2020 to 2024, the Biologics Operating Unit has experienced an average discard rate of approximately 5% across its internal and external manufacturing network. The primary contributors to these losses are:
- Out of Specification (OOS) results
- Excess or obsolete inventory
- Short-dated or expired product
- Contamination
These discards represent significant financial losses, inefficient use of manufacturing capacity, and increased variability in supply reliability. Current discard performance varies by site, and there is limited standardization in how discard drivers are categorized, tracked, and addressed across the network.",,Discard Reductions from 5% to 2%,Pending,OpU initiative - -  Discard Reduction SPOT Project - 1057629,Reduce number of discards,,200 Shire Way; 185 Alewife Brook Parkway; Belmont Warehouse; 400 Shire Way; Lexington Campus; North Reading Warehouse,[OPEX] - MBO Discard Reductions from 5% to 2%,,Standard Project,,,[OPEX] - MBO Discard Reductions from 5% to 2%,Maggie Seibel,,1,0,0,2025-10-25 04:00:00.0000000,2025-10-30 04:00:00.0000000,2025-10-20 04:00:00.0000000,2025-11-04 21:19:53.0000000,2025-11-03 05:00:00.0000000,2025-10-17 13:23:25.0000000,,22734437,2025-10-28 04:00:00.0000000,"The Discard Reduction Initiative for FY25 and FY26 has officially begun with a successful initial workshop in MA Bio Ops, involving both OpU and the global team representatives.  Site QSIs are responsible for tracking value creation and actively participating in the implementation of the workstreams at each site. This record MUST be linked to the OpU Discard Reduction SPOT Project - 1057629.",7. Processed,04d25798-3a42-ee11-bdf5-000d3a8fd327,daf1bf4e-9ac8-4e93-b50e-54b0dc21e997
b55ed3b9-08a6-f011-bbd3-002248271486,,The AS team does not have UPLC for testing,,Have 1 UPLC installed at HPLC lab for AS use,Pending,Current state,Delay in method remediation due lack of instruments to operate,,300 Shire Way,[FY26] - 300SW - QC - UPLC for AS team,,Standard Project,,,[FY26] - 300SW - QC - UPLC for AS team,Maggie Seibel,,1,0,0,2025-10-20 04:00:00.0000000,2025-10-25 04:00:00.0000000,2025-10-15 04:00:00.0000000,2025-10-31 19:32:30.0000000,2025-10-30 04:00:00.0000000,2025-10-10 18:56:17.0000000,,22734429,2027-03-30 04:00:00.0000000,The Analitycal Science (AS) group need a dedicated UPLC for method remediation,7. Processed,04d25798-3a42-ee11-bdf5-000d3a8fd327,daf1bf4e-9ac8-4e93-b50e-54b0dc21e997
25e09ee2-07a6-f011-bbd3-002248271486,,End of life instrument,,HAve 2 instruments nstalled in the Biochemistry QPCR suite,Pending,AIMP program,QC will not have the capacity to test QPCR for Lanadelumab,,300 Shire Way,[FY26] - 300SW - QC-AIMP - 7500 Fast Real-Time PCR System Replacement,,Standard Project,,,[FY26] - 300SW - QC-AIMP - 7500 Fast Real-Time PCR System Replacement,Filipe Thomas Steger,,1,0,0,2025-10-20 04:00:00.0000000,2025-10-25 04:00:00.0000000,2025-10-15 04:00:00.0000000,2025-10-31 19:33:18.0000000,2025-10-30 04:00:00.0000000,2025-10-10 18:56:02.0000000,,22734425,2027-12-22 05:00:00.0000000,End of life instrument use for QPCR test in Biochemistry,7. Processed,04d25798-3a42-ee11-bdf5-000d3a8fd327,23ebfc42-b5d1-47ab-a9d4-116e84f2222d
02d14a80-07a6-f011-bbd3-002248271486,,End of life instrument,,Have 2 instruments installed at Biochemistry lab,Pending,AIMP program,"QC Biochemistry will not have the capacity to test protein concentration for VPRIV, Replagal and Elaprase",,300 Shire Way,[FY26] - 300SW - QC-AIMP - SoloVPE,,Standard Project,,,[FY26] - 300SW - QC-AIMP - SoloVPE,Filipe Thomas Steger,,1,0,0,2025-10-20 04:00:00.0000000,2025-10-25 04:00:00.0000000,2025-10-15 04:00:00.0000000,2025-10-31 19:33:42.0000000,2025-10-30 04:00:00.0000000,2025-10-10 18:55:56.0000000,,22734421,2027-10-29 04:00:00.0000000,End if life instrument used for protein concentration,7. Processed,04d25798-3a42-ee11-bdf5-000d3a8fd327,23ebfc42-b5d1-47ab-a9d4-116e84f2222d
213f30d9-00a6-f011-bbd3-002248271486,,QC has currenlty 2 instruments and one being installed to attend the demand of testing,,"Have 1 additional installed Maurice to execute testing and validation, on top of the current 3 instruments",Pending,"Supply Chain forecast for TAK079, Replagal and VPRIV","The volumes of TAK079 with the additional PPQ runs, plus the inclusion of methods for Replagal and VPRIV on those instruments will limit the capacity of QC to test with the current number of instruments",,300 Shire Way,[FY26] - 300SW - QC - Maurice instrument implementation,,Standard Project,,,[FY26] - 300SW - QC - Maurice instrument implementation,Filipe Thomas Steger,,1,0,0,2025-10-20 04:00:00.0000000,2025-10-25 04:00:00.0000000,2025-10-15 04:00:00.0000000,2025-10-31 19:38:35.0000000,2025-10-30 04:00:00.0000000,2025-10-10 17:50:00.0000000,,22734417,2027-01-29 05:00:00.0000000,"THere is limited capacity in QC for CE-SDS and icIEF methods. QC needs to validate and test TAK-079, Replagal, VPRIV in the next year using this instrument",7. Processed,04d25798-3a42-ee11-bdf5-000d3a8fd327,23ebfc42-b5d1-47ab-a9d4-116e84f2222d
460978c2-4ca4-f011-bbd3-002248271486,No action again could possibly effect insurance policies and/or claims carried for the N. Reading Warehouse.,"There is no fire suppression or smoke detection within the contained carousel storage unit in N. Reading.  If a fire were to start, the warehouse team would not know until smoke or fire began to show from the contained unit.",,Smoke detection would provide an early warning which would allow the fire department to address before spreading.  Fire suppression would extinguish the fire before spreading.,Pending,The is a repeat recommendation from the AXA XL Property Loss Survey.  It was recommended during the 2019 walkthrough and report out and then again for the 2025 walkthrough and report out.,"Would impact all materials contained within the carousel and if the fire were to spread from the contained unit, could effect other materials stored within the warehouse.",,North Reading Warehouse,[FY26] - 200RPD - AIMP - Fire suppression,,Standard Project,,,[FY26] - 200RPD - AIMP - Fire suppression,Terence Jackson,,1,0,0,2025-10-10 04:00:00.0000000,2025-10-15 04:00:00.0000000,2025-10-08 04:00:00.0000000,2025-10-31 19:45:04.0000000,2025-10-30 04:00:00.0000000,2025-10-07 04:00:00.0000000,,22734409,2027-04-01 04:00:00.0000000,FY26 project.  This is a repeat recommendation from AXA XL Property Loss Survey.  First recommended in 2019.  No action was taken.  Recommended again during the 2025 report out,7. Processed,04d25798-3a42-ee11-bdf5-000d3a8fd327,47dfdf99-13e2-441c-8c63-abbc31aa7da0
997d8e56-7fa3-f011-bbd3-002248271486,"none
 This was canceled based on information received from Steve Morgan","Configuration of SAIL for new equipment integrations or data transfer is executed by Global Contractors and are funded via the site.  As this is new integration point projects bringing new equipment and or changes controls that are not ""projects"" with funding do not have budget supporting this work.  This is intended as a bucket to capture this expense.",,"No questions to ""how do we fund SAIL work"". The poject can focus on the technology and adding it to the site, not where the funds will come to support the Global contractors.",Pending,"New changes and projects outside visibility to the Automation team at budgeting have been presented to the Automation team for support.  Expectation is, as the the site adopts SAIL as the primary integration layer, many more projects will need to utilize SAIL and configuration so this ensures funding for this work.",without funding the technology cannot be utilized,,200 Shire Way; 300 Shire Way; 400 Shire Way,[FY26] - MBO - AUTO - SAIL configuration allowance,,Simple Project,,,[FY26] - MBO - AUTO - SAIL configuration allowance,Lloyd Vallance,NA,1,0,0,2025-10-25 04:00:00.0000000,2025-10-30 04:00:00.0000000,2025-10-20 04:00:00.0000000,2025-11-19 20:27:59.0000000,2025-11-18 05:00:00.0000000,2025-10-08 04:00:00.0000000,,22734405,2026-04-05 04:00:00.0000000,"Configuration of SAIL for new equipment integrations or data transfer is executed by Global Contractors and are funded via the site.  As this is new integration point projects bringing new equipment and or changes controls that are not ""projects"" with funding do not have budget supporting this work.  This is intended as a bucket to capture this expense.",7. Processed,04d25798-3a42-ee11-bdf5-000d3a8fd327,7351aecd-5444-47e4-b9f9-80b777b42129
2bf94ecc-d7a2-f011-bbd3-002248271486,"This project idea was cancelled based on discussion with Mike G, Mahesh, Ronn and Misbah",Vendor has undergone structure changes and no longer offers concurrent licensing.,,Business processes to shift and adapt to acceptable cost,Pending,2023 contract negotiations,Statistica access may need to be limited based on new cost; change to business process,,200 Shire Way; 300 Shire Way; 185 Alewife Brook Parkway; 400 Shire Way; 205 Alewife Brook Parkway,[FY26] OPEX - DDT - Statistica License Model Change,,Base Business,,,[FY26] OPEX - DDT - Statistica License Model Change,Mahesh Kulkarni,,1,0,0,2025-10-10 04:00:00.0000000,2025-10-15 04:00:00.0000000,2025-10-08 04:00:00.0000000,2025-11-19 20:28:24.0000000,2025-11-15 05:00:00.0000000,2025-10-07 04:00:00.0000000,,22734397,2026-04-04 04:00:00.0000000,Vendor has changed their licensing model from concurrent to named user with an expected significant price increase.,7. Processed,04d25798-3a42-ee11-bdf5-000d3a8fd327,c5b43226-8023-4165-8b39-e0a9dc464fec
9188a5e8-189b-f011-b4cc-002248271486,This project has been sponsored and fully resourced with alignment from all department managers. A kick-off occured on 18 September and work has begun to complete the Define/Measure phases of the DMAIC framework with target completion of these phases by end of October.,"Between January and July 2025, MBO has incurred 3.66 O¥ (~2.4 $M) in discards related to Raw Materials (RMs) and Intermediates. 

These discards represent ~43% of the site's planned monthly discard budget (avg actual = 0.52 O¥ vs. planned = 1.23 O¥), indicating a significant monthly financial impact. 

As a launch center of excellence with anticipated growth in both clinical and commercial manufacturing, MBO faces increasing risk of elevated discard volumes due to rising material throughput and production schedule complexity. Without targeted intervention, this trend may compromise cost efficiency, inventory management, and operational agility.",ronn.gerra@takeda.com,"1) 15% reduction in monthly discards from RMs/Intermediates (Annual Impact = 0.94 O¥ or ~$620,000)
2) Improved process agility to mitigate future clinical volume impacts
3) Embedded root cause analysis for sustained / continuous improvement  
4) Documentation process for Plan of Record changes w/ discard impact (to understand if discards are tied to business decisions with positive net value)",Pending,"An OpU discard project was launched in Q2 of FY 2025 with a focus on 3 workstreams (OOS, Contamination & Expiry). With this focus on network discards, the OE team began looking into MBO discard performance and realized an opportunity to impact value creation. Given ongoing OOS/Contamination workstreams and other MBO site projects, it was determined that the most appropriate scope would be to focus on RM/Intermediates given a majority of these discards are caused by reasons outside of OOS/Contamination.",0.52 OY in avg discard losses per month from RMs/Intermediates.,,200 Shire Way; Belmont Warehouse; 400 Shire Way; 205 Alewife Brook Parkway; North Reading Warehouse,[OPEX] - AGILE - MBO Discard Reduction Green Belt,,Standard Project,,,[OPEX] - AGILE - MBO Discard Reduction Green Belt,Terence Jackson,,1,0,0,2025-10-20 04:00:00.0000000,2025-10-30 04:00:00.0000000,2025-10-10 04:00:00.0000000,2025-11-04 21:16:56.0000000,2025-11-03 05:00:00.0000000,2025-09-27 04:00:00.0000000,,22734393,2026-03-31 04:00:00.0000000,"Targeting closure of this GB in FY 2025 to achieve savings for RM/Intermediate discards prior to FY 2026. Ideally, this project would close as soon as reasonably possible to achieve value capture within FY 2025, but will need to follow the Six Sigma GB process which normally accounts for 6-9 months.",7. Processed,04d25798-3a42-ee11-bdf5-000d3a8fd327,47dfdf99-13e2-441c-8c63-abbc31aa7da0
8f7a651f-6da0-f011-b41c-002248271486,"If no action is taken, the MBO site will remain dependent on outsourced mycoplasma testing, leading to prolonged turnaround times of several weeks that delay manufacturing investigations.","The current state relies on outsourcing mycoplasma testing, which introduces delays of several weeks, impacting timely investigational support. This approach presents an indirect impact on manufacturing operations, as delayed results can prolong investigations and pose financial and operational risks.",qi.wang1@takeda.com,"Implementing the Biofire Mycoplasma instrument will enable faster investigational testing, providing preliminary results within hours, reducing delays, and improving manufacturing agility.",Pending,"The issue was identified through internal assessments and discussions tied to manufacturing investigations, where the need for faster, preliminary data to inform decisions became evident. This gap in rapid testing capabilities has highlighted the necessity for an in-house solution to improve agility and reduce the financial burden during investigations.","Currently, the reliance on outsourced testing creates extended delays that hinder timely decision-making, resulting in operational inefficiencies, prolonged downtime, and financial risks. This is especially crucial as demand for manufacturing capacity continues to grow in alignment with the long-term volume forecasts and upcoming product launches.",,200 Shire Way,[FY26] 200SW - MSCI - Biofire Mycoplasma System,,Standard Project,,,[FY26] 200SW - MSCI - Biofire Mycoplasma System,Qi Wang,,1,0,0,2025-10-14 04:00:00.0000000,2025-10-20 04:00:00.0000000,2025-10-05 04:00:00.0000000,2025-10-31 19:46:59.0000000,2025-10-30 04:00:00.0000000,2025-10-04 04:00:00.0000000,,22734389,2026-04-01 04:00:00.0000000,Implementing the Biofire Mycoplasma instrument is critical at this time to address increasing operational demands and to support more efficient manufacturing investigations.,7. Processed,04d25798-3a42-ee11-bdf5-000d3a8fd327,0f195c41-30db-4e67-a66e-432eebb93178
b68e30a9-db9e-f011-b41c-002248271486,"Thermofisher recommend X4 pro (catalogue number 75009506) which cost around 15,000 USD","There are four Benchtop centrifuges Thermofisher model number 75004506 in MABioOps, 3 in building
400 and 1 in cellbank building 200. Thermofisher notified Takeda that model 75004506 will be obsolete in
2026. Thermofisher recommends X4 Pro as a like in kind replacement.
Asset under scope: 118013, 118005, 118020, 112785",,Replace equipment to support manufacturing process eliminating known obsolescence risk,Pending,Manufacturer notification on obsolescence,Benchtop centrifuges are integral part of upstream process,,200 Shire Way; 400 Shire Way,[FY26] - 400SW & 200SW  - AIMP - Benchtop Centrifuge Replacement,Asset Investment Management Program,Standard Project,,,[FY26] - 400SW & 200SW  - AIMP - Benchtop Centrifuge Replacement,Michael Allen,,1,0,0,2025-10-14 04:00:00.0000000,2025-10-20 04:00:00.0000000,2025-10-10 04:00:00.0000000,2025-10-31 19:48:42.0000000,2025-10-30 04:00:00.0000000,2025-10-02 04:00:00.0000000,,22734385,2026-12-31 05:00:00.0000000,"Per manufacturer, Centrifuges will be obsolete in 2026.",7. Processed,04d25798-3a42-ee11-bdf5-000d3a8fd327,df5ec455-709c-4745-9a0e-83ee131763b6
89cbe10c-619d-f011-b41b-000d3a984383,"The purchase and deployment of the EilerCal system is a key enabler for the 4th BRX project, ensuring value capture through reliable weight control and sustainable calibration practices. Additionally, it expands the calibrated range of the new 200L totes for the 3rd BRX, ensuring they meet all manufacturing requirements and reducing the risk of delays or redesigns.

This project directly supports site sustainability initiatives by eliminating water-intensive and single-use calibration materials. It also strengthens inspection readiness by providing a robust, traceable, and compliant calibration method. Early implementation will reduce lifecycle costs, enhance measurement reliability, and align with both operational excellence and environmental stewardship goals.","The current load cell calibration process requires regular recalibration supported by water-filled calibration bags. This results in extended equipment downtime, significant water usage, and recurring costs associated with single-use calibration bags. In addition, the existing load cell design presents several technical limitations: high sensitivity to moisture and chemical exposure, low overload tolerance, and non-serviceable cable assemblies that require full replacement if damaged. These factors collectively reduce reliability, increase waste, and add operational complexity.",bobby.taylor1@takeda.com,"The new totes for the 3rd BRX, and the 4th BRX along with the associated bag stations, will be equipped with Eilerson digital capacitive load cells. These load cells will be supported by the EilerCal hydraulic calibration system, which fully eliminates the need for bags, water, or physical weights during calibration. This configuration will deliver:

Greater measurement robustness and reliability in manufacturing operations

Reduced downtime through simplified calibration cycles

Improved sustainability by eliminating single-use calibration bags and water consumption

Extended load cell lifespan through more durable design features",Pending,"Routine review of Out-of-Tolerance (OOT) events and associated investigations identified repeat calibration failures and concerns with the robustness of current load cell technology. Metrology reviews highlighted recurring discrepancies in weight measurement performance, while sustainability assessments flagged both the single-use calibration bags and the high water consumption as areas of significant value capture. Cross-functional teams noted frequent production downtime linked to calibration cycles, driving a deeper evaluation of the calibration method and load cell design.","Operational inefficiency: Increased equipment downtime during calibration events

Cost burden: Ongoing purchase of single-use bags, water, and premature load cell replacements

Metrology concerns: Reduced robustness and reliability in weight measurement leading to OOT investigations

Sustainability gap: Excessive water consumption and disposable materials in direct conflict with site sustainability initiatives

Risk exposure: Higher likelihood of process disruption due to load cell sensitivity and design limitations",,400 Shire Way,[FY26] - 400SW - INNOV - EilerCal Digital Load Cell Calibration system,,Standard Project,,,[FY26] - 400SW - INNOV - EilerCal Digital Load Cell Calibration system,Chad Gerald,,1,0,0,2025-10-15 04:00:00.0000000,2025-10-20 04:00:00.0000000,2025-10-08 04:00:00.0000000,2025-10-31 19:49:39.0000000,2025-10-30 04:00:00.0000000,2025-09-30 04:00:00.0000000,,22734381,2025-12-15 05:00:00.0000000,Tote additions for 3rd BRX,7. Processed,04d25798-3a42-ee11-bdf5-000d3a8fd327,2524c286-4e46-4f29-9508-4050fad55dc3
7f5920ca-609d-f011-b41b-000d3a984383,"As of 21AUG25, there is ~$19 million of repAF UPB and ~$6 million of VPRIV UPB currently stored in 400SW -50C chambers that is at risk due to lack of redundancy.","The -50C freezer chambers currently do not have any redundancy.  This means whenever there is an issue with the equipment, any/all product (UPB) needs to be moved out of one chamber and into the other.  If there are issues with both chambers, any/all product (UPB) needs to be moved via validate truck up to North Reading for storage.",ryan.davis@takeda.com,"Aligning 400SW -50C chambers with N. Reading -50C chambers, which have redundancy.  There are 2 cooling systems in each chamber that switch operations every 3 1/2 days.  When a system goes down, the other system automatically engages and there is no requirement to move product as the other system will keep the room at temperature while the malfunctioning unit is being repaired.",Pending,"Most recent example is 30JUN25 in which RM 6920-01 lost temperature overnight.  219 UPB bags needed to be moved from 6920-01 to 6920-02 during off hours.  The issue was thought to have been resolved and the bags were moved back into 6920-01.  On 04JUL25, 6920-01 crashed again and the 219 bags needed to be moved a second time to 6920-02.",Putting product (UPB) at risk of damage/discard due to excessive physical movements.  Putting employees at risk of injury due to excessive physical movements.,,400 Shire Way,[FY26] 400SW - WOF- -50C Capacity Increase via Mechanical Redundancy in -50C chambers,,Standard Project,,,[FY26] 400SW - WOF- -50C Capacity Increase via Mechanical Redundancy in -50C chambers,Terence Jackson,,1,0,0,2025-10-15 04:00:00.0000000,2025-10-20 04:00:00.0000000,2025-10-08 04:00:00.0000000,2025-10-31 19:49:58.0000000,2025-10-30 04:00:00.0000000,2025-09-30 04:00:00.0000000,,22734377,2027-10-14 04:00:00.0000000,We would like to have redundancy completed in both -50C chambers during the scheduled FY27 shutdown at 400SW,7. Processed,04d25798-3a42-ee11-bdf5-000d3a8fd327,47dfdf99-13e2-441c-8c63-abbc31aa7da0
c147ec4a-98a3-f011-bbd2-7c1e527d2157,"If no action is taken, the MBO site will remain dependent on outsourced mycoplasma testing, leading to prolonged turnaround times of several weeks that delay manufacturing investigations.","The current state relies on outsourcing mycoplasma testing, which introduces delays of several weeks, impacting timely investigational support. This approach presents an indirect impact on manufacturing operations, as delayed results can prolong investigations and pose financial and operational risks.",qi.wang1@takeda.com,"Implementing the Biofire Mycoplasma instrument will enable faster investigational testing, providing preliminary results within hours, reducing delays, and improving manufacturing agility.",Cancelled,"The issue was identified through internal assessments and discussions tied to manufacturing investigations, where the need for faster, preliminary data to inform decisions became evident. This gap in rapid testing capabilities has highlighted the necessity for an in-house solution to improve agility and reduce the financial burden during investigations.","Currently, the reliance on outsourced testing creates extended delays that hinder timely decision-making, resulting in operational inefficiencies, prolonged downtime, and financial risks. This is especially crucial as demand for manufacturing capacity continues to grow in alignment with the long-term volume forecasts and upcoming product launches.",,200 Shire Way,200SW - MSCI - Biofire Mycoplasma System,,,,,200SW - MSCI - Biofire Mycoplasma System,Qi Wang,,1,0,0,2025-11-20 05:00:00.0000000,,2025-10-20 04:00:00.0000000,,,2025-10-08 04:00:00.0000000,,22734367,2026-01-01 05:00:00.0000000,Implementing the Biofire Mycoplasma instrument is critical at this time to address increasing operational demands and to support more efficient manufacturing investigations.,3. DQ Check,04d25798-3a42-ee11-bdf5-000d3a8fd327,0f195c41-30db-4e67-a66e-432eebb93178
3244be55-65b6-f011-bbd3-7c1e527d2157,1 of 4 TIP workstreams connected to contamination free environment,Contamination negatively impacting MPS,,Contamination free environment and reduced EUME,Pending,"5-Day Contamination workshop (Sept 22-26, 2025) identified the spool piece as a possible contamination point.",Potential impat to staff levels required to improve cadence and competency of cleaning,,200 Shire Way; 400 Shire Way; 205 Alewife Brook Parkway; North Reading Warehouse,[OPEX] - 400SW - AGILE - Cleaning TIP (Contamination Free Program),AGILE-Operational Excellence,Simple Project,,,[OPEX] - 400SW - AGILE - Cleaning TIP (Contamination Free Program),Maggie Seibel,,1,0,0,2025-11-02 04:00:00.0000000,2025-11-03 05:00:00.0000000,2025-11-01 04:00:00.0000000,2025-11-06 15:20:07.0000000,2025-11-05 05:00:00.0000000,2025-10-31 14:26:59.0000000,,22734350,2026-04-20 04:00:00.0000000,Provide time to analyze data after inital changes are implemented.,7. Processed,04d25798-3a42-ee11-bdf5-000d3a8fd327,daf1bf4e-9ac8-4e93-b50e-54b0dc21e997
6ae769d3-7bc1-f011-bbd3-7c1e527d2157,MRP26 - Create a SPOT record and resource plan,There is currently no formalized methodology for SWP embedded in the business process.,marie.heney@takeda.com,"Strategic Workforce Planning (SWP) is like looking ahead to make sure we have the right people, with the right skills, in the right roles—not just for today, but for the future. It’s a bit like planning your team for a big game next season: you think about what kind of players you’ll need, who’s already on your team, and what gaps you’ll need to fill.",Pending,Identified as a critical need for meeting strategic goals through observation. Validated through stakeholder engagement.,Risks:Inability to support initiatives like Factories of the Future; delays in digital transformation; talent development; jeopardize position as launch center of excellence.,,200 Shire Way; 300 Shire Way; 185 Alewife Brook Parkway; Belmont Warehouse; 400 Shire Way; 205 Alewife Brook Parkway; North Reading Warehouse,MBO - Strategic Workforce Planning Launch,DEI Council,Standard Project,,,MBO - Strategic Workforce Planning Launch,Jill Johnson,,1,0,0,2025-11-20 05:00:00.0000000,2025-11-25 05:00:00.0000000,2025-11-16 05:00:00.0000000,2025-12-03 16:58:30.0000000,2025-12-02 05:00:00.0000000,2025-11-14 17:03:59.0000000,,22734330,2026-06-30 04:00:00.0000000,Informs our FY26 MRP planning and Talent Strategy,7. Processed,04d25798-3a42-ee11-bdf5-000d3a8fd327,997237b5-7a2f-4491-8074-b7800e6a39cc
0796b478-98c1-f011-bbd3-002248271486,This is a line item capex purchase - simple project.,"On 01APR2025, 400-CDI-7101-61, 400-CDI-7101-62, and 400-CDI-7101-63 all demonstrated high conductivity readings. The CDIs use resin to filter (.75, 2.3, and 1.8 respectively). The acceptable limit for conductivity after the CDIs is 1.3µS. Given the age of the CDIs and the fact that 2 of the 3 failed the conductivity reading, the decision was made to replace all 3.",sarahrose.gabor@takeda.com,Install new CDIs.,Pending,"The problem was discovered by facilities when a high conductivity alarm was received. Once the alarm was received, manual readings at each CDI were taken.","High conductivity readings coming out of the CDIs can prevent forward processing of water to the purified water tank. Water would be recirculated back to the break tank where the water goes through the carbon filters, UV Sterilizer, RO membranes, CDIs, and final filter.",,400 Shire Way,400SW - AIMP - Capacitive Deionization (CDI) Replacement,Asset Investment Management Program,Simple Project,,,400SW - AIMP - Capacitive Deionization (CDI) Replacement,Michael Allen,,1,0,0,2025-11-15 05:00:00.0000000,2025-11-15 05:00:00.0000000,2025-11-14 05:00:00.0000000,2025-11-17 14:54:32.0000000,2025-11-16 05:00:00.0000000,2025-11-14 20:28:41.0000000,,22734326,2026-01-31 05:00:00.0000000,long lead time part. CDIs are critical for RO function,7. Processed,04d25798-3a42-ee11-bdf5-000d3a8fd327,df5ec455-709c-4745-9a0e-83ee131763b6
aaee2b71-c9c4-f011-bbd3-7c1e527cd923,"Additional evaluation will be required through a confirmation study, filter scale-up study, and manufacturing verification to envision a proposed future state that will be cost-effective and lower cost compared to current state.","Manufacturing-scale yields at the unpurified bulk (UPB) post-thaw depth filtration operation for RepAF DS production, as evaluated by RepAF titer, are less than 85%.",sonali.bahl@takeda.com,"The goal is to reduce the yield loss over the depth filter, which will ultimately increase the DS grams produced per batch. We are targeting a 90% yield over the depth filtration operation from the current 85%.",Pending,Previous efforts to identify root causes for RepAF low yield identified UPB depth filtration through CUNO filter as a potential root cause for product loss. Preliminary lab-scale studies of a non-charged filter in the MS lab identified a potential reduction in RepAF loss relative to the CUNO filter.,There may be updates to the filtration set-up. There is a possible reduction on the number of filters used to process the product.,,400 Shire Way,400SW - MSCI - RepAF Post-UPB Thaw Depth Filter Implementation,Manufacturing Sciences,Standard Project,,,400SW - MSCI - RepAF Post-UPB Thaw Depth Filter Implementation,Piyush Jain,,1,0,0,2025-12-01 05:00:00.0000000,2025-12-02 05:00:00.0000000,2025-11-20 05:00:00.0000000,2025-12-04 00:49:37.0000000,2025-12-03 05:00:00.0000000,2025-11-18 21:57:02.0000000,,22732621,2027-03-31 04:00:00.0000000,"The project presents a yield improvement/value creation opportunity at the unpurified bulk (UPB) post-thaw depth filtration operation for Replagal (RepAF) drug substance (DS) production, based on MRP26.",7. Processed,04d25798-3a42-ee11-bdf5-000d3a8fd327,370cdb98-a1a4-4f89-ba74-34937d0c9be4
081676d6-c2ce-f011-bbd3-7c1e527d2157,,Both exhaust fans are extremely loud.  After vendor evaulaiton the fans have been deemed unrepairable and need immediate replacment,,New fans have upgraded materials that should prevent future failures down the road,Pending,Building rounds,By not replacing these fans the buildng is at risk not having heat or hot water,,300 Shire Way,300SW - AIMP - PK boiler exhaust fan replacement,Asset Investment Management Program,Simple Project,,,300SW - AIMP - PK boiler exhaust fan replacement,Corey Barr,,1,0,0,2025-12-10 05:00:00.0000000,2025-12-14 05:00:00.0000000,2025-12-05 05:00:00.0000000,2025-12-18 17:04:12.0000000,2025-12-16 05:00:00.0000000,2025-12-01 14:36:01.0000000,,22732617,2025-12-01 05:00:00.0000000,Boler exhaust fans are extremley loud and on the verge of filure.  Fans should be replaced to prevent from losing heat of hot water in the building,7. Processed,04d25798-3a42-ee11-bdf5-000d3a8fd327,4389255c-3a89-441a-b80a-2b349ba7fd37
56f6109b-adcf-f011-bbd3-002248276c98,"The 2.6e5 set point was determined based on the observed offset between target and actual seeding densities in pre-change lots. The MS Lab initially evaluated a seeding density of 3.0e5 in the data package supporting the change, but during risk assessment, the set point was reduced to 2.6e5 to account for this known offset. After implementation, MFG shortened the interval between N-1 cell counting and 2K inoculation, and as a result, post-change lots are not achieving the same offset.","The changes introduced in PR 4800251 did not fully deliver the targeted 10% increase in final DS yield. Currently, the improvement stands at 5%, leaving an additional 5% needed to reach the goal.",austin.souders@takeda.com,An addtional 5% increase in final DS yield when extending the timing of inoculation.,Pending,"Analysis of lots produced after the change showed only a 5% increase in DS yield compared to pre-change lots. Further investigation revealed that the seeding density for post-change lots was close to the set point of 2.6e5, rather than the expected higher offset.",Extension of timing between N-1 final cell count and inoculation of 2k bioreactor.,,400 Shire Way,400SW - MSCI - 2K Inoculation Timing Impact on Lana Seeding Density,Manufacturing Sciences,Standard Project,,,400SW - MSCI - 2K Inoculation Timing Impact on Lana Seeding Density,Gisela Chiang,,1,0,0,2025-12-02 05:00:00.0000000,2025-12-02 05:00:00.0000000,2000-12-25 05:00:00.0000000,2025-12-04 00:40:19.0000000,2025-12-02 05:00:00.0000000,2025-12-02 18:35:33.0000000,,22732613,2027-03-31 04:00:00.0000000,Value creation opportunity for MRP FY27,7. Processed,04d25798-3a42-ee11-bdf5-000d3a8fd327,5f70a104-c533-48ff-bb01-3069023e18c9
f7e01180-f6d5-f011-8543-7ced8d180b64,"Project Sponsors include Mahesh Kulkarni, Lloyd Vallance, Johnathan Anthonizio. Primary Functions: DD&T, Engineering (Automation, Process Eng), CIM (critical infrastructure management), Quality Lab IT, EUS/WTS (end user services, workforce technology solutions)","The current state of OT cybersecurity vulnerability management at MA Bio Ops is fragmented and high-risk. There is no standardized global patching process, asset visibility is incomplete, and legacy systems lack basic security controls. Resource constraints and complex dependencies slow remediation, while compliance efforts focus on detection rather than resilience. These gaps leave critical manufacturing operations exposed to escalating threats like ransomware, creating operational, regulatory, and safety risks that could result in costly downtime and reputational damage.",misbah.anwar@takeda.com,"The desired future state is a fully standardized and automated OT vulnerability management program across MA Bio Ops. All assets are accurately inventoried, continuously monitored, and prioritized for remediation using risk-based frameworks. Patching processes are globally aligned, supported by dedicated resources, and integrated with change management to minimize downtime. Advanced tools enable safe vulnerability scanning in OT environments, while resilience measures—such as tested backups and recovery plans—ensure rapid restoration after incidents. This state reduces cyber risk, strengthens compliance, and safeguards operational continuity and patient safety.",Pending,Roadmap (Strategic Initiative),"The lack of standardized processes and incomplete asset visibility is causing significant operational and security risks. Vulnerabilities remain unpatched for extended periods, increasing exposure to ransomware and other attacks. This leads to potential production downtime, compliance gaps, and costly remediation efforts. Additionally, resource constraints and inconsistent practices create inefficiencies, while the absence of resilience planning heightens the risk of prolonged recovery times after incidents, impacting both financial performance and patient safety.",,200 Shire Way; 300 Shire Way; 185 Alewife Brook Parkway; Belmont Warehouse; 400 Shire Way; 125 Spring Street; 205 Alewife Brook Parkway; Lexington Campus; 500 Shire Way; North Reading Warehouse,MBO - DD&T - OT Cybersecurity Remediation Program (Tier 5),Site Digital Maturity,Simple Project,,,MBO - DD&T - OT Cybersecurity Remediation Program (Tier 5),Mahesh Kulkarni,,1,0,0,2025-12-14 05:00:00.0000000,2025-12-15 05:00:00.0000000,2025-12-12 05:00:00.0000000,2025-12-18 20:35:47.0000000,2025-12-17 05:00:00.0000000,2025-12-10 20:16:46.0000000,,22732609,2025-12-15 05:00:00.0000000,"Takeda has some foundational elements of OT cybersecurity in place and should see significant risk reduction by using that technology more effectively, adopting a more holistically-integrated approach to cybersecurity of OT as well as further aligning requirements to general OT cybersecurity best practices. A recent security assessment revealed numerous vulnerabilities. These weaknesses expose the organization to cyber threats that could disrupt manufacturing operations, compromise product integrity, and allow unauthorized access to sensitive infromation.",7. Processed,04d25798-3a42-ee11-bdf5-000d3a8fd327,c5b43226-8023-4165-8b39-e0a9dc464fec
c2297e69-6fd7-f011-8544-002248271486,,"• The Wave25 Bioreactors in Inoculum Prep have internal Windows 7 software and hardware. The Waves have additional software, EIP, that enables DeltaV process control and monitoring.  
	• Wave25 bioreactors: WBRX 2141-2146 & WBRX 2151-2156
	• New EIP involves updating landing modules and I/O in DeltaV for like for like newer versions. 
WBRX 2155 experienced a Windows 7 hard drive failure and is currently inoperable.",,"• The Wave25 Bioreactors in Inoculum Prep are upgraded to Windows 11 software and hardware. The EIP software is updated to the current version so that DeltaV can continue process monitoring and control.
 WBRX 2155 is fully operable.",Pending,Vendor notification,Reduced availability of Wave 25s for Cell Culture Expansion operations,,400 Shire Way,400SW - AIMP - Software Upgrade for Wave 25s,,Simple Project,,,400SW - AIMP - Software Upgrade for Wave 25s,Nathan Spillane,,1,0,0,2025-12-14 05:00:00.0000000,2025-12-15 05:00:00.0000000,2025-12-13 05:00:00.0000000,2025-12-18 21:31:41.0000000,2025-12-16 05:00:00.0000000,2025-12-12 15:30:20.0000000,,22732605,2026-02-27 05:00:00.0000000,One wave 25 is down for repair and requires software upgrade to return to service,7. Processed,04d25798-3a42-ee11-bdf5-000d3a8fd327,95f71023-bb3c-4d7b-bc0d-b9871c3cd68b
31406ae1-5ddb-f011-8544-7c1e527d2157,,Current centrifuge bowls have sharp edges,,Replace centrifuge bowls,Pending,Audit finding,"No impact to operations; however, prompt response to the FDA is required.",,400 Shire Way,400SW - AIMP - Single Line - Purchase of 6X centriuge bowls,Asset Investment Management Program,Simple Project,,,400SW - AIMP - Single Line - Purchase of 6X centriuge bowls,Michael Allen,,1,0,0,2025-12-17 05:00:00.0000000,2025-12-17 05:00:00.0000000,2025-12-17 05:00:00.0000000,2025-12-17 17:08:57.0000000,2025-12-17 05:00:00.0000000,2025-12-17 15:34:47.0000000,,22732589,2026-01-08 05:00:00.0000000,Audit response requires fast turn around,7. Processed,04d25798-3a42-ee11-bdf5-000d3a8fd327,df5ec455-709c-4745-9a0e-83ee131763b6
5c6bbe60-daa2-f011-bbd3-7c1e527cd923,"This project idea was cancelled based on discussion with Mike G, Mahesh, Ronn and Misbah",No baseline available as per the digital plant maturity model.,,Establish a baseline for the site digital maturity per the Digital Plant Maturity model.,Cancelled,DD&T Strategy formulation,None.,,200 Shire Way; 300 Shire Way; 185 Alewife Brook Parkway; 400 Shire Way; 205 Alewife Brook Parkway,[FY26] OPEX - DDT - Site Maturity Assessment,Site Digital Maturity,Base Business,,,[FY26] OPEX - DDT - Site Maturity Assessment,Mahesh Kulkarni,,1,0,0,,,2025-10-08 04:00:00.0000000,2025-11-19 20:28:18.0000000,,2025-10-07 04:00:00.0000000,,22045470,2026-04-04 04:00:00.0000000,Establish a baseline for the site digital maturity per the Digital Plant Maturity model.,6. Project Creation,04d25798-3a42-ee11-bdf5-000d3a8fd327,c5b43226-8023-4165-8b39-e0a9dc464fec
ee397165-74c0-f011-bbd2-6045bdd7e0eb,N/A,"The project replaces TrackWise (TW) – currently used QMS platform in GQ/GMS. TW will be out of support / at the end-of-life cycle by end FY2026 and needs to be replaced by a modern, fully digital QMS application which covers the future needs and automation / AI capability of a digital Life Cycle Management System.",,"The main objective is the achievement of a more robust and digital e2e lifecycle management, to increase value added activities and improve the connectivity of core business systems. 
- The result will be real time data availability to continuously improve business processes and enable One DAY Batch Release and e2e product life cycle management. 
- The project results in value creation across Research & Development – Clinical – Tech. Transfer – Manufacturing – Regulatory - Safety – Quality – Commercial and Supply chain. 
- The project replaces TrackWise (TW) – currently used QMS platform in GQ/GMS. TW will be out of support / at the end-of-life cycle by end FY2026 and needs to be replaced by a modern, fully digital QMS application which covers the future needs and automation / AI capability of a digital Life Cycle Management System.",Cancelled,This is a Global Quality and DD&T Tier 5 Initiative,The implementaiton of this system will not no impact on plant operations and does not required any production down time to implement.,,200 Shire Way; 300 Shire Way; 185 Alewife Brook Parkway; Belmont Warehouse; 400 Shire Way; 205 Alewife Brook Parkway,MA Bio Ops Veeva QMS Integration,,,,,MA Bio Ops Veeva QMS Integration,Maggie Seibel,,1,0,4,,,,,,2025-11-13 09:38:33.0000000,,21944937,2027-03-31 04:00:00.0000000,This timeline is required to support global Veeve QMS integration and to achieve Site COP Optimization goals,1. Draft,04d25798-3a42-ee11-bdf5-000d3a8fd327,daf1bf4e-9ac8-4e93-b50e-54b0dc21e997
40e1e82e-07a6-f011-bbd3-7c1e527cd923,,End of life instrument not suypported by vendor,,Have 1 microscope installed at Cell Bio,Cancelled,AIMP program,"Reduced capacity to investigate cell growth and cell conditions, leading to delays in authorization",,300 Shire Way,[FY26] - 300SW - QC-AIMP - Microscope Replacement,,Standard Project,,,[FY26] - 300SW - QC-AIMP - Microscope Replacement,Filipe Thomas Steger,,1,0,0,,,,,2025-10-31 19:15:08.0000000,2025-10-10 18:55:49.0000000,,21618557,2027-07-30 04:00:00.0000000,QC Cell Bio need a microscope to analyze the condition of the cells and current instrument is at end of life,6. Project Creation,04d25798-3a42-ee11-bdf5-000d3a8fd327,23ebfc42-b5d1-47ab-a9d4-116e84f2222d
c0000182-0000-4000-8000-000000000000,,Testing location chip submission end to end.,,,Pending,,,,400 Shire Way; 205 Alewife Brook Parkway,Chip Test Request,,,,,Chip Test Request,,,,,,,,,,,,,,,,Draft,,
c0000900-0000-4000-8000-000000000000,Demo item for reviewing the sponsor prioritization workflow.,Reduce temperature excursion risk across the distribution network.,,,Pending,,,,,SAMPLE - Stabilize cold-chain monitoring,,,,,SAMPLE - Stabilize cold-chain monitoring,Ronn Gerra,,,,,,,,,,,,,,,Prioritization,,
c0000901-0000-4000-8000-000000000000,Demo item for reviewing the sponsor prioritization workflow.,Automate repeatable validation evidence to shorten release cycles.,,,Pending,,,,,SAMPLE - Expand validation automation,,,,,SAMPLE - Expand validation automation,Ronn Gerra,,,,,,,,,,,,,,,Prioritization,,
c0000902-0000-4000-8000-000000000000,Demo item for reviewing the sponsor prioritization workflow.,Improve quality review flow without increasing compliance risk.,,,Pending,,,,,SAMPLE - Reduce batch release cycle time,,,,,SAMPLE - Reduce batch release cycle time,Ronn Gerra,,,,,,,,,,,,,,,Prioritization,,
